1.012040000000000051e+00,9.487999999999999767e-01,9.840799999999999548e-01,9.996800000000000130e-01,1.008040000000000047e+00,1.006559999999999899e+00,9.855199999999999516e-01,9.657200000000000228e-01,9.547999999999999821e-01,9.854000000000000536e-01,9.644800000000000040e-01,9.667600000000000637e-01,9.860400000000000276e-01,1.008879999999999999e+00,1.016480000000000050e+00,1.014240000000000030e+00,1.016611517636709650e+00,9.505218950928422394e-01,9.825964706469357823e-01,9.928775142231387463e-01,9.902400000000000091e-01,9.819200000000000150e-01,9.737999999999999989e-01,9.654170156669599212e-01,9.523942650874525073e-01,1.005279999999999951e+00,1.007319999999999993e+00,9.977599999999999802e-01,9.740000000000000879e-01,9.623200000000000642e-01,9.697600000000000664e-01,9.824400000000000910e-01
1.032920000000000060e+00,8.854400000000000048e-01,9.658799999999999608e-01,9.989200000000000301e-01,1.018199999999999994e+00,1.015359999999999818e+00,9.641999999999999460e-01,9.231200000000000516e-01,9.071599999999999664e-01,9.717200000000000282e-01,9.243600000000000705e-01,9.305200000000001248e-01,9.692800000000000304e-01,1.015479999999999938e+00,1.032920000000000060e+00,1.028720000000000079e+00,1.032489952227581664e+00,8.911922654635093810e-01,9.604117920574527512e-01,9.835090547926282900e-01,9.744000000000000439e-01,9.584799999999999986e-01,9.386400000000000299e-01,9.240429691441134352e-01,8.997630606459112723e-01,1.010880000000000001e+00,1.016880000000000006e+00,9.953600000000000225e-01,9.458800000000000541e-01,9.222400000000000597e-01,9.376400000000000290e-01,9.642400000000000970e-01
1.063160000000000105e+00,8.167999999999999705e-01,9.425999999999999934e-01,9.960800000000000765e-01,1.033800000000000052e+00,1.020279999999999854e+00,9.363599999999999701e-01,8.714000000000000634e-01,8.487199999999999189e-01,9.598400000000000265e-01,8.841200000000000170e-01,8.908400000000000762e-01,9.492800000000000127e-01,1.019159999999999844e+00,1.052120000000000166e+00,1.040200000000000014e+00,1.044417421039810279e+00,8.254891326719205891e-01,9.340646108475076925e-01,9.689571918288454322e-01,9.546800000000000841e-01,9.304000000000000048e-01,8.961600000000000676e-01,8.776478887829043396e-01,8.385612569570509711e-01,1.018440000000000012e+00,1.025919999999999943e+00,9.944800000000000306e-01,9.174000000000001043e-01,8.812000000000000943e-01,9.076400000000000023e-01,9.497600000000001597e-01
1.102760000000000185e+00,7.429999999999999938e-01,9.140800000000000036e-01,9.975600000000001133e-01,1.052920000000000078e+00,1.024239999999999817e+00,9.043599999999999417e-01,8.127200000000001090e-01,7.874399999999999178e-01,9.610400000000000054e-01,8.442000000000000615e-01,8.494400000000000839e-01,9.277199999999999891e-01,1.024999999999999911e+00,1.071080000000000254e+00,1.052839999999999998e+00,1.053009485452454319e+00,7.588511215771034379e-01,8.986755355822217961e-01,9.439822347283577386e-01,9.259200000000000763e-01,8.919599999999999751e-01,8.472000000000000641e-01,8.218619526359998151e-01,7.731108743651962101e-01,1.019600000000000062e+00,1.043919999999999959e+00,9.941600000000000437e-01,8.906400000000000983e-01,8.425200000000000466e-01,8.839599999999999680e-01,9.462000000000001521e-01
1.154920000000000169e+00,6.684799999999999631e-01,8.851999999999999869e-01,1.005240000000000133e+00,1.072040000000000104e+00,1.022879999999999789e+00,8.699199999999999156e-01,7.524400000000001087e-01,7.273999999999999355e-01,9.732800000000000340e-01,8.076400000000000245e-01,8.066400000000001347e-01,9.078399999999999803e-01,1.033639999999999892e+00,1.087480000000000224e+00,1.065239999999999965e+00,1.056605437249550361e+00,6.869556478485020490e-01,8.578665901697390961e-01,9.065605447497765423e-01,8.900000000000001243e-01,8.475599999999999801e-01,7.917200000000000903e-01,7.625388856559895956e-01,7.004800650731584089e-01,1.018800000000000150e+00,1.063039999999999985e+00,9.989999999999999991e-01,8.680400000000001448e-01,8.105200000000000182e-01,8.673999999999999488e-01,9.531200000000001893e-01
1.218400000000000150e+00,5.922399999999999887e-01,8.537599999999999634e-01,1.016160000000000174e+00,1.089480000000000004e+00,1.010599999999999721e+00,8.213999999999999080e-01,6.883200000000001539e-01,6.655199999999998894e-01,9.970800000000000773e-01,7.759200000000000541e-01,7.620000000000001217e-01,8.868000000000000327e-01,1.041239999999999943e+00,1.105400000000000160e+00,1.070160000000000000e+00,1.055265813535837038e+00,6.204982259240650055e-01,8.115425133960885162e-01,8.657263185006461859e-01,8.500400000000001288e-01,7.981199999999999406e-01,7.327200000000000379e-01,6.967034181244303737e-01,6.279316726666082094e-01,1.020720000000000072e+00,1.089960000000000040e+00,1.008639999999999981e+00,8.500000000000000888e-01,7.809200000000000585e-01,8.555599999999999872e-01,9.709600000000001563e-01
1.286920000000000064e+00,5.219199999999999395e-01,8.300400000000000000e-01,1.034400000000000208e+00,1.101679999999999993e+00,9.915599999999997749e-01,7.745999999999999552e-01,6.241600000000001591e-01,6.123199999999998644e-01,1.027360000000000051e+00,7.495600000000000041e-01,7.255200000000001648e-01,8.716400000000000814e-01,1.052640000000000020e+00,1.119480000000000253e+00,1.067760000000000042e+00,1.044155533607385999e+00,5.595832928148113394e-01,7.650224050562320910e-01,8.163733956514056533e-01,8.094800000000001994e-01,7.446399999999999686e-01,6.712400000000000588e-01,6.368625724012080269e-01,5.519529378155002552e-01,1.017200000000000104e+00,1.114600000000000035e+00,1.019800000000000040e+00,8.328800000000000647e-01,7.601200000000000179e-01,8.503199999999999648e-01,1.000280000000000058e+00
1.347400000000000153e+00,4.561999999999999389e-01,8.147600000000000398e-01,1.056600000000000206e+00,1.109480000000000022e+00,9.675999999999997936e-01,7.232399999999999940e-01,5.616000000000000991e-01,5.670799999999998064e-01,1.059279999999999999e+00,7.276400000000000645e-01,6.894800000000002038e-01,8.640000000000001013e-01,1.060280000000000111e+00,1.138560000000000239e+00,1.064080000000000137e+00,1.031887949888783407e+00,5.036610980198712451e-01,7.151064674827142253e-01,7.610533956514056175e-01,7.685600000000002430e-01,6.946399999999999242e-01,6.109200000000000186e-01,5.809979404861614904e-01,4.821396350725574709e-01,1.021880000000000122e+00,1.146679999999999922e+00,1.031000000000000139e+00,8.220800000000000329e-01,7.499200000000000310e-01,8.528399999999999315e-01,1.028280000000000083e+00
1.397200000000000220e+00,4.049999999999999156e-01,7.998800000000000354e-01,1.071080000000000254e+00,1.117799999999999905e+00,9.362799999999997791e-01,6.849199999999999733e-01,5.192400000000001459e-01,5.377199999999998647e-01,1.089839999999999920e+00,7.058000000000000940e-01,6.637600000000002387e-01,8.617200000000001525e-01,1.071240000000000192e+00,1.156160000000000299e+00,1.058720000000000105e+00,1.024588970610293082e+00,4.571240816748680658e-01,6.697659161526461347e-01,7.082533956514056595e-01,7.254800000000002358e-01,6.499599999999998712e-01,5.651200000000000667e-01,5.375794456569339408e-01,4.094189703812792236e-01,1.027160000000000073e+00,1.178399999999999892e+00,1.040360000000000174e+00,8.085600000000000565e-01,7.394000000000000572e-01,8.564799999999999081e-01,1.058840000000000003e+00
1.440840000000000121e+00,3.640399999999999192e-01,7.886800000000000477e-01,1.077720000000000233e+00,1.112559999999999993e+00,9.041199999999998127e-01,6.439599999999999769e-01,4.802000000000001267e-01,5.111599999999998367e-01,1.118839999999999835e+00,6.914400000000000546e-01,6.481200000000002515e-01,8.611600000000001476e-01,1.070120000000000182e+00,1.164960000000000218e+00,1.057200000000000140e+00,1.016845309203008751e+00,4.186344227501327953e-01,6.329539870597009621e-01,6.568533956514056582e-01,6.935200000000002474e-01,6.083999999999998298e-01,5.207600000000000007e-01,4.999724334685007321e-01,3.432118408843192747e-01,1.035519999999999996e+00,1.203199999999999825e+00,1.041200000000000125e+00,7.946400000000000130e-01,7.308000000000000052e-01,8.570399999999999130e-01,1.090519999999999934e+00
1.472200000000000175e+00,3.351199999999999180e-01,7.854800000000000670e-01,1.079280000000000239e+00,1.100360000000000005e+00,8.744399999999997730e-01,6.119999999999999885e-01,4.525200000000001443e-01,4.989199999999998636e-01,1.141759999999999886e+00,6.762800000000001033e-01,6.334800000000002651e-01,8.685200000000001808e-01,1.076440000000000285e+00,1.172360000000000291e+00,1.049920000000000186e+00,1.004645845991656961e+00,3.923175653232938154e-01,5.979953272260783992e-01,6.179333956514057036e-01,6.588000000000002743e-01,5.766799999999998594e-01,4.874399999999999844e-01,4.750801592250117888e-01,2.874541796119948200e-01,1.046959999999999891e+00,1.223639999999999839e+00,1.038160000000000194e+00,7.805199999999999916e-01,7.195599999999999774e-01,8.552799999999999292e-01,1.112879999999999869e+00
1.495360000000000245e+00,3.194799999999999307e-01,7.720000000000000195e-01,1.080000000000000293e+00,1.083879999999999955e+00,8.460399999999997922e-01,5.862800000000000233e-01,4.371200000000001751e-01,4.997599999999998710e-01,1.156279999999999974e+00,6.630800000000001138e-01,6.320800000000003083e-01,8.681200000000002248e-01,1.077640000000000375e+00,1.183840000000000225e+00,1.052040000000000086e+00,1.000632671808737717e+00,3.700399358355495605e-01,5.689162683463999670e-01,5.746933956514057584e-01,6.316800000000002413e-01,5.470799999999998997e-01,4.629599999999999826e-01,4.536888317310819874e-01,2.304041231175798510e-01,1.063519999999999799e+00,1.247999999999999776e+00,1.038000000000000256e+00,7.681200000000000250e-01,7.106000000000000094e-01,8.467999999999998861e-01,1.133399999999999963e+00
1.515960000000000196e+00,3.115199999999999081e-01,7.696399999999999908e-01,1.078120000000000189e+00,1.065080000000000027e+00,8.130799999999998029e-01,5.669600000000000195e-01,4.279200000000001891e-01,4.985599999999998921e-01,1.171999999999999931e+00,6.562000000000001165e-01,6.289200000000003676e-01,8.680800000000001848e-01,1.074440000000000506e+00,1.179720000000000324e+00,1.043560000000000043e+00,9.901106914502422196e-01,3.579085946311260091e-01,5.403163208969800069e-01,5.416133956514057601e-01,6.151600000000002622e-01,5.256399999999998851e-01,4.457199999999999496e-01,4.365078519726173223e-01,1.826143663539647743e-01,1.075959999999999805e+00,1.264919999999999822e+00,1.025600000000000289e+00,7.560799999999999743e-01,7.104800000000000004e-01,8.425199999999999356e-01,1.150719999999999965e+00
1.530640000000000223e+00,3.081199999999998940e-01,7.640399999999999414e-01,1.074360000000000204e+00,1.046480000000000077e+00,7.895199999999997775e-01,5.440399999999999681e-01,4.257200000000002094e-01,5.040399999999999325e-01,1.180320000000000036e+00,6.514000000000000901e-01,6.268800000000003259e-01,8.736400000000001942e-01,1.077840000000000575e+00,1.186360000000000303e+00,1.048000000000000043e+00,9.863798826113531204e-01,3.507956330753586038e-01,5.233919434339578958e-01,5.079333956514057169e-01,5.975200000000002731e-01,5.079199999999999271e-01,4.291999999999999704e-01,4.299080298189151272e-01,1.433491100209266511e-01,1.094999999999999751e+00,1.284879999999999800e+00,1.014520000000000310e+00,7.501200000000000090e-01,7.017999999999999794e-01,8.320399999999998908e-01,1.158919999999999950e+00
1.549000000000000155e+00,3.121999999999999220e-01,7.610799999999999788e-01,1.066960000000000131e+00,1.033079999999999998e+00,7.627999999999998115e-01,5.310799999999999965e-01,4.240800000000001790e-01,5.105599999999999028e-01,1.186120000000000063e+00,6.515600000000001391e-01,6.316000000000003833e-01,8.760800000000001919e-01,1.081120000000000525e+00,1.180440000000000378e+00,1.037840000000000096e+00,9.747892416508600055e-01,3.401261858213260325e-01,5.030790113401419905e-01,4.822533956514057363e-01,5.808400000000002450e-01,4.859599999999999476e-01,4.165599999999999858e-01,4.213093209232371406e-01,1.180783716841339315e-01,1.108759999999999746e+00,1.294799999999999729e+00,1.007160000000000277e+00,7.460799999999999654e-01,7.005199999999999205e-01,8.299599999999999200e-01,1.170599999999999863e+00
1.558160000000000212e+00,3.121999999999999220e-01,7.545600000000000085e-01,1.053280000000000216e+00,1.009959999999999969e+00,7.468799999999997663e-01,5.178800000000000070e-01,4.271200000000001662e-01,5.162399999999999212e-01,1.190080000000000027e+00,6.506400000000001071e-01,6.373600000000003707e-01,8.701600000000001556e-01,1.077080000000000481e+00,1.179720000000000324e+00,1.030080000000000107e+00,9.665024835926931956e-01,3.355120221244654033e-01,4.807032672118055627e-01,4.542933956514057514e-01,5.634800000000002029e-01,4.733599999999999475e-01,4.079200000000000048e-01,4.180840098486383050e-01,9.267016365755838259e-02,1.127719999999999834e+00,1.308919999999999639e+00,9.983600000000002472e-01,7.361999999999999655e-01,6.959599999999999120e-01,8.233999999999999098e-01,1.173839999999999772e+00
1.567680000000000184e+00,3.163999999999999035e-01,7.524399999999999977e-01,1.037240000000000162e+00,9.954799999999999205e-01,7.332399999999997808e-01,5.123600000000000376e-01,4.255200000000001759e-01,5.255999999999999561e-01,1.190120000000000067e+00,6.551600000000000756e-01,6.388400000000004075e-01,8.692000000000001947e-01,1.073480000000000434e+00,1.176760000000000250e+00,1.028080000000000105e+00,9.631503940657225593e-01,3.326116350570903490e-01,4.614146642745546312e-01,4.393733956514057626e-01,5.445600000000001550e-01,4.587199999999999611e-01,3.997600000000000042e-01,4.098073776426156556e-01,7.020936342371147942e-02,1.146399999999999864e+00,1.319399999999999684e+00,9.890000000000002123e-01,7.290399999999999103e-01,6.919999999999999485e-01,8.137599999999999278e-01,1.179439999999999822e+00
1.568560000000000176e+00,3.240799999999999237e-01,7.508000000000000229e-01,1.022440000000000238e+00,9.798799999999999732e-01,7.150799999999998269e-01,5.009600000000000719e-01,4.246000000000001995e-01,5.253599999999999381e-01,1.192280000000000006e+00,6.568400000000000905e-01,6.406800000000003603e-01,8.639200000000002433e-01,1.067480000000000429e+00,1.175480000000000302e+00,1.024720000000000075e+00,9.562638473846815090e-01,3.285124992466648686e-01,4.462112343641700396e-01,4.182533956514057349e-01,5.396000000000001906e-01,4.492799999999999572e-01,3.943999999999999728e-01,4.062121035311579975e-01,5.569264056363246868e-02,1.167119999999999935e+00,1.324319999999999720e+00,9.843600000000002348e-01,7.244399999999998618e-01,6.899599999999999067e-01,8.060799999999999077e-01,1.190999999999999837e+00
1.577960000000000251e+00,3.316799999999999193e-01,7.488400000000000611e-01,1.004400000000000182e+00,9.672399999999999887e-01,7.043999999999998041e-01,5.014400000000001079e-01,4.246800000000001685e-01,5.253999999999999782e-01,1.197640000000000038e+00,6.624800000000000688e-01,6.443600000000003769e-01,8.598800000000001997e-01,1.062280000000000335e+00,1.169680000000000275e+00,1.024639999999999995e+00,9.457282673531762773e-01,3.287244136289017016e-01,4.301952594127099738e-01,3.998133956514057230e-01,5.238000000000001544e-01,4.374799999999999800e-01,3.881199999999999650e-01,4.044071114443308912e-01,4.528920515022172300e-02,1.188159999999999883e+00,1.332639999999999603e+00,9.788800000000001944e-01,7.174799999999998956e-01,6.857999999999998542e-01,7.938399999999999901e-01,1.193839999999999790e+00
1.578960000000000363e+00,3.424399999999999111e-01,7.444800000000000306e-01,9.879600000000001714e-01,9.509600000000000275e-01,6.957199999999997830e-01,4.985200000000001297e-01,4.230400000000001937e-01,5.268800000000000150e-01,1.205480000000000107e+00,6.666400000000001214e-01,6.520000000000003570e-01,8.550800000000001733e-01,1.052880000000000260e+00,1.158040000000000402e+00,1.020440000000000014e+00,9.357613046778718857e-01,3.317457615241617419e-01,4.178831759440487237e-01,3.781733956514057304e-01,5.134000000000001895e-01,4.300399999999999778e-01,3.868399999999999617e-01,4.101801623823577714e-01,3.146839130827319697e-02,1.208399999999999919e+00,1.343879999999999519e+00,9.697600000000001774e-01,7.110799999999999343e-01,6.803599999999998538e-01,7.871200000000000419e-01,1.201439999999999841e+00
1.580560000000000409e+00,3.533599999999998964e-01,7.395200000000000662e-01,9.682400000000002116e-01,9.408000000000000806e-01,6.906399999999998096e-01,4.908400000000001095e-01,4.256400000000001849e-01,5.288399999999999768e-01,1.200479999999999992e+00,6.737600000000001366e-01,6.522800000000004150e-01,8.545200000000001683e-01,1.046760000000000357e+00,1.159160000000000412e+00,1.019919999999999938e+00,9.351226344349701236e-01,3.332525559541110183e-01,4.061873547333649248e-01,3.593333956514057625e-01,5.011600000000001609e-01,4.196799999999999975e-01,3.841599999999999460e-01,4.065207148459436537e-01,2.098402126055021535e-02,1.230439999999999978e+00,1.351079999999999615e+00,9.668800000000001837e-01,7.015199999999999214e-01,6.791599999999998749e-01,7.815200000000001035e-01,1.202919999999999767e+00
1.581560000000000521e+00,3.629999999999998783e-01,7.323200000000000820e-01,9.544800000000002171e-01,9.276400000000001311e-01,6.812799999999997747e-01,4.846000000000000862e-01,4.278000000000001801e-01,5.344799999999999551e-01,1.201160000000000005e+00,6.850000000000001643e-01,6.558800000000004626e-01,8.447600000000001774e-01,1.033120000000000260e+00,1.151600000000000401e+00,1.015039999999999942e+00,9.329798778979250251e-01,3.347103355255394708e-01,3.919925281344600609e-01,3.454933956514057436e-01,4.888000000000001788e-01,4.105599999999999805e-01,3.834399999999999475e-01,4.052091906969021440e-01,1.382865585983151548e-02,1.247999999999999998e+00,1.349759999999999627e+00,9.574400000000001798e-01,6.951999999999999291e-01,6.745599999999998264e-01,7.732000000000001094e-01,1.203599999999999781e+00
1.579960000000000475e+00,3.741999999999998661e-01,7.264800000000001257e-01,9.441600000000002213e-01,9.120000000000001439e-01,6.677199999999997582e-01,4.819200000000000705e-01,4.278000000000001801e-01,5.379999999999999227e-01,1.199480000000000102e+00,6.966800000000001880e-01,6.567600000000004545e-01,8.390400000000002301e-01,1.023960000000000203e+00,1.151920000000000499e+00,1.011360000000000037e+00,9.322064407749578452e-01,3.379884336242958143e-01,3.780241406598910947e-01,3.263333956514057332e-01,4.768400000000001526e-01,4.039200000000000013e-01,3.842799999999999550e-01,3.966441865073324635e-01,7.100233839900352457e-03,1.261719999999999953e+00,1.356879999999999642e+00,9.541600000000002302e-01,6.940399999999999903e-01,6.700399999999998579e-01,7.686800000000001409e-01,1.214359999999999662e+00
1.574120000000000408e+00,3.811599999999998878e-01,7.215600000000000902e-01,9.245200000000002305e-01,8.992000000000001103e-01,6.573599999999997223e-01,4.734800000000000675e-01,4.327600000000001446e-01,5.418399999999998773e-01,1.203359999999999985e+00,7.069600000000001438e-01,6.604800000000004001e-01,8.327200000000002378e-01,1.019720000000000182e+00,1.150840000000000529e+00,1.013600000000000056e+00,9.318936307460176094e-01,3.355651143183682183e-01,3.594374897408822433e-01,3.069333956514057604e-01,4.611600000000001254e-01,3.941999999999999948e-01,3.851599999999999469e-01,3.996351220749626010e-01,-1.101173686353208205e-03,1.286240000000000050e+00,1.362679999999999669e+00,9.448000000000001952e-01,6.912800000000000056e-01,6.698399999999998800e-01,7.639600000000001945e-01,1.212519999999999598e+00
1.572200000000000486e+00,3.943999999999999173e-01,7.162000000000000588e-01,9.021200000000002550e-01,8.858800000000001118e-01,6.477599999999996694e-01,4.735200000000000520e-01,4.349200000000001398e-01,5.413599999999998413e-01,1.203920000000000101e+00,7.213600000000001122e-01,6.617600000000003480e-01,8.242000000000002657e-01,1.008200000000000207e+00,1.134200000000000541e+00,1.006800000000000139e+00,9.269751131400785216e-01,3.375671738477097894e-01,3.433378657315651061e-01,2.906533956514057437e-01,4.552400000000001445e-01,3.890000000000000124e-01,3.905199999999999783e-01,3.895395150317828570e-01,-6.451193127825816803e-03,1.305640000000000134e+00,1.362199999999999633e+00,9.369600000000002371e-01,6.912000000000000366e-01,6.670799999999998953e-01,7.580400000000001581e-01,1.208679999999999533e+00
1.568800000000000416e+00,4.041599999999999082e-01,7.082800000000000207e-01,8.887600000000002165e-01,8.749200000000001420e-01,6.426399999999996560e-01,4.721600000000000796e-01,4.346800000000001218e-01,5.422799999999998732e-01,1.208000000000000185e+00,7.360800000000000676e-01,6.665600000000003744e-01,8.196000000000002172e-01,1.000680000000000236e+00,1.132120000000000459e+00,1.007120000000000237e+00,9.262839151647636049e-01,3.414505125664956675e-01,3.287702459461048776e-01,2.745333956514057205e-01,4.421200000000001240e-01,3.816400000000000348e-01,3.917999999999999816e-01,3.911701068530139547e-01,-8.955553537464352315e-03,1.326720000000000121e+00,1.366599999999999593e+00,9.282400000000002871e-01,6.904400000000000537e-01,6.658799999999999164e-01,7.479600000000001803e-01,1.203759999999999497e+00
1.576440000000000508e+00,4.181599999999999207e-01,6.949199999999999822e-01,8.742000000000001991e-01,8.624400000000000954e-01,6.339199999999997059e-01,4.668800000000000727e-01,4.347200000000001063e-01,5.418399999999998773e-01,1.209320000000000173e+00,7.523200000000000998e-01,6.701600000000004220e-01,8.136800000000001809e-01,9.931200000000002248e-01,1.120240000000000347e+00,1.004600000000000160e+00,9.260264680957864813e-01,3.392277220326154197e-01,3.131025469940912354e-01,2.598933956514057342e-01,4.326400000000001356e-01,3.791200000000000681e-01,3.954399999999999582e-01,3.891169398157604542e-01,-1.681028479279046348e-02,1.344360000000000221e+00,1.368919999999999693e+00,9.228000000000002867e-01,6.852000000000000313e-01,6.595599999999999241e-01,7.432400000000001228e-01,1.207919999999999439e+00
1.571800000000000530e+00,4.243999999999999440e-01,6.873200000000000420e-01,8.583200000000001939e-01,8.478800000000000781e-01,6.256399999999997519e-01,4.672800000000000842e-01,4.322000000000000841e-01,5.400799999999998935e-01,1.206640000000000157e+00,7.661600000000000632e-01,6.690400000000004122e-01,8.104400000000001603e-01,9.848400000000002708e-01,1.113320000000000309e+00,1.004600000000000160e+00,9.278477722345712664e-01,3.443751459196961462e-01,2.963360242561452473e-01,2.476533956514057333e-01,4.193600000000001216e-01,3.729200000000000847e-01,3.958399999999999697e-01,3.862041874369830374e-01,-2.303035586990075101e-02,1.363680000000000225e+00,1.369079999999999631e+00,9.152800000000003156e-01,6.803600000000000758e-01,6.546399999999998887e-01,7.374400000000000954e-01,1.208759999999999390e+00
1.571920000000000428e+00,4.327199999999999380e-01,6.812400000000000677e-01,8.428400000000001446e-01,8.318400000000000238e-01,6.261999999999997568e-01,4.650800000000001044e-01,4.346800000000001218e-01,5.461199999999999388e-01,1.211800000000000210e+00,7.810000000000000275e-01,6.692400000000003901e-01,7.996000000000000885e-01,9.729200000000002291e-01,1.101040000000000241e+00,1.002760000000000096e+00,9.310374031573012132e-01,3.380876922559453712e-01,2.854963856142124223e-01,2.332133956514057527e-01,4.046800000000000952e-01,3.652000000000000801e-01,3.971599999999999575e-01,3.950640380839963717e-01,-2.832076384716725875e-02,1.381880000000000219e+00,1.368399999999999617e+00,9.122800000000003129e-01,6.762000000000000233e-01,6.555999999999998495e-01,7.296800000000001063e-01,1.204159999999999453e+00
1.574760000000000382e+00,4.382799999999999474e-01,6.712800000000000988e-01,8.271600000000001174e-01,8.191200000000000703e-01,6.231599999999997141e-01,4.540400000000001102e-01,4.354800000000001448e-01,5.449599999999998889e-01,1.209320000000000173e+00,8.012799999999999923e-01,6.688800000000003632e-01,7.969200000000000728e-01,9.621600000000002373e-01,1.096600000000000241e+00,9.993200000000000971e-01,9.316760617449765247e-01,3.346353635292146356e-01,2.687042245773775817e-01,2.200133956514057632e-01,3.881200000000000760e-01,3.587600000000000788e-01,3.922799999999999621e-01,3.923561409007561562e-01,-2.856420951029340488e-02,1.401120000000000143e+00,1.372919999999999696e+00,9.042400000000002658e-01,6.696000000000000840e-01,6.497599999999998932e-01,7.215200000000000502e-01,1.202199999999999491e+00
1.581320000000000281e+00,4.435199999999999698e-01,6.637200000000000877e-01,8.143200000000001548e-01,8.092400000000000704e-01,6.143599999999996841e-01,4.460400000000001031e-01,4.383600000000001384e-01,5.407199999999998674e-01,1.210560000000000080e+00,8.121199999999999530e-01,6.718000000000003968e-01,7.860400000000000720e-01,9.545200000000002571e-01,1.091280000000000250e+00,9.959200000000001385e-01,9.299279558038904270e-01,3.327873040277296024e-01,2.497142417604118481e-01,2.067333956514057769e-01,3.823200000000000487e-01,3.556400000000000672e-01,3.949599999999999778e-01,3.912661713961620435e-01,-2.791776573962314115e-02,1.413160000000000194e+00,1.371919999999999806e+00,8.971600000000002906e-01,6.661200000000000454e-01,6.498399999999998622e-01,7.147200000000000220e-01,1.196839999999999460e+00
1.578800000000000203e+00,4.571999999999999953e-01,6.573200000000001264e-01,8.018800000000001482e-01,7.964400000000000368e-01,6.108799999999996455e-01,4.443200000000001038e-01,4.382000000000001450e-01,5.387199999999998656e-01,1.211240000000000094e+00,8.267999999999999794e-01,6.702800000000004310e-01,7.828400000000000913e-01,9.488800000000002788e-01,1.084320000000000173e+00,9.971200000000001173e-01,9.365194043632992793e-01,3.344634475540959051e-01,2.313346789188829855e-01,1.967733956514057525e-01,3.773200000000000442e-01,3.572400000000000575e-01,3.948799999999999533e-01,3.928152327440118663e-01,-2.811415293941571525e-02,1.428080000000000238e+00,1.367799999999999683e+00,8.943600000000002659e-01,6.625199999999999978e-01,6.465599999999999126e-01,7.082399999999999807e-01,1.198439999999999506e+00
1.573040000000000216e+00,4.664400000000000213e-01,6.469600000000000906e-01,7.869200000000001749e-01,7.902000000000000135e-01,6.031999999999996254e-01,4.463600000000000900e-01,4.330000000000001625e-01,5.364399999999998059e-01,1.209120000000000195e+00,8.385200000000000431e-01,6.672800000000004284e-01,7.716000000000000636e-01,9.372000000000002551e-01,1.081840000000000135e+00,9.922800000000001619e-01,9.399738638643336808e-01,3.304460256475340030e-01,2.111128377106620824e-01,1.838533956514057655e-01,3.683200000000000363e-01,3.595600000000000462e-01,3.920799999999999286e-01,3.865879391901548834e-01,-2.534956276695789559e-02,1.440600000000000325e+00,1.367439999999999767e+00,8.870400000000002727e-01,6.553200000000000136e-01,6.425999999999999490e-01,7.002800000000000136e-01,1.197159999999999558e+00
1.577920000000000211e+00,4.748400000000000398e-01,6.393600000000000394e-01,7.762800000000001921e-01,7.821200000000000374e-01,5.971599999999995800e-01,4.481600000000001138e-01,4.328400000000001691e-01,5.301199999999998136e-01,1.211240000000000094e+00,8.560400000000000231e-01,6.703600000000004000e-01,7.694400000000000128e-01,9.339600000000002344e-01,1.083400000000000141e+00,9.928000000000001268e-01,9.453267206444225801e-01,3.273329382889369477e-01,1.965411603531033724e-01,1.656933956514057560e-01,3.579200000000000159e-01,3.560400000000000231e-01,3.891999999999999349e-01,3.852857573854498452e-01,-2.162798188852453618e-02,1.456440000000000401e+00,1.368199999999999861e+00,8.822000000000003173e-01,6.551200000000000356e-01,6.445599999999999108e-01,6.934000000000000163e-01,1.198759999999999604e+00
1.578560000000000185e+00,4.832000000000000184e-01,6.311200000000000143e-01,7.642800000000001814e-01,7.769200000000000550e-01,5.925199999999996026e-01,4.456400000000000916e-01,4.272000000000001907e-01,5.274399999999997979e-01,1.215480000000000116e+00,8.758400000000000629e-01,6.645600000000003726e-01,7.611999999999999877e-01,9.266400000000002413e-01,1.077520000000000255e+00,9.914000000000001700e-01,9.436291662500065902e-01,3.258769474388776843e-01,1.822328122453775456e-01,1.509333956514057606e-01,3.532399999999999984e-01,3.532399999999999984e-01,3.934799999999999409e-01,3.877590674260211756e-01,-2.248417353045203612e-02,1.467400000000000482e+00,1.361599999999999921e+00,8.737600000000003142e-01,6.447599999999999998e-01,6.419599999999998641e-01,6.836800000000000654e-01,1.204239999999999533e+00
1.580320000000000169e+00,5.003600000000000270e-01,6.276800000000000157e-01,7.568800000000002193e-01,7.676400000000001000e-01,5.894799999999995599e-01,4.416800000000001281e-01,4.251600000000002044e-01,5.298799999999997956e-01,1.212840000000000140e+00,8.924800000000000511e-01,6.604400000000003601e-01,7.566800000000000193e-01,9.226000000000001977e-01,1.073320000000000274e+00,9.879600000000001714e-01,9.481623488895951635e-01,3.216816885611388788e-01,1.616690325682222373e-01,1.450133956514057798e-01,3.478399999999999825e-01,3.548799999999999732e-01,3.939999999999999059e-01,3.880887234335239078e-01,-2.372653446554450971e-02,1.482120000000000548e+00,1.359599999999999920e+00,8.691600000000002657e-01,6.408800000000000052e-01,6.365199999999998637e-01,6.728800000000000336e-01,1.207119999999999527e+00
1.579520000000000257e+00,5.028400000000000647e-01,6.221600000000000463e-01,7.492800000000001681e-01,7.600000000000001199e-01,5.837599999999995015e-01,4.379600000000001270e-01,4.245200000000001750e-01,5.280399999999998428e-01,1.213800000000000212e+00,9.067600000000000104e-01,6.616800000000003790e-01,7.506000000000000449e-01,9.164000000000002144e-01,1.063080000000000247e+00,9.920800000000001839e-01,9.561522037961921461e-01,3.159631119168123670e-01,1.440762927692141870e-01,1.292933956514057681e-01,3.402000000000000024e-01,3.513600000000000056e-01,3.959999999999999076e-01,3.883919562217917343e-01,-2.334219655531508120e-02,1.500760000000000538e+00,1.355119999999999880e+00,8.625200000000002865e-01,6.382799999999999585e-01,6.288799999999998835e-01,6.612800000000000900e-01,1.204999999999999627e+00
1.580360000000000209e+00,5.072000000000000952e-01,6.140400000000000302e-01,7.359600000000001696e-01,7.525200000000000777e-01,5.807199999999994589e-01,4.392000000000001458e-01,4.220000000000001528e-01,5.285999999999998478e-01,1.215800000000000214e+00,9.280399999999999761e-01,6.603600000000003911e-01,7.408800000000000940e-01,9.054000000000002046e-01,1.057760000000000256e+00,9.917600000000001970e-01,9.576485595153321206e-01,3.202581444443890479e-01,1.300342557685839617e-01,1.296133956514057828e-01,3.338400000000000256e-01,3.461600000000000232e-01,3.901599999999998958e-01,3.919034704115857415e-01,-2.323226521294036867e-02,1.514000000000000457e+00,1.355879999999999974e+00,8.598800000000003108e-01,6.389599999999999724e-01,6.303199999999998804e-01,6.552000000000001156e-01,1.209399999999999586e+00
1.580560000000000187e+00,5.118000000000001437e-01,6.017200000000000326e-01,7.281200000000002115e-01,7.458400000000000585e-01,5.780799999999994832e-01,4.387600000000001499e-01,4.196800000000001640e-01,5.323999999999998733e-01,1.215920000000000112e+00,9.386400000000000299e-01,6.595600000000003682e-01,7.324000000000000510e-01,8.954400000000002358e-01,1.048880000000000257e+00,9.858800000000002006e-01,9.629672189611747646e-01,3.193371645725510688e-01,1.172228400528272652e-01,1.184933956514057918e-01,3.223200000000000509e-01,3.411200000000000343e-01,3.941199999999998593e-01,3.903433830391201398e-01,-2.178588203438794682e-02,1.529480000000000395e+00,1.354640000000000066e+00,8.578400000000002690e-01,6.334400000000000031e-01,6.241199999999998971e-01,6.502400000000001512e-01,1.207759999999999501e+00
1.583160000000000123e+00,5.206800000000001427e-01,5.910800000000000498e-01,7.199600000000002664e-01,7.385600000000001053e-01,5.759199999999994324e-01,4.338400000000001699e-01,4.173200000000001908e-01,5.323999999999998733e-01,1.219200000000000061e+00,9.534000000000000252e-01,6.626400000000003399e-01,7.259200000000000097e-01,8.877600000000002156e-01,1.041760000000000241e+00,9.910800000000001830e-01,9.630823893257082213e-01,3.229219573050293168e-01,9.845657581554177751e-02,1.089333956514058066e-01,3.172400000000000220e-01,3.388800000000000145e-01,3.895599999999998508e-01,3.948506565346511232e-01,-2.461462051724640221e-02,1.539680000000000382e+00,1.347360000000000113e+00,8.525600000000002066e-01,6.370000000000000107e-01,6.198799999999998755e-01,6.450000000000001288e-01,1.202479999999999549e+00
1.583960000000000035e+00,5.261600000000001831e-01,5.788800000000000612e-01,7.126800000000003132e-01,7.326400000000000690e-01,5.719999999999993978e-01,4.302800000000001623e-01,4.197200000000002040e-01,5.301999999999998936e-01,1.218440000000000190e+00,9.716000000000000192e-01,6.624400000000003619e-01,7.150800000000000489e-01,8.848400000000001819e-01,1.032920000000000282e+00,9.860400000000001386e-01,9.655920580253484209e-01,3.190965414224024577e-01,8.388276698875873905e-02,9.997339565140579698e-02,3.081200000000000050e-01,3.378000000000000447e-01,3.889199999999998769e-01,3.908117826436920406e-01,-2.363864284575383640e-02,1.548600000000000421e+00,1.344640000000000057e+00,8.480800000000001670e-01,6.331600000000000561e-01,6.142799999999998262e-01,6.372400000000001397e-01,1.199359999999999538e+00
1.584200000000000053e+00,5.357600000000001250e-01,5.734400000000000608e-01,7.091600000000003456e-01,7.233600000000001140e-01,5.710399999999994369e-01,4.306000000000001493e-01,4.193600000000001771e-01,5.322799999999998644e-01,1.218040000000000234e+00,9.873600000000000154e-01,6.591200000000003723e-01,7.112400000000000944e-01,8.808800000000002184e-01,1.026080000000000325e+00,9.903600000000001291e-01,9.743045509076521116e-01,3.146563520102999556e-01,6.942105678714172168e-02,9.577339565140578770e-02,3.007199999999999873e-01,3.397200000000000775e-01,3.895599999999999064e-01,3.911966543396081519e-01,-2.039541677937941125e-02,1.564960000000000351e+00,1.341360000000000108e+00,8.474400000000001931e-01,6.339600000000000790e-01,6.176799999999997848e-01,6.343200000000001060e-01,1.198399999999999466e+00
1.586959999999999926e+00,5.431200000000001582e-01,5.645600000000000618e-01,7.006800000000003026e-01,7.141600000000001280e-01,5.653199999999994896e-01,4.272000000000001352e-01,4.231200000000001626e-01,5.327199999999998603e-01,1.221080000000000165e+00,1.000879999999999992e+00,6.545600000000003638e-01,7.037600000000000522e-01,8.728800000000002113e-01,1.020680000000000254e+00,9.869200000000001305e-01,9.764417863512597773e-01,3.163826741879366411e-01,5.662815755856664274e-02,8.877339565140578148e-02,2.935999999999999721e-01,3.428400000000000891e-01,3.887999999999999234e-01,3.881971272155206876e-01,-1.288510663188493360e-02,1.569360000000000310e+00,1.330560000000000187e+00,8.414000000000001478e-01,6.254400000000001070e-01,6.147999999999997911e-01,6.264800000000001479e-01,1.195479999999999432e+00
1.588519999999999932e+00,5.454800000000001869e-01,5.550800000000000178e-01,6.929600000000003535e-01,7.081200000000000827e-01,5.603199999999994851e-01,4.316800000000001192e-01,4.190000000000001501e-01,5.292399999999998217e-01,1.220160000000000133e+00,1.006960000000000077e+00,6.565200000000003255e-01,6.991200000000000747e-01,8.678800000000002068e-01,1.020440000000000236e+00,9.917600000000000859e-01,9.865938630760149319e-01,3.083973484784199859e-01,3.762144145106875726e-02,8.661339565140577235e-02,2.917599999999999638e-01,3.329600000000000892e-01,3.951599999999999002e-01,3.904857053856620741e-01,-1.372965234200205706e-02,1.586320000000000396e+00,1.337880000000000180e+00,8.385200000000001541e-01,6.273200000000000998e-01,6.149599999999998401e-01,6.238800000000001011e-01,1.192159999999999442e+00
1.590759999999999952e+00,5.530400000000001981e-01,5.480000000000000426e-01,6.876400000000003621e-01,7.018000000000000904e-01,5.575999999999995405e-01,4.281600000000001516e-01,4.112000000000001210e-01,5.257199999999998541e-01,1.214760000000000062e+00,1.023719999999999963e+00,6.513200000000003431e-01,6.927600000000000424e-01,8.632000000000001894e-01,1.009160000000000279e+00,9.886000000000000343e-01,9.886363955115476942e-01,3.067980994041987763e-01,2.243574539874067242e-02,8.361339565140576968e-02,2.901999999999999580e-01,3.327200000000000712e-01,3.951999999999998847e-01,3.909729234031672496e-01,-1.703740484972373487e-02,1.591560000000000308e+00,1.329800000000000093e+00,8.335200000000001497e-01,6.172000000000000819e-01,6.105199999999998406e-01,6.153600000000001291e-01,1.192479999999999318e+00
1.598840000000000039e+00,5.589200000000001944e-01,5.360400000000000720e-01,6.871200000000003971e-01,6.960400000000001031e-01,5.556799999999995077e-01,4.287200000000001565e-01,4.174400000000001443e-01,5.245199999999998752e-01,1.221440000000000081e+00,1.038519999999999888e+00,6.524400000000003530e-01,6.900400000000000977e-01,8.581600000000001449e-01,1.004880000000000217e+00,9.973600000000000243e-01,9.956331248200455120e-01,3.020652820846351783e-01,9.909960504613851348e-03,7.433339565140577310e-02,2.818399999999999794e-01,3.316400000000000459e-01,3.918799999999998951e-01,3.911975087405632490e-01,-6.049012083111635074e-03,1.607800000000000340e+00,1.327080000000000037e+00,8.234400000000001718e-01,6.093600000000001238e-01,6.047999999999998932e-01,6.142400000000001192e-01,1.185239999999999405e+00
1.608559999999999990e+00,5.672800000000002285e-01,5.309200000000000585e-01,6.844800000000004214e-01,6.913600000000000856e-01,5.494399999999994844e-01,4.313600000000001322e-01,4.216400000000001258e-01,5.213199999999998946e-01,1.219960000000000155e+00,1.047599999999999865e+00,6.437200000000004030e-01,6.778000000000000691e-01,8.406800000000000939e-01,9.946000000000002617e-01,9.963600000000000234e-01,9.993444482249687066e-01,2.999718693600067487e-01,-6.591357417541804029e-03,7.133339565140577043e-02,2.853200000000000180e-01,3.276800000000000268e-01,3.948399999999999133e-01,3.919284282880255987e-01,-2.798165589532221244e-03,1.611840000000000384e+00,1.323360000000000092e+00,8.158800000000001607e-01,6.076400000000000690e-01,6.021599999999999175e-01,6.120400000000001395e-01,1.185439999999999383e+00
1.612519999999999953e+00,5.761600000000002275e-01,5.197600000000001108e-01,6.780000000000003801e-01,6.896000000000001018e-01,5.502399999999995073e-01,4.309600000000001208e-01,4.239200000000001300e-01,5.184799999999999409e-01,1.224400000000000155e+00,1.056959999999999900e+00,6.416000000000003922e-01,6.739200000000000745e-01,8.431200000000000916e-01,9.925600000000002199e-01,1.001680000000000126e+00,1.016822664484127170e+00,2.985710764975276210e-01,-1.861431454924172835e-02,6.677339565140576194e-02,2.830799999999999983e-01,3.296000000000000041e-01,3.932799999999999074e-01,3.906382045397282510e-01,-6.776749486358472907e-03,1.620720000000000383e+00,1.320760000000000156e+00,8.160800000000001386e-01,6.023600000000001176e-01,5.989599999999999369e-01,6.034800000000001274e-01,1.184319999999999373e+00
1.612919999999999909e+00,5.817600000000001659e-01,5.076800000000001312e-01,6.706800000000003870e-01,6.850400000000000933e-01,5.480399999999995275e-01,4.310800000000001297e-01,4.162800000000001499e-01,5.138799999999998924e-01,1.223320000000000185e+00,1.066319999999999935e+00,6.338800000000003321e-01,6.654400000000000315e-01,8.326800000000000868e-01,9.865200000000001745e-01,9.974000000000001753e-01,1.024788943934048513e+00,2.969845048884651728e-01,-2.937176074752027161e-02,6.729339565140576851e-02,2.742399999999999838e-01,3.294000000000000261e-01,3.927999999999999270e-01,3.893194487157823902e-01,-4.011528447836521655e-03,1.625360000000000360e+00,1.316760000000000153e+00,8.078400000000001135e-01,6.001200000000000978e-01,5.956799999999999873e-01,5.995600000000000929e-01,1.185159999999999325e+00
1.621239999999999792e+00,5.861600000000001254e-01,5.003200000000000980e-01,6.681600000000004203e-01,6.828800000000000425e-01,5.491999999999994664e-01,4.341600000000001014e-01,4.192400000000001681e-01,5.095199999999998619e-01,1.232760000000000300e+00,1.079239999999999977e+00,6.313600000000003654e-01,6.673600000000000643e-01,8.300000000000000711e-01,9.828000000000001180e-01,9.980800000000001893e-01,1.034728010486964944e+00,2.988778148289659153e-01,-4.041471479687427232e-02,6.253339565140578205e-02,2.655599999999999627e-01,3.223199999999999954e-01,3.919999999999999041e-01,3.898981447256442689e-01,-5.522973098780817325e-04,1.637440000000000451e+00,1.316760000000000153e+00,8.109200000000000852e-01,6.000000000000000888e-01,5.941999999999999504e-01,6.002000000000000668e-01,1.188239999999999297e+00
1.618799999999999795e+00,5.909600000000001518e-01,4.902400000000001201e-01,6.665600000000003744e-01,6.770800000000000152e-01,5.507599999999994722e-01,4.318000000000000727e-01,4.180800000000001737e-01,5.154399999999998983e-01,1.230040000000000244e+00,1.085159999999999902e+00,6.228800000000003223e-01,6.588800000000000212e-01,8.196400000000000352e-01,9.720400000000001262e-01,9.967200000000001614e-01,1.043303022358089471e+00,2.971960221420745230e-01,-5.424765034665982727e-02,6.061339565140579089e-02,2.579199999999999826e-01,3.242799999999999572e-01,3.917199999999999016e-01,3.908652165500715592e-01,-7.704310673550899538e-04,1.645920000000000494e+00,1.306240000000000068e+00,8.028800000000000381e-01,5.953600000000001113e-01,5.837999999999999856e-01,5.909600000000000408e-01,1.182839999999999225e+00
1.629759999999999875e+00,5.925200000000001577e-01,4.774400000000000865e-01,6.666400000000003434e-01,6.751599999999999824e-01,5.470799999999994556e-01,4.287200000000001010e-01,4.190400000000001901e-01,5.149599999999998623e-01,1.229440000000000310e+00,1.101399999999999935e+00,6.240800000000003012e-01,6.545600000000000307e-01,8.204000000000000181e-01,9.710800000000001653e-01,9.982800000000001672e-01,1.048130587673480996e+00,3.014625573412292869e-01,-6.276641376541212958e-02,5.685339565140578449e-02,2.570799999999999752e-01,3.237199999999999522e-01,3.980799999999999339e-01,3.926556127265175000e-01,-3.639345651633206589e-04,1.651520000000000543e+00,1.303640000000000132e+00,7.973200000000000287e-01,5.968800000000000772e-01,5.840799999999999326e-01,5.937600000000000655e-01,1.182799999999999185e+00
1.630239999999999911e+00,6.015600000000002057e-01,4.702400000000001024e-01,6.645200000000003326e-01,6.759199999999999653e-01,5.479599999999994475e-01,4.276000000000000911e-01,4.216000000000001968e-01,5.205599999999999117e-01,1.230480000000000240e+00,1.104279999999999928e+00,6.142400000000003413e-01,6.503999999999999782e-01,8.130800000000000249e-01,9.667200000000001348e-01,9.985200000000001852e-01,1.052492250300077536e+00,3.038843912454591845e-01,-7.637473786307898138e-02,5.805339565140576336e-02,2.535599999999999521e-01,3.258799999999999475e-01,3.922399999999999221e-01,3.942786594878509021e-01,3.360469038585538019e-03,1.660280000000000644e+00,1.301040000000000196e+00,7.890000000000000346e-01,5.918000000000001037e-01,5.765999999999998904e-01,5.913200000000000678e-01,1.178919999999999080e+00
1.638279999999999959e+00,6.066000000000002501e-01,4.645600000000000840e-01,6.573600000000002774e-01,6.751199999999999424e-01,5.404399999999994764e-01,4.255600000000001049e-01,4.194800000000001861e-01,5.183599999999999319e-01,1.234040000000000248e+00,1.116039999999999921e+00,6.148400000000003862e-01,6.469199999999999395e-01,8.115200000000000191e-01,9.543200000000001681e-01,1.005080000000000195e+00,1.068403756415041927e+00,2.933386459574697791e-01,-8.609010551074795792e-02,5.553339565140577583e-02,2.515999999999999348e-01,3.297599999999999421e-01,3.895199999999999219e-01,3.929644827496536208e-01,5.886207044675044985e-03,1.675560000000000604e+00,1.298280000000000101e+00,7.911600000000000854e-01,5.904400000000000759e-01,5.756399999999999295e-01,5.931600000000000206e-01,1.180719999999999104e+00
1.641959999999999864e+00,6.126400000000002954e-01,4.565600000000000769e-01,6.571600000000002995e-01,6.727999999999999536e-01,5.400399999999995204e-01,4.230800000000000671e-01,4.197200000000002040e-01,5.175199999999999800e-01,1.233520000000000172e+00,1.122239999999999904e+00,6.088400000000003809e-01,6.369999999999998996e-01,8.030000000000000471e-01,9.459600000000001341e-01,9.992400000000002391e-01,1.072121610797283964e+00,2.968948073490904616e-01,-9.794225797867241179e-02,5.569339565140578319e-02,2.511999999999999234e-01,3.337999999999999301e-01,3.919999999999999596e-01,3.922276863936626778e-01,7.124404911905462580e-03,1.678960000000000674e+00,1.292440000000000033e+00,7.869600000000001039e-01,5.811200000000000809e-01,5.696399999999999242e-01,5.906000000000000139e-01,1.182799999999999185e+00
1.648599999999999843e+00,6.168800000000003170e-01,4.470800000000000884e-01,6.591200000000002612e-01,6.727999999999999536e-01,5.403999999999995474e-01,4.231200000000000516e-01,4.196800000000002195e-01,5.135600000000000165e-01,1.236760000000000081e+00,1.130560000000000009e+00,6.081600000000003670e-01,6.358799999999998898e-01,8.018399999999999972e-01,9.446400000000001462e-01,1.005160000000000275e+00,1.087783838001691095e+00,2.917559908166524885e-01,-1.058808169928234649e-01,4.641339565140578660e-02,2.480399999999999272e-01,3.250799999999999246e-01,3.970399999999999485e-01,3.960860902293343311e-01,4.621575924872445285e-03,1.686160000000000769e+00,1.294399999999999995e+00,7.827200000000000824e-01,5.820000000000000728e-01,5.655599999999999516e-01,5.816400000000000459e-01,1.182639999999999247e+00
1.654279999999999751e+00,6.169200000000003570e-01,4.420000000000001150e-01,6.555600000000002536e-01,6.658399999999999874e-01,5.403199999999995784e-01,4.210400000000000253e-01,4.227600000000001912e-01,5.088000000000000300e-01,1.239200000000000079e+00,1.134400000000000075e+00,6.022800000000003706e-01,6.255999999999999339e-01,7.951599999999999779e-01,9.342800000000001104e-01,9.997600000000003151e-01,1.090024755342259066e+00,2.925478837521262587e-01,-1.164727851630969202e-01,4.953339565140577744e-02,2.451999999999999180e-01,3.294399999999999551e-01,3.974799999999999445e-01,3.949178504178182392e-01,4.579948772992013632e-03,1.689960000000000795e+00,1.290960000000000107e+00,7.759600000000000941e-01,5.778000000000000913e-01,5.638799999999999368e-01,5.785200000000000342e-01,1.186079999999999135e+00
1.653439999999999799e+00,6.176000000000003709e-01,4.335200000000001275e-01,6.584000000000002073e-01,6.663200000000000234e-01,5.385199999999995546e-01,4.195200000000000040e-01,4.235600000000002141e-01,5.100000000000000089e-01,1.245319999999999983e+00,1.142000000000000126e+00,5.998800000000004129e-01,6.234399999999998832e-01,7.929199999999999582e-01,9.334800000000000875e-01,1.004920000000000258e+00,1.105352007425661087e+00,2.942842691372616337e-01,-1.213860575491637200e-01,4.701339565140578991e-02,2.440399999999999237e-01,3.331999999999999407e-01,3.953599999999999337e-01,3.959112818746111651e-01,2.700524216565904252e-03,1.698200000000000820e+00,1.287880000000000136e+00,7.696400000000001018e-01,5.755200000000000315e-01,5.591999999999999194e-01,5.693599999999999772e-01,1.182359999999999189e+00
1.653919999999999835e+00,6.281600000000003847e-01,4.258000000000001228e-01,6.621600000000001929e-01,6.578800000000000203e-01,5.380799999999995586e-01,4.168000000000000038e-01,4.261600000000002053e-01,5.076800000000000201e-01,1.246520000000000072e+00,1.155280000000000085e+00,5.955200000000003824e-01,6.143999999999998352e-01,7.836400000000000032e-01,9.255200000000001204e-01,1.004640000000000200e+00,1.108173240902201151e+00,2.980711921051213409e-01,-1.348695249340904068e-01,4.893339565140578107e-02,2.496799999999999298e-01,3.330799999999999317e-01,3.982799999999999119e-01,3.991994105663415615e-01,7.726611618691248823e-03,1.703040000000000775e+00,1.286760000000000126e+00,7.751600000000000712e-01,5.798400000000000221e-01,5.637599999999999278e-01,5.669199999999999795e-01,1.185559999999999059e+00
1.659039999999999848e+00,6.293200000000004346e-01,4.160800000000001164e-01,6.581200000000001493e-01,6.537600000000000078e-01,5.318399999999995353e-01,4.138399999999999856e-01,4.232800000000002116e-01,5.056399999999999784e-01,1.247880000000000100e+00,1.165280000000000094e+00,5.924000000000003707e-01,6.154399999999998760e-01,7.854799999999999560e-01,9.236400000000001276e-01,1.007920000000000149e+00,1.122935806963966110e+00,2.984013269513234312e-01,-1.454932193639485449e-01,4.909339565140578843e-02,2.501199999999999535e-01,3.345999999999998975e-01,3.943599999999998773e-01,3.940315482965957572e-01,4.055160281802090705e-03,1.706800000000000761e+00,1.285160000000000080e+00,7.717200000000000726e-01,5.735999999999999988e-01,5.596399999999999153e-01,5.637999999999999678e-01,1.183839999999999115e+00
1.664439999999999920e+00,6.283200000000004337e-01,4.098800000000001331e-01,6.593600000000001682e-01,6.556800000000000406e-01,5.261999999999995570e-01,4.145199999999999996e-01,4.267600000000001947e-01,5.036399999999999766e-01,1.252800000000000136e+00,1.171360000000000179e+00,5.859200000000003294e-01,6.136399999999998522e-01,7.785199999999999898e-01,9.180000000000001492e-01,1.005960000000000187e+00,1.124887531367781968e+00,2.961075782344534391e-01,-1.516668442550293538e-01,4.489339565140580690e-02,2.467599999999999516e-01,3.309199999999998809e-01,3.948799999999998978e-01,3.935735358291105324e-01,6.646844594679896315e-03,1.703600000000000669e+00,1.283760000000000012e+00,7.692800000000000749e-01,5.665599999999999525e-01,5.533599999999999630e-01,5.647199999999999998e-01,1.188599999999999213e+00
1.669880000000000031e+00,6.324000000000004063e-01,4.018800000000001260e-01,6.607200000000001960e-01,6.503200000000000092e-01,5.233599999999996033e-01,4.178399999999999892e-01,4.276400000000001866e-01,5.064400000000000013e-01,1.247840000000000060e+00,1.173600000000000199e+00,5.845200000000003726e-01,6.087999999999998968e-01,7.745600000000000263e-01,9.160800000000001164e-01,1.006760000000000099e+00,1.134083803609008623e+00,2.944762079756640949e-01,-1.558630305432484320e-01,4.261339565140581653e-02,2.403999999999999471e-01,3.282799999999999052e-01,3.901599999999998958e-01,3.940214872039586869e-01,6.504215166064673988e-03,1.713920000000000554e+00,1.280960000000000099e+00,7.662000000000001032e-01,5.687599999999999323e-01,5.528799999999999271e-01,5.598800000000000443e-01,1.186959999999999127e+00
1.669480000000000075e+00,6.377600000000004377e-01,3.938800000000001189e-01,6.570000000000001394e-01,6.486399999999999944e-01,5.191999999999996618e-01,4.153600000000000070e-01,4.195200000000001705e-01,5.104800000000000448e-01,1.246480000000000032e+00,1.177800000000000180e+00,5.818800000000003969e-01,6.060399999999999121e-01,7.682400000000000340e-01,9.105600000000001470e-01,1.008080000000000087e+00,1.137571223435106527e+00,2.917289373433626931e-01,-1.664699283093188098e-01,4.385339565140583540e-02,2.396399999999999364e-01,3.284799999999998832e-01,3.904799999999998827e-01,3.942335337090622227e-01,9.901507207629643009e-03,1.716840000000000588e+00,1.274800000000000155e+00,7.700400000000000578e-01,5.638399999999998968e-01,5.488799999999999235e-01,5.528399999999999981e-01,1.185479999999999201e+00
1.679800000000000182e+00,6.437600000000004430e-01,3.924400000000001221e-01,6.571200000000001484e-01,6.460399999999999476e-01,5.185599999999996879e-01,4.159999999999999809e-01,4.190000000000002056e-01,5.111200000000000188e-01,1.257519999999999971e+00,1.185040000000000093e+00,5.757200000000004536e-01,6.051599999999999202e-01,7.657599999999999962e-01,9.062400000000001565e-01,1.010280000000000067e+00,1.148602449201234332e+00,2.892381161631657482e-01,-1.805028409616702967e-01,3.769339565140582271e-02,2.335199999999999498e-01,3.288399999999999102e-01,3.948399999999999133e-01,3.936518129733827531e-01,8.536548403818566833e-03,1.724440000000000639e+00,1.276160000000000183e+00,7.742400000000000393e-01,5.585599999999999454e-01,5.469599999999998907e-01,5.522000000000000242e-01,1.191439999999999166e+00
1.675960000000000116e+00,6.469200000000004946e-01,3.843600000000001460e-01,6.543600000000001637e-01,6.407999999999999252e-01,5.209999999999996856e-01,4.145999999999999686e-01,4.141600000000001947e-01,5.128800000000000026e-01,1.255759999999999987e+00,1.184039999999999981e+00,5.657200000000004447e-01,5.954399999999999693e-01,7.619599999999999707e-01,8.994400000000001283e-01,1.011519999999999975e+00,1.153575539293504315e+00,2.848210103350353184e-01,-1.832105645881038636e-01,3.469339565140582005e-02,2.333999999999999408e-01,3.328799999999998982e-01,3.952399999999999247e-01,3.924651831405079894e-01,9.187906739397429592e-03,1.729880000000000528e+00,1.269520000000000204e+00,7.628400000000000736e-01,5.485199999999998965e-01,5.344399999999999151e-01,5.517199999999999882e-01,1.189599999999999103e+00
1.686000000000000165e+00,6.473200000000004506e-01,3.788000000000001366e-01,6.550800000000002177e-01,6.400399999999999423e-01,5.204399999999996806e-01,4.156799999999999384e-01,4.171200000000002128e-01,5.080799999999999761e-01,1.269039999999999946e+00,1.193440000000000056e+00,5.643600000000004169e-01,5.932399999999999896e-01,7.597999999999999199e-01,8.952400000000001468e-01,1.011600000000000055e+00,1.163085035617478002e+00,2.829728295295289020e-01,-1.945003413235590062e-01,3.673339565140582019e-02,2.338799999999999213e-01,3.297599999999998865e-01,3.943599999999999328e-01,3.940850068905029091e-01,1.153312042242688081e-02,1.735960000000000614e+00,1.270440000000000236e+00,7.615600000000001257e-01,5.528399999999998871e-01,5.366399999999998949e-01,5.522399999999999531e-01,1.198799999999998978e+00
1.687880000000000269e+00,6.509600000000004272e-01,3.762800000000001699e-01,6.494800000000001683e-01,6.373599999999999266e-01,5.149999999999996803e-01,4.153599999999999515e-01,4.200400000000001910e-01,5.113999999999999657e-01,1.268440000000000012e+00,1.199600000000000000e+00,5.606000000000004313e-01,5.862800000000000233e-01,7.521999999999998687e-01,8.952000000000001068e-01,1.008000000000000007e+00,1.167768284831076864e+00,2.836017070704516807e-01,-1.960681623587463562e-01,2.989339565140581786e-02,2.333999999999999408e-01,3.269999999999999019e-01,3.913199999999999457e-01,3.967762090438855527e-01,1.097818202067396207e-02,1.744480000000000697e+00,1.272160000000000180e+00,7.570000000000001172e-01,5.490399999999998615e-01,5.312399999999999345e-01,5.446799999999999420e-01,1.200559999999998961e+00
1.688600000000000323e+00,6.542800000000004168e-01,3.728400000000001713e-01,6.497600000000001153e-01,6.356399999999999828e-01,5.123199999999996646e-01,4.182399999999999451e-01,4.206800000000002204e-01,5.180399999999999450e-01,1.270320000000000116e+00,1.201719999999999899e+00,5.556400000000004669e-01,5.840400000000000036e-01,7.473599999999999133e-01,8.931600000000000650e-01,1.011000000000000121e+00,1.176750327683880215e+00,2.842815589817552224e-01,-2.021539014423459069e-01,2.829339565140581714e-02,2.339999999999999303e-01,3.242399999999999172e-01,3.924399999999999555e-01,3.996412251697567530e-01,7.977406186028228666e-03,1.745200000000000751e+00,1.268120000000000136e+00,7.540000000000001146e-01,5.447199999999998710e-01,5.281199999999999228e-01,5.409199999999999564e-01,1.197039999999998994e+00
1.695360000000000422e+00,6.596800000000003772e-01,3.650400000000001977e-01,6.485600000000001364e-01,6.341200000000000170e-01,5.127199999999996205e-01,4.167999999999999483e-01,4.216400000000002368e-01,5.155999999999999472e-01,1.271240000000000148e+00,1.207999999999999963e+00,5.519600000000004503e-01,5.762399999999999745e-01,7.442799999999999416e-01,8.882000000000001005e-01,1.013760000000000217e+00,1.185630371385416826e+00,2.844187917556322831e-01,-2.059522474457579078e-01,2.853339565140581430e-02,2.337599999999999123e-01,3.241999999999999327e-01,3.967999999999999861e-01,3.979317065515779461e-01,5.497638582777309921e-03,1.746960000000000734e+00,1.273320000000000229e+00,7.480000000000001092e-01,5.466399999999999038e-01,5.266399999999998860e-01,5.395999999999999686e-01,1.201359999999999095e+00
1.700000000000000400e+00,6.615600000000003700e-01,3.612400000000002276e-01,6.506400000000001071e-01,6.280799999999999716e-01,5.076399999999996471e-01,4.200799999999999534e-01,4.244400000000002615e-01,5.146399999999999864e-01,1.279680000000000151e+00,1.210399999999999920e+00,5.481600000000004247e-01,5.687599999999999323e-01,7.407599999999999740e-01,8.888400000000000745e-01,1.015440000000000342e+00,1.191693805768632375e+00,2.819401086523274369e-01,-2.054112805185485113e-01,3.337339565140581832e-02,2.338399999999999090e-01,3.213199999999999390e-01,3.927999999999999825e-01,3.981226908354058014e-01,1.048987966127825841e-02,1.751120000000000676e+00,1.273520000000000207e+00,7.435600000000001097e-01,5.431199999999999362e-01,5.263999999999998680e-01,5.320799999999999974e-01,1.200439999999999063e+00
1.705800000000000427e+00,6.701200000000003820e-01,3.590400000000002478e-01,6.514400000000001301e-01,6.279199999999999227e-01,5.071599999999996111e-01,4.163599999999999524e-01,4.264000000000002233e-01,5.171999999999999931e-01,1.280680000000000263e+00,1.213840000000000030e+00,5.415600000000003744e-01,5.694799999999999862e-01,7.368399999999999395e-01,8.840000000000001190e-01,1.012360000000000371e+00,1.191429732271146680e+00,2.851614377650188992e-01,-2.170874330366490690e-01,2.997339565140581460e-02,2.312799999999999023e-01,3.229599999999999138e-01,3.929599999999999760e-01,4.000313979045562740e-01,1.807113489088798056e-02,1.749640000000000750e+00,1.274600000000000177e+00,7.399200000000001332e-01,5.452399999999999469e-01,5.223199999999998955e-01,5.291599999999999637e-01,1.204599999999999005e+00
1.707240000000000535e+00,6.695600000000003771e-01,3.512800000000002587e-01,6.528400000000000869e-01,6.293199999999998795e-01,5.108399999999996277e-01,4.150799999999999490e-01,4.242800000000002125e-01,5.154799999999999383e-01,1.284160000000000190e+00,1.214480000000000004e+00,5.387200000000004207e-01,5.697999999999999732e-01,7.367999999999998995e-01,8.818800000000001083e-01,1.010760000000000325e+00,1.201784219412390664e+00,2.841724140709196433e-01,-2.215054779792242079e-01,2.937339565140581477e-02,2.309999999999998999e-01,3.192799999999998972e-01,3.932399999999999785e-01,3.973108027663788122e-01,2.183606141481233415e-02,1.756000000000000671e+00,1.273120000000000251e+00,7.359200000000001296e-01,5.467599999999999127e-01,5.193999999999998618e-01,5.253599999999999381e-01,1.206519999999998927e+00
1.709200000000000497e+00,6.704800000000004090e-01,3.455600000000002558e-01,6.572400000000000464e-01,6.275999999999998247e-01,5.098399999999996268e-01,4.174399999999999777e-01,4.249200000000001864e-01,5.117599999999998817e-01,1.288280000000000092e+00,1.217880000000000074e+00,5.336000000000004073e-01,5.687999999999999723e-01,7.325599999999998779e-01,8.756400000000000849e-01,1.008600000000000385e+00,1.207636553379924038e+00,2.871990739919971225e-01,-2.290984542799825996e-01,3.557339565140579807e-02,2.330399999999998861e-01,3.227199999999998958e-01,3.913199999999999457e-01,4.037600990265914902e-01,2.565039082449079369e-02,1.761240000000000583e+00,1.271160000000000290e+00,7.282400000000001095e-01,5.446799999999999420e-01,5.159199999999998232e-01,5.166399999999998771e-01,1.209839999999998916e+00
1.712800000000000544e+00,6.666800000000003834e-01,3.410000000000002474e-01,6.527200000000000779e-01,6.274799999999998157e-01,5.089199999999995949e-01,4.161199999999999899e-01,4.304000000000001713e-01,5.138399999999998524e-01,1.289880000000000138e+00,1.223240000000000105e+00,5.308800000000004626e-01,5.657599999999999296e-01,7.350399999999999157e-01,8.739600000000000701e-01,1.010360000000000369e+00,1.217713199158129145e+00,2.864293127804863892e-01,-2.358146823730047914e-01,3.237339565140579661e-02,2.252399999999998847e-01,3.227199999999998958e-01,3.887999999999999234e-01,4.027218281885437956e-01,2.395285492364512478e-02,1.763840000000000519e+00,1.270840000000000192e+00,7.262400000000001077e-01,5.445999999999999730e-01,5.150799999999998713e-01,5.137999999999999234e-01,1.211919999999998998e+00
1.714800000000000546e+00,6.639200000000003987e-01,3.329600000000002558e-01,6.544400000000000217e-01,6.229599999999998472e-01,5.048399999999996224e-01,4.115599999999999814e-01,4.286000000000001475e-01,5.091199999999997949e-01,1.291520000000000223e+00,1.223440000000000083e+00,5.231600000000004025e-01,5.577999999999999625e-01,7.271599999999999175e-01,8.716800000000001214e-01,1.009640000000000315e+00,1.222770961522767763e+00,2.831230682411835509e-01,-2.369494898814969164e-01,3.101339565140579305e-02,2.265999999999998848e-01,3.218399999999999039e-01,3.911599999999999522e-01,4.037643916025839275e-01,2.663147261499224788e-02,1.766760000000000552e+00,1.269400000000000306e+00,7.264800000000001257e-01,5.472000000000000197e-01,5.137999999999999234e-01,5.127599999999998825e-01,1.214479999999998894e+00
1.719480000000000564e+00,6.700800000000004530e-01,3.304000000000002490e-01,6.580000000000000293e-01,6.251199999999998980e-01,5.040799999999996395e-01,4.160399999999999654e-01,4.224800000000001332e-01,5.109199999999998187e-01,1.292720000000000313e+00,1.222160000000000135e+00,5.247200000000004083e-01,5.576399999999999135e-01,7.267999999999998906e-01,8.712000000000000854e-01,1.010440000000000227e+00,1.228887551851265636e+00,2.885959535108057472e-01,-2.403326081506196865e-01,2.625339565140578230e-02,2.225999999999998813e-01,3.205999999999998851e-01,3.939999999999999614e-01,4.024693654549814092e-01,2.890921298436065212e-02,1.770240000000000480e+00,1.265440000000000342e+00,7.220000000000000862e-01,5.465999999999999748e-01,5.143599999999999284e-01,5.098799999999998889e-01,1.213559999999998862e+00
1.719200000000000506e+00,6.738800000000004786e-01,3.326000000000002288e-01,6.578000000000000513e-01,6.235199999999998521e-01,5.014399999999996638e-01,4.129999999999999782e-01,4.191200000000001036e-01,5.103199999999997738e-01,1.290160000000000196e+00,1.225560000000000205e+00,5.258800000000004582e-01,5.563199999999999257e-01,7.167199999999999127e-01,8.694400000000001016e-01,1.009840000000000293e+00,1.230981967293232282e+00,2.916584839408620788e-01,-2.409521453891076137e-01,2.405339565140578173e-02,2.197199999999998599e-01,3.238399999999999057e-01,3.924799999999999400e-01,4.010076081580648544e-01,2.899122570859690579e-02,1.774800000000000377e+00,1.266120000000000356e+00,7.235200000000000520e-01,5.412799999999999834e-01,5.108399999999999608e-01,5.065999999999999392e-01,1.218759999999998955e+00
1.719240000000000546e+00,6.774400000000004862e-01,3.312400000000002565e-01,6.528800000000000159e-01,6.163599999999997969e-01,5.007599999999996498e-01,4.121199999999999863e-01,4.200000000000000955e-01,5.110399999999997167e-01,1.296520000000000117e+00,1.226840000000000153e+00,5.210400000000005027e-01,5.510799999999999033e-01,7.220399999999999041e-01,8.686800000000001187e-01,1.008720000000000283e+00,1.234261975972030578e+00,2.978715816657208082e-01,-2.456238435681453725e-01,2.625339565140578230e-02,2.150399999999998424e-01,3.229999999999998983e-01,3.901999999999999358e-01,4.039876488245200958e-01,2.428283211273651182e-02,1.778000000000000469e+00,1.266480000000000272e+00,7.206800000000000983e-01,5.432799999999999851e-01,5.093599999999999239e-01,5.047199999999999465e-01,1.220039999999998903e+00
1.725920000000000565e+00,6.778400000000004422e-01,3.320800000000002639e-01,6.570000000000000284e-01,6.205999999999998185e-01,4.977199999999996627e-01,4.126399999999999513e-01,4.208800000000000874e-01,5.114399999999996727e-01,1.298360000000000181e+00,1.229640000000000066e+00,5.178000000000004821e-01,5.478399999999998826e-01,7.201999999999999513e-01,8.622400000000001175e-01,1.010080000000000311e+00,1.233802868583512957e+00,2.997432514100275558e-01,-2.489797330951070142e-01,2.825339565140578407e-02,2.147599999999998399e-01,3.287999999999999257e-01,3.952399999999999247e-01,4.012358759857007073e-01,2.830810198158632829e-02,1.777720000000000411e+00,1.267000000000000348e+00,7.180000000000000826e-01,5.417999999999999483e-01,5.080799999999998651e-01,5.000799999999999690e-01,1.222839999999998817e+00
1.733040000000000580e+00,6.743200000000004746e-01,3.268000000000002570e-01,6.530400000000000649e-01,6.217199999999998283e-01,4.945199999999996820e-01,4.097999999999999421e-01,4.250000000000000999e-01,5.145599999999996843e-01,1.302840000000000220e+00,1.231640000000000068e+00,5.149200000000004884e-01,5.459599999999998898e-01,7.244399999999999729e-01,8.562400000000001121e-01,1.013360000000000261e+00,1.242079972694395407e+00,2.974624022038461213e-01,-2.516046280109747735e-01,2.717339565140579338e-02,2.099999999999998257e-01,3.329599999999999227e-01,3.914399999999998991e-01,4.048494115795468473e-01,2.513875650886123955e-02,1.785120000000000484e+00,1.267200000000000326e+00,7.117600000000000593e-01,5.404399999999999205e-01,5.096399999999998709e-01,4.963999999999999524e-01,1.222159999999998803e+00
1.737040000000000584e+00,6.833200000000004826e-01,3.246400000000002617e-01,6.560800000000001075e-01,6.261199999999997878e-01,4.888399999999996637e-01,4.141599999999999726e-01,4.283200000000000895e-01,5.109599999999996367e-01,1.301080000000000236e+00,1.229600000000000026e+00,5.082800000000005092e-01,5.423599999999998422e-01,7.157599999999999518e-01,8.495600000000000929e-01,1.013080000000000203e+00,1.252189367592817071e+00,2.889838108514011239e-01,-2.538694599258567997e-01,2.753339565140577525e-02,2.148799999999998211e-01,3.307999999999999274e-01,3.896799999999999153e-01,4.064790620054167247e-01,2.172964464751968999e-02,1.785200000000000564e+00,1.260080000000000311e+00,7.070000000000000728e-01,5.391199999999999326e-01,5.061199999999999033e-01,4.984399999999999387e-01,1.221439999999998749e+00
1.739120000000000665e+00,6.836400000000004695e-01,3.211600000000002786e-01,6.594400000000001372e-01,6.216399999999997483e-01,4.931999999999996942e-01,4.124399999999999733e-01,4.249200000000000754e-01,5.077599999999996561e-01,1.308560000000000167e+00,1.235559999999999992e+00,5.090800000000005321e-01,5.486399999999997945e-01,7.203600000000000003e-01,8.500800000000000578e-01,1.020600000000000174e+00,1.253395351367176724e+00,2.926907490870475637e-01,-2.499564750440668170e-01,2.585339565140578472e-02,2.137599999999998390e-01,3.298399999999999666e-01,3.887999999999999234e-01,4.062734331713020453e-01,2.301601882345414782e-02,1.787400000000000544e+00,1.255240000000000355e+00,7.082400000000000917e-01,5.367199999999999749e-01,5.067999999999999172e-01,4.968799999999999328e-01,1.226199999999998846e+00
1.738880000000000647e+00,6.805600000000004979e-01,3.164800000000002611e-01,6.620800000000001129e-01,6.225599999999997802e-01,4.915599999999997194e-01,4.119199999999999529e-01,4.255200000000000649e-01,5.031599999999996076e-01,1.303080000000000238e+00,1.230399999999999938e+00,5.004800000000004800e-01,5.420799999999997842e-01,7.162800000000000278e-01,8.478400000000000380e-01,1.017720000000000180e+00,1.261879261088615145e+00,2.915416885406538205e-01,-2.538766467318193110e-01,2.397339565140579193e-02,2.138399999999998635e-01,3.339999999999999636e-01,3.907599999999999407e-01,4.088753248759499637e-01,1.862823515111164743e-02,1.787160000000000526e+00,1.257280000000000397e+00,7.026000000000001133e-01,5.374799999999999578e-01,5.049199999999999244e-01,4.909999999999999365e-01,1.227719999999998812e+00
1.745600000000000707e+00,6.792800000000005500e-01,3.206800000000002426e-01,6.616800000000001569e-01,6.276799999999997937e-01,4.947199999999997155e-01,4.179199999999999582e-01,4.221600000000000352e-01,5.005199999999996319e-01,1.308440000000000270e+00,1.235399999999999832e+00,5.002800000000005021e-01,5.370799999999997798e-01,7.146400000000000530e-01,8.452000000000000624e-01,1.018960000000000088e+00,1.268193500417945208e+00,2.942041344241734802e-01,-2.600702228422496765e-01,2.369339565140579987e-02,2.083999999999998631e-01,3.373199999999999532e-01,3.933199999999999474e-01,4.103855951238287725e-01,2.325614090094844238e-02,1.795760000000000467e+00,1.260400000000000409e+00,6.992400000000000837e-01,5.390399999999999636e-01,5.085199999999999720e-01,4.899199999999999111e-01,1.228239999999998888e+00
1.750080000000000746e+00,6.824400000000004907e-01,3.132800000000002805e-01,6.613200000000001300e-01,6.219199999999998063e-01,4.947599999999997000e-01,4.143199999999999661e-01,4.213600000000000123e-01,5.059199999999995923e-01,1.312560000000000171e+00,1.234999999999999876e+00,4.954800000000004756e-01,5.311999999999997835e-01,7.133599999999999941e-01,8.388400000000000301e-01,1.021760000000000002e+00,1.271237980343086660e+00,2.956693485570209279e-01,-2.624423524177050271e-01,1.653339565140580711e-02,2.115999999999998715e-01,3.345199999999999285e-01,3.903999999999999138e-01,4.047078053104938289e-01,1.930171688926075879e-02,1.791360000000000507e+00,1.258920000000000483e+00,6.930000000000000604e-01,5.411199999999999344e-01,5.070000000000000062e-01,4.865199999999998970e-01,1.226839999999998820e+00
1.753240000000000798e+00,6.848800000000004884e-01,3.141200000000002879e-01,6.632000000000001227e-01,6.181599999999998207e-01,4.958399999999997254e-01,4.096799999999999886e-01,4.229200000000000181e-01,5.092399999999995819e-01,1.312080000000000135e+00,1.236239999999999783e+00,4.914000000000005031e-01,5.293199999999997907e-01,7.120400000000000063e-01,8.392000000000000570e-01,1.026359999999999939e+00,1.274007294514730937e+00,2.962349876375063307e-01,-2.635303054637025966e-01,1.205339565140578495e-02,2.113999999999998658e-01,3.301199999999999690e-01,3.894399999999999529e-01,4.049421445349111748e-01,1.748099450348488890e-02,1.803280000000000438e+00,1.257760000000000433e+00,6.912400000000000766e-01,5.444799999999999640e-01,5.041999999999999815e-01,4.837599999999999123e-01,1.230559999999998766e+00
1.753200000000000758e+00,6.819200000000005257e-01,3.138000000000003009e-01,6.593200000000001282e-01,6.179599999999998428e-01,4.950799999999997425e-01,4.087999999999999967e-01,4.210400000000000253e-01,5.089999999999995639e-01,1.316120000000000179e+00,1.237439999999999873e+00,4.854000000000004977e-01,5.304399999999998006e-01,7.095599999999999685e-01,8.288800000000000612e-01,1.026159999999999961e+00,1.272210012557571490e+00,3.002336374903122884e-01,-2.605658468455771537e-01,1.393339565140577774e-02,2.089199999999998836e-01,3.269999999999999574e-01,3.942799999999999638e-01,4.072072335194002468e-01,1.508560560294750809e-02,1.803520000000000456e+00,1.259560000000000457e+00,6.816400000000000237e-01,5.385999999999999677e-01,4.993199999999999861e-01,4.878799999999999248e-01,1.237119999999998665e+00
1.752360000000000806e+00,6.832400000000005136e-01,3.131200000000002870e-01,6.620000000000001439e-01,6.129999999999998783e-01,4.936399999999997457e-01,4.065199999999999925e-01,4.188400000000000456e-01,5.101199999999995738e-01,1.319480000000000208e+00,1.239399999999999835e+00,4.805200000000005023e-01,5.305999999999997385e-01,7.121199999999999752e-01,8.263200000000000545e-01,1.032159999999999966e+00,1.277799843863513640e+00,3.069474448129920763e-01,-2.570578661723082470e-01,8.853395651405780026e-03,2.085599999999998844e-01,3.287199999999999567e-01,3.897999999999999798e-01,4.082399449051197227e-01,1.833975873747834343e-02,1.805560000000000498e+00,1.256360000000000365e+00,6.819200000000000816e-01,5.413199999999999124e-01,5.005999999999999339e-01,4.822799999999999310e-01,1.236039999999998695e+00
1.759200000000000763e+00,6.884000000000004560e-01,3.183600000000003094e-01,6.624400000000001398e-01,6.175599999999998868e-01,4.962399999999997369e-01,4.109200000000000075e-01,4.176800000000000512e-01,5.103999999999995207e-01,1.321000000000000174e+00,1.235959999999999948e+00,4.744400000000005280e-01,5.291199999999997017e-01,7.128799999999999581e-01,8.209200000000000941e-01,1.033320000000000016e+00,1.286305754596904993e+00,2.988569925194889954e-01,-2.604339908134316040e-01,1.529339565140578130e-02,2.092399999999998705e-01,3.338799999999999546e-01,3.932399999999999785e-01,4.068227819284518376e-01,1.988867161108706996e-02,1.810240000000000515e+00,1.256240000000000467e+00,6.814000000000001167e-01,5.413199999999999124e-01,4.997599999999999265e-01,4.828399999999999359e-01,1.241599999999998705e+00
1.761600000000000721e+00,6.850000000000004974e-01,3.165200000000003011e-01,6.650800000000001155e-01,6.177999999999999048e-01,4.936799999999997302e-01,4.092000000000000082e-01,4.218800000000000328e-01,5.059199999999994812e-01,1.325040000000000218e+00,1.238920000000000021e+00,4.708000000000005514e-01,5.313999999999996504e-01,7.162799999999999168e-01,8.196000000000001062e-01,1.031239999999999934e+00,1.287153700904017262e+00,3.029292635755784224e-01,-2.591546547739181916e-01,1.549339565140578183e-02,2.071199999999998598e-01,3.310799999999999854e-01,3.957599999999999452e-01,4.087785583024118319e-01,2.041763755055236648e-02,1.812760000000000593e+00,1.251440000000000552e+00,6.739600000000001145e-01,5.390799999999998926e-01,5.004799999999999249e-01,4.801199999999999357e-01,1.240639999999998633e+00
1.765320000000000666e+00,6.836800000000005095e-01,3.151600000000002733e-01,6.632000000000001227e-01,6.142799999999999372e-01,4.945999999999997621e-01,4.068399999999999794e-01,4.238000000000000100e-01,5.048799999999994403e-01,1.322440000000000282e+00,1.235519999999999952e+00,4.648400000000005861e-01,5.271599999999996289e-01,7.197999999999998844e-01,8.117200000000001081e-01,1.031560000000000032e+00,1.290358790661003452e+00,3.011068186738784513e-01,-2.604750835811385778e-01,1.501339565140579098e-02,2.079999999999998517e-01,3.256800000000000250e-01,3.929199999999999360e-01,4.081309736773287011e-01,1.606118761603101200e-02,1.820640000000000480e+00,1.250480000000000480e+00,6.742800000000001015e-01,5.387999999999999456e-01,5.010399999999999299e-01,4.795599999999999308e-01,1.240919999999998691e+00
1.771240000000000592e+00,6.838400000000005585e-01,3.160800000000003052e-01,6.614800000000000679e-01,6.095599999999998797e-01,4.963199999999997614e-01,4.080799999999999983e-01,4.249999999999999889e-01,5.090399999999993819e-01,1.315960000000000241e+00,1.237239999999999895e+00,4.655200000000006000e-01,5.324799999999996203e-01,7.212799999999999212e-01,8.135600000000000609e-01,1.032280000000000086e+00,1.292713313028831523e+00,3.037306953610837690e-01,-2.596350835811385704e-01,1.337339565140579362e-02,2.107599999999998641e-01,3.223199999999999954e-01,4.009999999999999121e-01,4.109741440902217602e-01,1.569316149189274937e-02,1.821840000000000570e+00,1.249560000000000448e+00,6.680000000000001492e-01,5.390399999999999636e-01,5.013599999999999168e-01,4.767599999999999061e-01,1.239439999999998765e+00
1.769280000000000630e+00,6.860400000000005383e-01,3.130800000000003025e-01,6.600000000000000311e-01,6.102799999999999336e-01,4.940799999999997416e-01,4.102399999999999936e-01,4.214399999999999813e-01,5.139999999999993463e-01,1.314600000000000213e+00,1.235199999999999854e+00,4.542400000000005877e-01,5.296399999999996666e-01,7.179599999999999316e-01,8.070800000000000196e-01,1.028720000000000079e+00,1.292624421082134045e+00,3.037124254511753274e-01,-2.671550835811385416e-01,1.501339565140578924e-02,2.115599999999998593e-01,3.280399999999999983e-01,4.037599999999998968e-01,4.147833107426080468e-01,2.407332146040901816e-02,1.826480000000000548e+00,1.248720000000000496e+00,6.627200000000001978e-01,5.382399999999999407e-01,5.027999999999999137e-01,4.755999999999999117e-01,1.244039999999998702e+00
1.774760000000000559e+00,6.811200000000005028e-01,3.126400000000003065e-01,6.555199999999999916e-01,6.161599999999999300e-01,4.917599999999997529e-01,4.044400000000000217e-01,4.214399999999999813e-01,5.087999999999993639e-01,1.323040000000000216e+00,1.241039999999999921e+00,4.591200000000005832e-01,5.317599999999996774e-01,7.260799999999999477e-01,8.097600000000000353e-01,1.032640000000000002e+00,1.297158517065467587e+00,3.049598168490580963e-01,-2.721159398932179729e-01,1.861339565140579175e-02,2.092799999999998550e-01,3.284400000000000097e-01,4.019999999999999130e-01,4.096631386751349302e-01,2.467530766658687300e-02,1.826960000000000583e+00,1.249920000000000586e+00,6.644000000000002126e-01,5.366799999999999349e-01,5.033599999999999186e-01,4.793199999999999128e-01,1.251839999999998732e+00
1.766160000000000618e+00,6.812800000000005518e-01,3.112400000000002942e-01,6.547600000000000087e-01,6.172799999999999399e-01,4.975999999999997647e-01,4.000000000000000222e-01,4.256399999999999628e-01,5.072399999999993581e-01,1.323320000000000274e+00,1.232359999999999900e+00,4.528400000000005754e-01,5.247999999999997112e-01,7.199200000000000044e-01,8.061200000000000587e-01,1.033800000000000052e+00,1.306137324115850706e+00,2.952787915205858371e-01,-2.705559398932179671e-01,2.117339565140579846e-02,2.117199999999998805e-01,3.251200000000000201e-01,4.037199999999999123e-01,4.125247570710596223e-01,1.787557030278051975e-02,1.823800000000000532e+00,1.247040000000000592e+00,6.601600000000001911e-01,5.355999999999999650e-01,5.000399999999999290e-01,4.762399999999999411e-01,1.251959999999998630e+00
1.772080000000000544e+00,6.852000000000005864e-01,3.140000000000002789e-01,6.569599999999999884e-01,6.193999999999999506e-01,5.001999999999997559e-01,4.087600000000000122e-01,4.254799999999999693e-01,5.055199999999993032e-01,1.330000000000000293e+00,1.240559999999999885e+00,4.525600000000005729e-01,5.341199999999997061e-01,7.218799999999999661e-01,8.051200000000000578e-01,1.034280000000000088e+00,1.314173314353722422e+00,2.971090954178234322e-01,-2.719559398932179795e-01,1.261339565140580203e-02,2.074399999999998745e-01,3.281200000000000228e-01,4.022399999999999309e-01,4.148569501273394744e-01,2.285843337317058563e-02,1.833000000000000629e+00,1.244320000000000537e+00,6.596800000000001551e-01,5.408399999999999874e-01,4.962799999999999434e-01,4.733199999999999630e-01,1.255399999999998739e+00
1.768720000000000514e+00,6.905600000000006178e-01,3.133200000000002650e-01,6.556800000000000406e-01,6.095999999999999197e-01,4.968399999999997263e-01,4.119200000000000084e-01,4.231199999999999406e-01,5.082399999999993589e-01,1.334400000000000253e+00,1.237719999999999931e+00,4.460800000000005872e-01,5.319599999999996554e-01,7.188399999999999235e-01,8.033600000000000740e-01,1.030240000000000045e+00,1.311369539509505966e+00,2.981531682744593126e-01,-2.717559398932180015e-01,2.145339565140580440e-02,2.087199999999998778e-01,3.268800000000000039e-01,3.995999999999998997e-01,4.153475236310252283e-01,2.204533540753834953e-02,1.825800000000000534e+00,1.243240000000000567e+00,6.565600000000001435e-01,5.320399999999999574e-01,4.965999999999999304e-01,4.699199999999999489e-01,1.253159999999998719e+00
1.768560000000000576e+00,6.912800000000005607e-01,3.119600000000002371e-01,6.511600000000000721e-01,6.137999999999999012e-01,4.988399999999997281e-01,4.151199999999999890e-01,4.195999999999999175e-01,5.042799999999993954e-01,1.335920000000000218e+00,1.234519999999999840e+00,4.431600000000005535e-01,5.359599999999996589e-01,7.181199999999998695e-01,8.012400000000000633e-01,1.033560000000000034e+00,1.320005407739136993e+00,3.010136067420739470e-01,-2.691559398932180103e-01,2.049339565140579841e-02,2.058399999999998564e-01,3.234400000000000053e-01,4.019599999999998730e-01,4.129170676673908358e-01,2.709498331312730143e-02,1.830080000000000595e+00,1.248280000000000500e+00,6.570000000000001394e-01,5.339199999999999502e-01,5.003999999999999559e-01,4.715599999999999237e-01,1.252839999999998621e+00
1.774640000000000661e+00,6.904800000000005378e-01,3.089200000000002500e-01,6.526800000000000379e-01,6.139599999999999502e-01,4.967599999999997573e-01,4.125599999999999823e-01,4.190399999999999125e-01,5.040399999999993774e-01,1.339840000000000142e+00,1.231999999999999762e+00,4.432400000000005225e-01,5.331199999999997052e-01,7.127199999999999092e-01,7.988000000000000655e-01,1.030159999999999965e+00,1.320292055687487087e+00,3.025023656010437101e-01,-2.721159398932180284e-01,2.229339565140579793e-02,2.058399999999998564e-01,3.271600000000000064e-01,4.060399999999998455e-01,4.099284717906401254e-01,2.603074165127138018e-02,1.829000000000000625e+00,1.245280000000000387e+00,6.493600000000001593e-01,5.327999999999999403e-01,4.935999999999999277e-01,4.675999999999999601e-01,1.255479999999998597e+00
1.776960000000000761e+00,6.854400000000004933e-01,3.069600000000002882e-01,6.502800000000000802e-01,6.139599999999999502e-01,4.969199999999997508e-01,4.157199999999999784e-01,4.157999999999998919e-01,5.045199999999994134e-01,1.343480000000000230e+00,1.234479999999999800e+00,4.432800000000005625e-01,5.347999999999997200e-01,7.083199999999999497e-01,7.967600000000000238e-01,1.034039999999999848e+00,1.323521971699692212e+00,3.043795210412451602e-01,-2.742359398932180392e-01,1.949339565140579406e-02,2.057599999999998597e-01,3.320000000000000173e-01,4.067999999999998284e-01,4.112860252660530680e-01,2.606623854216910674e-02,1.836560000000000636e+00,1.252960000000000296e+00,6.498800000000001242e-01,5.333599999999999453e-01,5.001599999999999380e-01,4.662799999999999723e-01,1.260759999999998549e+00
