9.998679999999999790e-01,1.000445999999999946e+00,9.985589999999999744e-01,9.959470000000000267e-01,9.979949999999999655e-01,9.965150000000000396e-01,9.999440000000000550e-01,1.000065999999999899e+00
9.998249999999999638e-01,1.000885999999999942e+00,9.971539999999999848e-01,9.918179999999999774e-01,9.960069999999999757e-01,9.930920000000000858e-01,1.000048999999999966e+00,1.000040999999999958e+00
9.997650000000000148e-01,1.001438000000000050e+00,9.957110000000000127e-01,9.876070000000000126e-01,9.940329999999999444e-01,9.896700000000000497e-01,1.000000000000000000e+00,1.000130999999999881e+00
9.996059999999999945e-01,1.001878999999999964e+00,9.943210000000000104e-01,9.835880000000000178e-01,9.920039999999999969e-01,9.862680000000000335e-01,1.000021999999999966e+00,1.000150999999999790e+00
9.995749999999999913e-01,1.002391000000000032e+00,9.928289999999999615e-01,9.794859999999999678e-01,9.900039999999999951e-01,9.826630000000000642e-01,9.999979999999999425e-01,1.000217999999999829e+00
9.994950000000000223e-01,1.002893000000000034e+00,9.914029999999999232e-01,9.753279999999999728e-01,9.880069999999999686e-01,9.792160000000000863e-01,9.998979999999999535e-01,1.000250999999999779e+00
9.994690000000000518e-01,1.003433999999999937e+00,9.899969999999999049e-01,9.712469999999999715e-01,9.859639999999999516e-01,9.757250000000000645e-01,9.998349999999999183e-01,1.000230999999999870e+00
9.993710000000000093e-01,1.003949999999999898e+00,9.886039999999999273e-01,9.671649999999999414e-01,9.838609999999999856e-01,9.722930000000000739e-01,9.998339999999998895e-01,1.000264999999999960e+00
9.992119999999999891e-01,1.004457999999999851e+00,9.870979999999999199e-01,9.630979999999998986e-01,9.817690000000000028e-01,9.686580000000000190e-01,9.999069999999998792e-01,1.000380000000000047e+00
9.991329999999999378e-01,1.004943999999999837e+00,9.856139999999998791e-01,9.590199999999998726e-01,9.796230000000000215e-01,9.651929999999999676e-01,9.999149999999998872e-01,1.000377000000000072e+00
9.990859999999999186e-01,1.005496999999999863e+00,9.841789999999999150e-01,9.547579999999998845e-01,9.774749999999999828e-01,9.616419999999999968e-01,9.999989999999998602e-01,1.000482000000000093e+00
9.989489999999998648e-01,1.006066999999999823e+00,9.826849999999999197e-01,9.505819999999999270e-01,9.753640000000000088e-01,9.580840000000000467e-01,9.999959999999998850e-01,1.000458000000000069e+00
9.989709999999998313e-01,1.006639999999999757e+00,9.812399999999998901e-01,9.463949999999998752e-01,9.731410000000000338e-01,9.546170000000000488e-01,1.000000999999999918e+00,1.000499000000000027e+00
9.988149999999997863e-01,1.007281999999999789e+00,9.797309999999999075e-01,9.422509999999998387e-01,9.709929999999999950e-01,9.509570000000000523e-01,1.000017999999999851e+00,1.000545999999999935e+00
9.987299999999997846e-01,1.007871999999999879e+00,9.781689999999999552e-01,9.379639999999997979e-01,9.688139999999999530e-01,9.474069999999999991e-01,1.000004999999999811e+00,1.000510000000000010e+00
9.986969999999998349e-01,1.008422999999999847e+00,9.766699999999999271e-01,9.336789999999998146e-01,9.666499999999998982e-01,9.437980000000000258e-01,9.999389999999998002e-01,1.000523000000000051e+00
9.986699999999998356e-01,1.008944999999999759e+00,9.751579999999999693e-01,9.293409999999998616e-01,9.643529999999999047e-01,9.401289999999999925e-01,9.998559999999997450e-01,1.000573000000000157e+00
9.985559999999998881e-01,1.009508999999999768e+00,9.736569999999999947e-01,9.250889999999998281e-01,9.621099999999999097e-01,9.364460000000000006e-01,9.998959999999997850e-01,1.000541000000000125e+00
9.984449999999999159e-01,1.010062999999999711e+00,9.721919999999999451e-01,9.207349999999998591e-01,9.598269999999998747e-01,9.328030000000000488e-01,9.998969999999998137e-01,1.000675000000000203e+00
9.983649999999999469e-01,1.010518999999999723e+00,9.707259999999999778e-01,9.164109999999998646e-01,9.575809999999999045e-01,9.291290000000000937e-01,9.999229999999997842e-01,1.000626000000000237e+00
9.982619999999999827e-01,1.011031999999999709e+00,9.691980000000000040e-01,9.120709999999998541e-01,9.551679999999999060e-01,9.254850000000001131e-01,9.999229999999997842e-01,1.000729000000000202e+00
9.981970000000000010e-01,1.011689999999999756e+00,9.677069999999999839e-01,9.078179999999999028e-01,9.528339999999999588e-01,9.218530000000001445e-01,9.999109999999997722e-01,1.000709000000000293e+00
9.981569999999999609e-01,1.012266999999999806e+00,9.661800000000000388e-01,9.035059999999999203e-01,9.504849999999999133e-01,9.181650000000001199e-01,9.998789999999997402e-01,1.000751000000000390e+00
9.981839999999999602e-01,1.012818999999999914e+00,9.647560000000000580e-01,8.991159999999999153e-01,9.481289999999998885e-01,9.144100000000001671e-01,9.998849999999996907e-01,1.000749000000000333e+00
9.980660000000000087e-01,1.013378999999999808e+00,9.632080000000000641e-01,8.947279999999999678e-01,9.457809999999998718e-01,9.106660000000001975e-01,9.998169999999997337e-01,1.000816000000000372e+00
9.980080000000000062e-01,1.014019999999999699e+00,9.616270000000000095e-01,8.903989999999999405e-01,9.433969999999998191e-01,9.071030000000002147e-01,9.997759999999997760e-01,1.000901000000000263e+00
9.978609999999999980e-01,1.014501999999999793e+00,9.600819999999999910e-01,8.860629999999999340e-01,9.410669999999997648e-01,9.033140000000001724e-01,9.998619999999998065e-01,1.000831000000000248e+00
9.976810000000000400e-01,1.015162999999999816e+00,9.585609999999999964e-01,8.815909999999999025e-01,9.387029999999997321e-01,8.995370000000001420e-01,9.999239999999998130e-01,1.000848000000000182e+00
9.975460000000000438e-01,1.015723999999999849e+00,9.569809999999999706e-01,8.772579999999998712e-01,9.361819999999997366e-01,8.957190000000001540e-01,9.999539999999997875e-01,1.000918000000000196e+00
9.974040000000000683e-01,1.016357999999999873e+00,9.554629999999999512e-01,8.728539999999999077e-01,9.336659999999997739e-01,8.919260000000001076e-01,1.000002999999999753e+00,1.000925000000000287e+00
9.973290000000000211e-01,1.017059999999999853e+00,9.538849999999999829e-01,8.684689999999999355e-01,9.312319999999997266e-01,8.882230000000000958e-01,1.000015999999999794e+00,1.000995000000000301e+00
9.973130000000000051e-01,1.017851999999999757e+00,9.522909999999999986e-01,8.641139999999999377e-01,9.288029999999997122e-01,8.844830000000001302e-01,1.000057999999999891e+00,1.001054000000000332e+00
9.972379999999999578e-01,1.018486999999999698e+00,9.507499999999999840e-01,8.597169999999999535e-01,9.262839999999996632e-01,8.807520000000000904e-01,1.000010999999999983e+00,1.001031000000000226e+00
9.971679999999999433e-01,1.019241999999999759e+00,9.491519999999999957e-01,8.551419999999999577e-01,9.237509999999996557e-01,8.770040000000001168e-01,1.000024999999999942e+00,1.001035000000000119e+00
9.969909999999999606e-01,1.019875999999999783e+00,9.475639999999999619e-01,8.506559999999999677e-01,9.212619999999996923e-01,8.732220000000001647e-01,1.000040999999999958e+00,1.001022000000000078e+00
9.968909999999999716e-01,1.020540999999999698e+00,9.460359999999999880e-01,8.462109999999999355e-01,9.187199999999996480e-01,8.694580000000001752e-01,1.000094999999999956e+00,1.001045000000000185e+00
9.967880000000000074e-01,1.021365999999999774e+00,9.444329999999999670e-01,8.417639999999999567e-01,9.161729999999996821e-01,8.656570000000001208e-01,1.000105999999999939e+00,1.001005000000000145e+00
9.966009999999999591e-01,1.022063999999999862e+00,9.428980000000000139e-01,8.371799999999999242e-01,9.136399999999996746e-01,8.618120000000001335e-01,1.000172999999999979e+00,1.000995000000000079e+00
9.965089999999999781e-01,1.022660999999999820e+00,9.412939999999999641e-01,8.326409999999999645e-01,9.110679999999996559e-01,8.581110000000001792e-01,1.000178000000000011e+00,1.000895000000000090e+00
9.963969999999999771e-01,1.023249999999999771e+00,9.397619999999999862e-01,8.281119999999999592e-01,9.085209999999996899e-01,8.543320000000002024e-01,1.000240000000000018e+00,1.000925000000000065e+00
9.963870000000000227e-01,1.023903999999999703e+00,9.383029999999999982e-01,8.236539999999999973e-01,9.059229999999997007e-01,8.505940000000001833e-01,1.000180000000000069e+00,1.000898999999999983e+00
9.963110000000000577e-01,1.024530999999999636e+00,9.367539999999999756e-01,8.190490000000000270e-01,9.032399999999997098e-01,8.467670000000001584e-01,1.000191000000000052e+00,1.000950999999999924e+00
9.961690000000000822e-01,1.025294999999999623e+00,9.351359999999999673e-01,8.145520000000000538e-01,9.007149999999997103e-01,8.428590000000001359e-01,1.000194999999999945e+00,1.001008999999999816e+00
9.960860000000000269e-01,1.025907999999999598e+00,9.336249999999999272e-01,8.099510000000000876e-01,8.981829999999997316e-01,8.390230000000001853e-01,1.000215999999999994e+00,1.001026999999999889e+00
9.959900000000000420e-01,1.026685999999999543e+00,9.320219999999999061e-01,8.055470000000001241e-01,8.954719999999997126e-01,8.351880000000001525e-01,1.000197000000000003e+00,1.001052999999999971e+00
9.959120000000000195e-01,1.027402999999999622e+00,9.304419999999998803e-01,8.009850000000001691e-01,8.927709999999997592e-01,8.313500000000001444e-01,1.000281999999999893e+00,1.001014000000000070e+00
9.958890000000000242e-01,1.028152999999999651e+00,9.288429999999998632e-01,7.964640000000001718e-01,8.901599999999997292e-01,8.274490000000001011e-01,1.000310999999999950e+00,1.001006999999999980e+00
9.957829999999999737e-01,1.028763999999999568e+00,9.272059999999998636e-01,7.919430000000001746e-01,8.875129999999997743e-01,8.237290000000001555e-01,1.000405999999999906e+00,1.000960999999999990e+00
9.956279999999999575e-01,1.029465999999999548e+00,9.256299999999998418e-01,7.874620000000002173e-01,8.847829999999997641e-01,8.199490000000001499e-01,1.000422999999999840e+00,1.001095999999999986e+00
9.954560000000000075e-01,1.030223999999999585e+00,9.240519999999998735e-01,7.829910000000002146e-01,8.820469999999998034e-01,8.160970000000001834e-01,1.000366999999999784e+00,1.001201000000000008e+00
9.953060000000000240e-01,1.030989999999999629e+00,9.225209999999999244e-01,7.784390000000002141e-01,8.792869999999998187e-01,8.123090000000001698e-01,1.000305999999999695e+00,1.001222000000000056e+00
9.951729999999999743e-01,1.031756999999999591e+00,9.209599999999998898e-01,7.738240000000001784e-01,8.764789999999997860e-01,8.085260000000001890e-01,1.000254999999999672e+00,1.001263000000000014e+00
9.949939999999999340e-01,1.032552999999999610e+00,9.192879999999998830e-01,7.691250000000001696e-01,8.738459999999997896e-01,8.047570000000001667e-01,1.000217999999999607e+00,1.001309999999999922e+00
9.948789999999999578e-01,1.033218999999999665e+00,9.177359999999998852e-01,7.646210000000002172e-01,8.710389999999997857e-01,8.009170000000002121e-01,1.000326999999999522e+00,1.001372999999999847e+00
9.947259999999999991e-01,1.034089999999999732e+00,9.161319999999998354e-01,7.599670000000001702e-01,8.683139999999998082e-01,7.971040000000002568e-01,1.000300999999999441e+00,1.001360999999999946e+00
9.945920000000000316e-01,1.034908999999999635e+00,9.146419999999998440e-01,7.554830000000001267e-01,8.654519999999997770e-01,7.932160000000002542e-01,1.000340999999999481e+00,1.001398000000000010e+00
9.944620000000000681e-01,1.035609999999999697e+00,9.130639999999998757e-01,7.510950000000001792e-01,8.626029999999997866e-01,7.893150000000002109e-01,1.000283999999999507e+00,1.001336000000000004e+00
9.944050000000000944e-01,1.036486999999999714e+00,9.115309999999998691e-01,7.466140000000002219e-01,8.597309999999998009e-01,7.854620000000002156e-01,1.000206999999999402e+00,1.001257999999999981e+00
9.942270000000000829e-01,1.037080999999999698e+00,9.099759999999998961e-01,7.420860000000002454e-01,8.569449999999998457e-01,7.816220000000002610e-01,1.000154999999999461e+00,1.001287999999999956e+00
9.940090000000000314e-01,1.037747999999999671e+00,9.083819999999999117e-01,7.374670000000002057e-01,8.540689999999998561e-01,7.777750000000002162e-01,1.000185999999999353e+00,1.001276999999999973e+00
9.938640000000000807e-01,1.038481999999999683e+00,9.068609999999999172e-01,7.328670000000001572e-01,8.511799999999998256e-01,7.738490000000002311e-01,1.000242999999999327e+00,1.001293999999999906e+00
9.937780000000000502e-01,1.039204999999999712e+00,9.052579999999998961e-01,7.282010000000002092e-01,8.482829999999997872e-01,7.699890000000002566e-01,1.000278999999999252e+00,1.001236000000000015e+00
9.936630000000000740e-01,1.039915999999999618e+00,9.037659999999998472e-01,7.235710000000001862e-01,8.453859999999997488e-01,7.661500000000002197e-01,1.000281999999999227e+00,1.001152000000000042e+00
9.935430000000000650e-01,1.040662999999999672e+00,9.022049999999998127e-01,7.190220000000001610e-01,8.424399999999997446e-01,7.623900000000002342e-01,1.000329999999999275e+00,1.001159000000000132e+00
9.934900000000000952e-01,1.041409999999999725e+00,9.007359999999997591e-01,7.145440000000001790e-01,8.394939999999997404e-01,7.586370000000002278e-01,1.000447999999999338e+00,1.001216000000000106e+00
9.934050000000000935e-01,1.042054999999999731e+00,8.991159999999998043e-01,7.099780000000002200e-01,8.365599999999997483e-01,7.547950000000002158e-01,1.000409999999999355e+00,1.001369000000000176e+00
9.933540000000000703e-01,1.042872999999999717e+00,8.975879999999998304e-01,7.054240000000002730e-01,8.337159999999997906e-01,7.509680000000001909e-01,1.000520999999999328e+00,1.001371000000000233e+00
9.931400000000000228e-01,1.043665999999999761e+00,8.960489999999998734e-01,7.008310000000003148e-01,8.307179999999998454e-01,7.470680000000001764e-01,1.000479999999999370e+00,1.001422000000000256e+00
9.931330000000000435e-01,1.044406999999999863e+00,8.945569999999998245e-01,6.963250000000003048e-01,8.277849999999998820e-01,7.432290000000001395e-01,1.000486999999999460e+00,1.001466000000000189e+00
9.928760000000000918e-01,1.045202999999999882e+00,8.929209999999998537e-01,6.917700000000003291e-01,8.247359999999999136e-01,7.394000000000001682e-01,1.000432999999999462e+00,1.001475000000000115e+00
9.926920000000001298e-01,1.045988999999999836e+00,8.913809999999998679e-01,6.871720000000003381e-01,8.216789999999999372e-01,7.356800000000002226e-01,1.000387999999999389e+00,1.001464000000000132e+00
9.926540000000001474e-01,1.046705999999999914e+00,8.896759999999999113e-01,6.825850000000003304e-01,8.186249999999999361e-01,7.319130000000002578e-01,1.000421999999999478e+00,1.001474000000000197e+00
9.925580000000001624e-01,1.047485999999999917e+00,8.881429999999999048e-01,6.779870000000003394e-01,8.155999999999998806e-01,7.281810000000003003e-01,1.000524999999999443e+00,1.001453000000000149e+00
9.924420000000001574e-01,1.048313999999999968e+00,8.865519999999998957e-01,6.734990000000002919e-01,8.125009999999999177e-01,7.243430000000002922e-01,1.000731999999999511e+00,1.001360000000000250e+00
9.923120000000001939e-01,1.049097999999999864e+00,8.848789999999998601e-01,6.689210000000003209e-01,8.095019999999999438e-01,7.205880000000003394e-01,1.000675999999999455e+00,1.001393000000000200e+00
9.921530000000001737e-01,1.049874999999999892e+00,8.833699999999998775e-01,6.642780000000003682e-01,8.064519999999999467e-01,7.168570000000002995e-01,1.000689999999999413e+00,1.001531000000000171e+00
9.918800000000002060e-01,1.050638999999999879e+00,8.818049999999998390e-01,6.597480000000003342e-01,8.034559999999999480e-01,7.130000000000003002e-01,1.000562999999999425e+00,1.001574000000000186e+00
9.916130000000001887e-01,1.051358999999999932e+00,8.802179999999998339e-01,6.550960000000003447e-01,8.004089999999999261e-01,7.092360000000003106e-01,1.000520999999999328e+00,1.001513000000000098e+00
9.914710000000002132e-01,1.052089999999999970e+00,8.786739999999998441e-01,6.505520000000003522e-01,7.973979999999999402e-01,7.054950000000003163e-01,1.000605999999999218e+00,1.001457000000000042e+00
9.913700000000001955e-01,1.052732000000000001e+00,8.771569999999998535e-01,6.460350000000003590e-01,7.943559999999999510e-01,7.018090000000003492e-01,1.000724999999999199e+00,1.001546000000000047e+00
9.911610000000001808e-01,1.053493999999999930e+00,8.756489999999998997e-01,6.413620000000003207e-01,7.911369999999999791e-01,6.980820000000003134e-01,1.000877999999999268e+00,1.001506000000000007e+00
9.909320000000001460e-01,1.054328999999999850e+00,8.740859999999999186e-01,6.367770000000003705e-01,7.879950000000000010e-01,6.944600000000002993e-01,1.000918999999999226e+00,1.001495999999999942e+00
9.907960000000001211e-01,1.055112999999999746e+00,8.726369999999998850e-01,6.322440000000003613e-01,7.848699999999999566e-01,6.907910000000002659e-01,1.000826999999999245e+00,1.001457000000000042e+00
9.907140000000000946e-01,1.055923999999999641e+00,8.710599999999998344e-01,6.277330000000003185e-01,7.816059999999999119e-01,6.870870000000002253e-01,1.000934999999999242e+00,1.001403000000000043e+00
9.906690000000001328e-01,1.056739999999999569e+00,8.695719999999997896e-01,6.232270000000003085e-01,7.784419999999998563e-01,6.834680000000001865e-01,1.001010999999999207e+00,1.001487999999999934e+00
9.905700000000001726e-01,1.057489999999999597e+00,8.681059999999998222e-01,6.187710000000002930e-01,7.753689999999998639e-01,6.798240000000002059e-01,1.001043999999999157e+00,1.001466999999999885e+00
9.904570000000001428e-01,1.058218999999999577e+00,8.666509999999998382e-01,6.142760000000002663e-01,7.721729999999998872e-01,6.762200000000001543e-01,1.000892999999999144e+00,1.001467999999999803e+00
9.902600000000001401e-01,1.058895999999999615e+00,8.652089999999997838e-01,6.098490000000003075e-01,7.690049999999999386e-01,6.725570000000001825e-01,1.000886999999999194e+00,1.001425999999999705e+00
9.900700000000001166e-01,1.059717999999999716e+00,8.636179999999997747e-01,6.053670000000003215e-01,7.658379999999999077e-01,6.689630000000001964e-01,1.001040999999999181e+00,1.001352999999999716e+00
9.898460000000001147e-01,1.060465999999999687e+00,8.622099999999998099e-01,6.008560000000002788e-01,7.626799999999999136e-01,6.653900000000001480e-01,1.001020999999999272e+00,1.001355999999999691e+00
9.896580000000001487e-01,1.061313999999999647e+00,8.607249999999998513e-01,5.964290000000003200e-01,7.595609999999999307e-01,6.618140000000001244e-01,1.001126999999999212e+00,1.001313999999999593e+00
9.894950000000001245e-01,1.061952999999999703e+00,8.592419999999998392e-01,5.918250000000002675e-01,7.563609999999999500e-01,6.582750000000001656e-01,1.001208999999999127e+00,1.001398999999999484e+00
9.894620000000001747e-01,1.062690999999999608e+00,8.577429999999998111e-01,5.872840000000002503e-01,7.532389999999999919e-01,6.547180000000001332e-01,1.001241999999999077e+00,1.001516999999999546e+00
9.892360000000002263e-01,1.063427999999999596e+00,8.561799999999998301e-01,5.827900000000002523e-01,7.500660000000000105e-01,6.510930000000001439e-01,1.001211999999999103e+00,1.001593999999999651e+00
9.891290000000002580e-01,1.064276999999999695e+00,8.548279999999998102e-01,5.783370000000002120e-01,7.468580000000000219e-01,6.474120000000000985e-01,1.001194999999999169e+00,1.001512999999999654e+00
9.889300000000003088e-01,1.064956999999999709e+00,8.533819999999998629e-01,5.738660000000002093e-01,7.436789999999999790e-01,6.438110000000001332e-01,1.001235999999999127e+00,1.001386999999999583e+00
9.887870000000003046e-01,1.065673999999999788e+00,8.518419999999998771e-01,5.694980000000001708e-01,7.405389999999999473e-01,6.402840000000001863e-01,1.001240999999999159e+00,1.001530999999999505e+00
9.886670000000002956e-01,1.066359999999999753e+00,8.503199999999998537e-01,5.651140000000001162e-01,7.373579999999999579e-01,6.368980000000001862e-01,1.001227999999999119e+00,1.001626999999999601e+00
9.885660000000002778e-01,1.067141999999999813e+00,8.488739999999999064e-01,5.606780000000001207e-01,7.340089999999999115e-01,6.333910000000001483e-01,1.001137999999999195e+00,1.001607999999999610e+00
9.883750000000002256e-01,1.067919999999999758e+00,8.474459999999999216e-01,5.562160000000001547e-01,7.308239999999999181e-01,6.299420000000001130e-01,1.001148999999999178e+00,1.001711999999999714e+00
9.880690000000001971e-01,1.068773999999999669e+00,8.458919999999998662e-01,5.517800000000001592e-01,7.276679999999998705e-01,6.262980000000001324e-01,1.001139999999999253e+00,1.001615999999999618e+00
9.879560000000001674e-01,1.069418999999999675e+00,8.444069999999999077e-01,5.473670000000001590e-01,7.244129999999998626e-01,6.228390000000001425e-01,1.001222999999999308e+00,1.001704999999999623e+00
9.876330000000002052e-01,1.070109999999999673e+00,8.428599999999999426e-01,5.429990000000001205e-01,7.211699999999998667e-01,6.192760000000001597e-01,1.001181999999999350e+00,1.001713999999999549e+00
9.874810000000001642e-01,1.070900999999999659e+00,8.414519999999999778e-01,5.386430000000000939e-01,7.178999999999998716e-01,6.158990000000001963e-01,1.001254999999999340e+00,1.001670999999999534e+00
9.872880000000001655e-01,1.071622999999999548e+00,8.400729999999999587e-01,5.342720000000000802e-01,7.145099999999998674e-01,6.124420000000001529e-01,1.001370999999999345e+00,1.001513999999999571e+00
9.871480000000001365e-01,1.072379999999999445e+00,8.386599999999999611e-01,5.299890000000000434e-01,7.112089999999998691e-01,6.089560000000001638e-01,1.001475999999999367e+00,1.001429999999999598e+00
9.870410000000001682e-01,1.073123999999999523e+00,8.371719999999999162e-01,5.256760000000000321e-01,7.079929999999998724e-01,6.055250000000002020e-01,1.001430999999999294e+00,1.001358999999999666e+00
9.869770000000002153e-01,1.073820999999999470e+00,8.358379999999999699e-01,5.214349999999999818e-01,7.047699999999998965e-01,6.021070000000001698e-01,1.001437999999999384e+00,1.001426999999999623e+00
9.868030000000002078e-01,1.074653999999999554e+00,8.344289999999999763e-01,5.171299999999999786e-01,7.014749999999998487e-01,5.986710000000001752e-01,1.001449999999999285e+00,1.001440999999999582e+00
9.866550000000001708e-01,1.075374999999999526e+00,8.329820000000000002e-01,5.127760000000000096e-01,6.982009999999998495e-01,5.952300000000001479e-01,1.001428999999999236e+00,1.001379999999999493e+00
9.865390000000001658e-01,1.076171999999999462e+00,8.316559999999999508e-01,5.083860000000000046e-01,6.948509999999998854e-01,5.918260000000001853e-01,1.001486999999999128e+00,1.001362999999999559e+00
9.864060000000001160e-01,1.076823999999999559e+00,8.301879999999999260e-01,5.041520000000000445e-01,6.915859999999999230e-01,5.884960000000001301e-01,1.001364999999999172e+00,1.001302999999999610e+00
9.862580000000000791e-01,1.077631999999999479e+00,8.288739999999998886e-01,4.998710000000000653e-01,6.882409999999998806e-01,5.852460000000001550e-01,1.001350999999999214e+00,1.001201999999999703e+00
9.860860000000001291e-01,1.078500999999999488e+00,8.274619999999999198e-01,4.956170000000000853e-01,6.848859999999998838e-01,5.819440000000001278e-01,1.001414999999999278e+00,1.001218999999999637e+00
9.859140000000001791e-01,1.079264999999999475e+00,8.259779999999998790e-01,4.913590000000001012e-01,6.815699999999998981e-01,5.786950000000001815e-01,1.001433999999999269e+00,1.001026999999999667e+00
9.858820000000001471e-01,1.079944999999999489e+00,8.246959999999998736e-01,4.872240000000001015e-01,6.782849999999999158e-01,5.753540000000001431e-01,1.001418999999999171e+00,1.001042999999999683e+00
9.856730000000001324e-01,1.080612999999999380e+00,8.234049999999998315e-01,4.829630000000000867e-01,6.749649999999999261e-01,5.720960000000001600e-01,1.001459999999999129e+00,1.001019999999999577e+00
9.854220000000001312e-01,1.081392999999999383e+00,8.222659999999998304e-01,4.788030000000000896e-01,6.716229999999999700e-01,5.688270000000001936e-01,1.001464999999999161e+00,1.001009999999999511e+00
9.852180000000001492e-01,1.082078999999999347e+00,8.209589999999998833e-01,4.745410000000001016e-01,6.683709999999999374e-01,5.656580000000002162e-01,1.001480999999999177e+00,1.000962999999999603e+00
9.850500000000002032e-01,1.082817999999999392e+00,8.196619999999998907e-01,4.703160000000001228e-01,6.651139999999999830e-01,5.623730000000002338e-01,1.001516999999999102e+00,1.000894999999999646e+00
9.847860000000001612e-01,1.083601999999999288e+00,8.184279999999999333e-01,4.659650000000001291e-01,6.618419999999999304e-01,5.591810000000002612e-01,1.001415999999999196e+00,1.000906999999999547e+00
9.846850000000001435e-01,1.084240999999999344e+00,8.171079999999999455e-01,4.618450000000001165e-01,6.585679999999999312e-01,5.559910000000002350e-01,1.001442999999999195e+00,1.000787999999999567e+00
9.846120000000001538e-01,1.084899999999999309e+00,8.157109999999999639e-01,4.575860000000001038e-01,6.553019999999999401e-01,5.528510000000002034e-01,1.001374999999999238e+00,1.000852999999999549e+00
9.843790000000001150e-01,1.085574999999999291e+00,8.143610000000000015e-01,4.533810000000000895e-01,6.519749999999999712e-01,5.496880000000001765e-01,1.001443999999999335e+00,1.000874999999999515e+00
9.841270000000000850e-01,1.086269999999999181e+00,8.131049999999999667e-01,4.491490000000000760e-01,6.486549999999999816e-01,5.466440000000001298e-01,1.001398999999999262e+00,1.000916999999999613e+00
9.839440000000000408e-01,1.086976999999999194e+00,8.118459999999999566e-01,4.449780000000000957e-01,6.453569999999999585e-01,5.436070000000001734e-01,1.001351999999999354e+00,1.000923999999999703e+00
9.838069999999999871e-01,1.087784999999999114e+00,8.105620000000000047e-01,4.408410000000000939e-01,6.420190000000000063e-01,5.404650000000001953e-01,1.001312999999999453e+00,1.000872999999999680e+00
9.836219999999999963e-01,1.088399999999999146e+00,8.092690000000000161e-01,4.367400000000000726e-01,6.386880000000000335e-01,5.374990000000001711e-01,1.001255999999999480e+00,1.000780999999999699e+00
9.834570000000000256e-01,1.089053999999999078e+00,8.080140000000000100e-01,4.328060000000000795e-01,6.353940000000000143e-01,5.344370000000001619e-01,1.001311999999999536e+00,1.000845999999999680e+00
9.831809999999999716e-01,1.089788999999999008e+00,8.068460000000000631e-01,4.286710000000000798e-01,6.321630000000000305e-01,5.313830000000001608e-01,1.001331999999999445e+00,1.000794999999999657e+00
9.830090000000000217e-01,1.090473999999999055e+00,8.056140000000000523e-01,4.245550000000000712e-01,6.288710000000000688e-01,5.283460000000002044e-01,1.001394999999999369e+00,1.000960999999999768e+00
9.828189999999999982e-01,1.091087999999998948e+00,8.042790000000000772e-01,4.205410000000000537e-01,6.255580000000000584e-01,5.252470000000002415e-01,1.001427999999999319e+00,1.000896999999999704e+00
9.826730000000000187e-01,1.091862999999998918e+00,8.029630000000000933e-01,4.164040000000000519e-01,6.222460000000000768e-01,5.223230000000002038e-01,1.001307999999999421e+00,1.000911999999999802e+00
9.824140000000000095e-01,1.092566999999998956e+00,8.017230000000000745e-01,4.123980000000000423e-01,6.189480000000000537e-01,5.193200000000002259e-01,1.001244999999999497e+00,1.000961999999999907e+00
9.823300000000000365e-01,1.093163999999998914e+00,8.005370000000000541e-01,4.083730000000000415e-01,6.156290000000000928e-01,5.163430000000002185e-01,1.001223999999999448e+00,1.000909999999999966e+00
9.820330000000000448e-01,1.093758999999998816e+00,7.993940000000000490e-01,4.043600000000000527e-01,6.123440000000001104e-01,5.133900000000002350e-01,1.001298999999999495e+00,1.000863000000000058e+00
9.818900000000000405e-01,1.094341999999998816e+00,7.980060000000001041e-01,4.004000000000000337e-01,6.090300000000000713e-01,5.104930000000001966e-01,1.001321999999999601e+00,1.000987999999999989e+00
9.817820000000000435e-01,1.094959999999998823e+00,7.967470000000000940e-01,3.963900000000000201e-01,6.057390000000000274e-01,5.076570000000002469e-01,1.001293999999999684e+00,1.000950999999999924e+00
9.817170000000000618e-01,1.095630999999998911e+00,7.954220000000000734e-01,3.924640000000000351e-01,6.024970000000000603e-01,5.048000000000002485e-01,1.001255999999999702e+00,1.000920000000000032e+00
9.815620000000000456e-01,1.096260999999998820e+00,7.942550000000000443e-01,3.885460000000000580e-01,5.992090000000001027e-01,5.021360000000002488e-01,1.001330999999999749e+00,1.000987000000000071e+00
9.811920000000000641e-01,1.096920999999998925e+00,7.930550000000000654e-01,3.846350000000000602e-01,5.959360000000001323e-01,4.994640000000002411e-01,1.001322999999999741e+00,1.001033999999999979e+00
9.811500000000000776e-01,1.097551999999998973e+00,7.918520000000001113e-01,3.806800000000000739e-01,5.926720000000000876e-01,4.967650000000002342e-01,1.001232999999999818e+00,1.001014000000000070e+00
9.809530000000000749e-01,1.098115999999998982e+00,7.906350000000000877e-01,3.767430000000000501e-01,5.893530000000001268e-01,4.940170000000002615e-01,1.001156999999999853e+00,1.001117000000000035e+00
9.808170000000000499e-01,1.098710999999998883e+00,7.894510000000001249e-01,3.727730000000000765e-01,5.861390000000000766e-01,4.913500000000002865e-01,1.001095999999999764e+00,1.001232000000000122e+00
9.805110000000000214e-01,1.099292999999998965e+00,7.881820000000001603e-01,3.689650000000000984e-01,5.829330000000000345e-01,4.885810000000002651e-01,1.001249999999999751e+00,1.001172000000000173e+00
9.802270000000000705e-01,1.099921999999998956e+00,7.870710000000001871e-01,3.649930000000001229e-01,5.797090000000000298e-01,4.858940000000002701e-01,1.001191999999999860e+00,1.001138000000000083e+00
9.800430000000001085e-01,1.100453999999998933e+00,7.859760000000002300e-01,3.611030000000001183e-01,5.764770000000000172e-01,4.833190000000002762e-01,1.001144999999999952e+00,1.001114999999999977e+00
9.798000000000001153e-01,1.101097999999999022e+00,7.846150000000002844e-01,3.573050000000000948e-01,5.733070000000000110e-01,4.806520000000003012e-01,1.001179999999999959e+00,1.000966999999999940e+00
9.794900000000000828e-01,1.101723999999999037e+00,7.834460000000003088e-01,3.534600000000001074e-01,5.700310000000000654e-01,4.781360000000002830e-01,1.001118999999999870e+00,1.000980999999999899e+00
9.791050000000001141e-01,1.102157999999999083e+00,7.823040000000003324e-01,3.496070000000001121e-01,5.669140000000000290e-01,4.755230000000003066e-01,1.001134999999999886e+00,1.001179999999999959e+00
9.788280000000001424e-01,1.102766999999999165e+00,7.810990000000003208e-01,3.459180000000001143e-01,5.637100000000000444e-01,4.728980000000003181e-01,1.001102999999999854e+00,1.001184999999999992e+00
9.786160000000001524e-01,1.103412999999999089e+00,7.800260000000003302e-01,3.421290000000001275e-01,5.603670000000000595e-01,4.703490000000002946e-01,1.001156999999999853e+00,1.001214999999999966e+00
9.784400000000001985e-01,1.104077999999999005e+00,7.788780000000002923e-01,3.383210000000001494e-01,5.570880000000000276e-01,4.678450000000002884e-01,1.001108999999999805e+00,1.001131999999999911e+00
9.781400000000002315e-01,1.104622999999999022e+00,7.778550000000002962e-01,3.345290000000001318e-01,5.538669999999999982e-01,4.652410000000002932e-01,1.001175999999999844e+00,1.001212999999999909e+00
9.779140000000002830e-01,1.105208999999998998e+00,7.766930000000002998e-01,3.308080000000001575e-01,5.506480000000000263e-01,4.626160000000003047e-01,1.001180999999999877e+00,1.001128000000000018e+00
9.777510000000002588e-01,1.105640999999998986e+00,7.755660000000003107e-01,3.270750000000001712e-01,5.475499999999999812e-01,4.601810000000002843e-01,1.001219999999999777e+00,1.001089000000000118e+00
9.774060000000002191e-01,1.106165999999999094e+00,7.743990000000002816e-01,3.234230000000001826e-01,5.443609999999999838e-01,4.576740000000003028e-01,1.001273999999999775e+00,1.001051000000000135e+00
9.771130000000002314e-01,1.106830999999999010e+00,7.733330000000002702e-01,3.196940000000002002e-01,5.413280000000000314e-01,4.552120000000002831e-01,1.001343999999999790e+00,1.001105000000000134e+00
9.767840000000002076e-01,1.107402999999999027e+00,7.722600000000002796e-01,3.160010000000001984e-01,5.380940000000000722e-01,4.527660000000002793e-01,1.001288999999999874e+00,1.001132000000000133e+00
9.766840000000002187e-01,1.108053999999998984e+00,7.712670000000002579e-01,3.122200000000002196e-01,5.349390000000000533e-01,4.503440000000002996e-01,1.001435999999999771e+00,1.001017000000000046e+00
9.764350000000001639e-01,1.108732999999999080e+00,7.700380000000002223e-01,3.085620000000002250e-01,5.318410000000000082e-01,4.480400000000003269e-01,1.001338999999999757e+00,1.000977000000000006e+00
9.761880000000001667e-01,1.109368999999999161e+00,7.689490000000002157e-01,3.048810000000002352e-01,5.286730000000000596e-01,4.456800000000003537e-01,1.001499999999999835e+00,1.000885999999999942e+00
9.759620000000002182e-01,1.109734999999999250e+00,7.679660000000002595e-01,3.012350000000002526e-01,5.255430000000000934e-01,4.434110000000003327e-01,1.001436999999999911e+00,1.000796999999999937e+00
9.757290000000001795e-01,1.110329999999999151e+00,7.669380000000002306e-01,2.973360000000002668e-01,5.223660000000001080e-01,4.411310000000003284e-01,1.001568000000000014e+00,1.000762999999999847e+00
9.755650000000001265e-01,1.110939999999999150e+00,7.658710000000001905e-01,2.936970000000002634e-01,5.192800000000000749e-01,4.388830000000003562e-01,1.001676000000000011e+00,1.000676999999999817e+00
9.753080000000001748e-01,1.111437999999999260e+00,7.648490000000002231e-01,2.899630000000002483e-01,5.161340000000000927e-01,4.366760000000003417e-01,1.001579999999999915e+00,1.000716999999999857e+00
9.751320000000002208e-01,1.111938999999999345e+00,7.638220000000002230e-01,2.864180000000002280e-01,5.129190000000001248e-01,4.344470000000003607e-01,1.001616999999999980e+00,1.000615999999999950e+00
9.748940000000002604e-01,1.112477999999999412e+00,7.628480000000001926e-01,2.826540000000002384e-01,5.097760000000001179e-01,4.322030000000003369e-01,1.001543999999999990e+00,1.000620999999999983e+00
9.746690000000002296e-01,1.113039999999999363e+00,7.619370000000001975e-01,2.790090000000002290e-01,5.066720000000001223e-01,4.300420000000003129e-01,1.001586000000000087e+00,1.000543999999999878e+00
9.744400000000001949e-01,1.113517999999999342e+00,7.609350000000002501e-01,2.753760000000002317e-01,5.035520000000001106e-01,4.279770000000003294e-01,1.001576000000000022e+00,1.000717999999999774e+00
9.743040000000001699e-01,1.114016999999999369e+00,7.599060000000003035e-01,2.717880000000002516e-01,5.005080000000000640e-01,4.258280000000003174e-01,1.001471999999999918e+00,1.000680999999999710e+00
9.740580000000002014e-01,1.114460999999999480e+00,7.588760000000003281e-01,2.682580000000002740e-01,4.974760000000000848e-01,4.236510000000003329e-01,1.001384999999999970e+00,1.000693999999999750e+00
9.739150000000001972e-01,1.114872999999999559e+00,7.579280000000003792e-01,2.646820000000002504e-01,4.944540000000000601e-01,4.215690000000003046e-01,1.001260000000000039e+00,1.000557999999999836e+00
9.736970000000001457e-01,1.115366999999999553e+00,7.569610000000003280e-01,2.611680000000002333e-01,4.914010000000000877e-01,4.195180000000002796e-01,1.001327000000000078e+00,1.000573999999999852e+00
9.735530000000001127e-01,1.115883999999999654e+00,7.560450000000003001e-01,2.576500000000002122e-01,4.883130000000001081e-01,4.174650000000002525e-01,1.001340000000000119e+00,1.000613999999999892e+00
9.733660000000000645e-01,1.116312999999999667e+00,7.550900000000002610e-01,2.541110000000001978e-01,4.851920000000001232e-01,4.155120000000002700e-01,1.001379000000000019e+00,1.000649999999999817e+00
9.730890000000000928e-01,1.116796999999999596e+00,7.540660000000002361e-01,2.506700000000001705e-01,4.822580000000001310e-01,4.134600000000002717e-01,1.001340000000000119e+00,1.000642999999999727e+00
9.730900000000001215e-01,1.117245999999999517e+00,7.530110000000002080e-01,2.471660000000001634e-01,4.791530000000001066e-01,4.114300000000002955e-01,1.001225000000000032e+00,1.000724999999999643e+00
9.729410000000001668e-01,1.117740999999999429e+00,7.521520000000001538e-01,2.436460000000001680e-01,4.763360000000000927e-01,4.093510000000002980e-01,1.001122000000000067e+00,1.000774999999999748e+00
9.727410000000001888e-01,1.118138999999999328e+00,7.511310000000001041e-01,2.402480000000001559e-01,4.732800000000000895e-01,4.073550000000003002e-01,1.001184000000000074e+00,1.000669999999999726e+00
9.726320000000001631e-01,1.118653999999999371e+00,7.502350000000000962e-01,2.367850000000001620e-01,4.702720000000000788e-01,4.053670000000003104e-01,1.001233000000000040e+00,1.000607999999999720e+00
9.723530000000001339e-01,1.119133999999999407e+00,7.492880000000000651e-01,2.334640000000001714e-01,4.672500000000000542e-01,4.034440000000003024e-01,1.001201000000000008e+00,1.000668999999999809e+00
9.721390000000000864e-01,1.119498999999999356e+00,7.483820000000001027e-01,2.300640000000001850e-01,4.643090000000000273e-01,4.015360000000002816e-01,1.001135000000000108e+00,1.000534999999999730e+00
9.719120000000001092e-01,1.119919999999999360e+00,7.474210000000001131e-01,2.267150000000001941e-01,4.613700000000000023e-01,3.997500000000002718e-01,1.001083000000000167e+00,1.000484999999999625e+00
9.716410000000000879e-01,1.120426999999999396e+00,7.463120000000000864e-01,2.233540000000001913e-01,4.584260000000000002e-01,3.979120000000002655e-01,1.001136000000000248e+00,1.000440999999999692e+00
9.714450000000001140e-01,1.120832999999999302e+00,7.452970000000000983e-01,2.198020000000001917e-01,4.554639999999999800e-01,3.960640000000002492e-01,1.001222000000000278e+00,1.000485999999999764e+00
9.712500000000001688e-01,1.121368999999999394e+00,7.443010000000001014e-01,2.164750000000001950e-01,4.525989999999999736e-01,3.943680000000002739e-01,1.001282000000000227e+00,1.000334999999999752e+00
9.711730000000001750e-01,1.121830999999999356e+00,7.434060000000001223e-01,2.131720000000001947e-01,4.496449999999999614e-01,3.926060000000002881e-01,1.001255000000000228e+00,1.000351999999999686e+00
9.709970000000002210e-01,1.122172999999999421e+00,7.425070000000001391e-01,2.099750000000001893e-01,4.468569999999999487e-01,3.908230000000003090e-01,1.001360000000000250e+00,1.000204999999999789e+00
9.708190000000002096e-01,1.122666999999999415e+00,7.415370000000001127e-01,2.066250000000001974e-01,4.438709999999999600e-01,3.892020000000003255e-01,1.001394000000000339e+00,1.000246999999999886e+00
9.706890000000002461e-01,1.123021999999999521e+00,7.405990000000001183e-01,2.032850000000001878e-01,4.409259999999999846e-01,3.876150000000003204e-01,1.001454000000000288e+00,1.000184999999999880e+00
9.705670000000002906e-01,1.123478999999999450e+00,7.397200000000001552e-01,2.000390000000001889e-01,4.380159999999999609e-01,3.859570000000003276e-01,1.001472000000000362e+00,1.000289999999999901e+00
9.702710000000003276e-01,1.123816999999999400e+00,7.389040000000001163e-01,1.967460000000001985e-01,4.351579999999999337e-01,3.842950000000003308e-01,1.001506000000000451e+00,1.000245999999999968e+00
9.702150000000003827e-01,1.124254999999999338e+00,7.380330000000001611e-01,1.934760000000002034e-01,4.322489999999999388e-01,3.826890000000003345e-01,1.001465000000000494e+00,1.000186000000000019e+00
9.700250000000003592e-01,1.124742999999999382e+00,7.371950000000001557e-01,1.902520000000001987e-01,4.293079999999999119e-01,3.811160000000003434e-01,1.001379000000000463e+00,1.000075999999999965e+00
9.698320000000003605e-01,1.125260999999999401e+00,7.363460000000001671e-01,1.869800000000002016e-01,4.263929999999999110e-01,3.794460000000003386e-01,1.001353000000000382e+00,1.000041999999999875e+00
9.695450000000003232e-01,1.125722999999999363e+00,7.354460000000001552e-01,1.837980000000002112e-01,4.234359999999999236e-01,3.777690000000003545e-01,1.001243000000000327e+00,1.000057999999999891e+00
9.692370000000003483e-01,1.126092999999999344e+00,7.346740000000001602e-01,1.805380000000001983e-01,4.205619999999999359e-01,3.764030000000003762e-01,1.001314000000000259e+00,1.000017999999999851e+00
9.689620000000003230e-01,1.126438999999999302e+00,7.337970000000001436e-01,1.772310000000001939e-01,4.176719999999999322e-01,3.749120000000003561e-01,1.001259000000000343e+00,9.999859999999998195e-01
9.687570000000003123e-01,1.126888999999999363e+00,7.329930000000001167e-01,1.739510000000001888e-01,4.148009999999999198e-01,3.736010000000003495e-01,1.001263000000000236e+00,1.000000999999999918e+00
9.685500000000003551e-01,1.127367999999999260e+00,7.321810000000000818e-01,1.707620000000001914e-01,4.120519999999999183e-01,3.721370000000003286e-01,1.001315000000000177e+00,1.000055999999999834e+00
9.683380000000003651e-01,1.127727999999999176e+00,7.314680000000001181e-01,1.676490000000001868e-01,4.092389999999999084e-01,3.706060000000003241e-01,1.001312000000000202e+00,1.000093999999999816e+00
9.680940000000003431e-01,1.128154999999999131e+00,7.306020000000000847e-01,1.645000000000001739e-01,4.065399999999999014e-01,3.691040000000003207e-01,1.001266000000000211e+00,1.000036999999999843e+00
9.679860000000003462e-01,1.128482999999999237e+00,7.296610000000001151e-01,1.613100000000001755e-01,4.037819999999999188e-01,3.676330000000003206e-01,1.001265000000000294e+00,1.000118999999999758e+00
9.677570000000003114e-01,1.128804999999999170e+00,7.287530000000000951e-01,1.581180000000001751e-01,4.010529999999999373e-01,3.663340000000003260e-01,1.001312000000000202e+00,1.000127999999999684e+00
9.675590000000002799e-01,1.129211999999999216e+00,7.280190000000000827e-01,1.547860000000001734e-01,3.982899999999999219e-01,3.649740000000003537e-01,1.001306000000000251e+00,1.000186999999999715e+00
9.674260000000002302e-01,1.129552999999999141e+00,7.272500000000000631e-01,1.516990000000001670e-01,3.955159999999999232e-01,3.637010000000003296e-01,1.001377000000000184e+00,1.000283999999999729e+00
9.671880000000002697e-01,1.129856999999999223e+00,7.263930000000000664e-01,1.485110000000001707e-01,3.928089999999999082e-01,3.624290000000003342e-01,1.001416000000000084e+00,1.000348999999999711e+00
9.670510000000002160e-01,1.130141999999999314e+00,7.255840000000001178e-01,1.453550000000001785e-01,3.901429999999999065e-01,3.610860000000003511e-01,1.001364000000000143e+00,1.000319999999999654e+00
9.667700000000002403e-01,1.130319999999999325e+00,7.248730000000001006e-01,1.422290000000001886e-01,3.874079999999999191e-01,3.598750000000003335e-01,1.001456000000000124e+00,1.000329999999999719e+00
9.664630000000002941e-01,1.130603999999999276e+00,7.240880000000000649e-01,1.392430000000001999e-01,3.845969999999999112e-01,3.586780000000003299e-01,1.001368000000000036e+00,1.000305999999999695e+00
9.662350000000002881e-01,1.131013999999999298e+00,7.233850000000000557e-01,1.361020000000001950e-01,3.819889999999999119e-01,3.575370000000003268e-01,1.001448000000000116e+00,1.000333999999999612e+00
9.658600000000002739e-01,1.131375999999999271e+00,7.226210000000000688e-01,1.329750000000002041e-01,3.793259999999998855e-01,3.562960000000003347e-01,1.001415000000000166e+00,1.000361999999999529e+00
9.657070000000003152e-01,1.131719999999999171e+00,7.219780000000001197e-01,1.300080000000002067e-01,3.766449999999998965e-01,3.551340000000003383e-01,1.001478000000000090e+00,1.000267999999999491e+00
9.654410000000003267e-01,1.132034999999999236e+00,7.212210000000001120e-01,1.270210000000002171e-01,3.739659999999999096e-01,3.540270000000003137e-01,1.001461000000000157e+00,1.000116999999999479e+00
9.653190000000003712e-01,1.132306999999999286e+00,7.204100000000001058e-01,1.240090000000002163e-01,3.713289999999999091e-01,3.527980000000003336e-01,1.001525000000000221e+00,1.000123999999999569e+00
9.651720000000003630e-01,1.132562999999999320e+00,7.197190000000001087e-01,1.209150000000002168e-01,3.686369999999998814e-01,3.516290000000003579e-01,1.001542000000000154e+00,1.000164999999999527e+00
9.649250000000003658e-01,1.132926999999999351e+00,7.189640000000001585e-01,1.179850000000002147e-01,3.658739999999998660e-01,3.506210000000003491e-01,1.001529000000000114e+00,1.000128999999999602e+00
9.646930000000003558e-01,1.133125999999999411e+00,7.181360000000001076e-01,1.148620000000002139e-01,3.633949999999998570e-01,3.495100000000003759e-01,1.001382000000000216e+00,1.000162999999999691e+00
9.644930000000003778e-01,1.133423999999999321e+00,7.173290000000001054e-01,1.117680000000002144e-01,3.608669999999998823e-01,3.484320000000003525e-01,1.001337000000000144e+00,1.000209999999999599e+00
9.642510000000004133e-01,1.133686999999999223e+00,7.165840000000001098e-01,1.087930000000002090e-01,3.583119999999999084e-01,3.474770000000003689e-01,1.001321000000000128e+00,1.000129999999999519e+00
9.640430000000004274e-01,1.134090999999999294e+00,7.158670000000001421e-01,1.057480000000002029e-01,3.556699999999999307e-01,3.464540000000003728e-01,1.001363000000000225e+00,1.000148999999999511e+00
9.638180000000003966e-01,1.134305999999999370e+00,7.150770000000001847e-01,1.027200000000002000e-01,3.531369999999999232e-01,3.453680000000003969e-01,1.001362000000000307e+00,1.000355999999999579e+00
9.635780000000003787e-01,1.134545999999999388e+00,7.143660000000001675e-01,9.964100000000020163e-02,3.504379999999999162e-01,3.444050000000004053e-01,1.001323000000000407e+00,1.000307999999999531e+00
9.632640000000003422e-01,1.134667999999999344e+00,7.136300000000002086e-01,9.660600000000020560e-02,3.478169999999999318e-01,3.434140000000003856e-01,1.001241000000000492e+00,1.000409999999999577e+00
9.630890000000003059e-01,1.134912999999999395e+00,7.129350000000002074e-01,9.374600000000020417e-02,3.452339999999999298e-01,3.424450000000003880e-01,1.001198000000000476e+00,1.000244999999999607e+00
9.628870000000002705e-01,1.135158999999999363e+00,7.121590000000002085e-01,9.071100000000020813e-02,3.426219999999999266e-01,3.415370000000003681e-01,1.001287000000000482e+00,1.000238999999999656e+00
9.628180000000002847e-01,1.135432999999999470e+00,7.114870000000002026e-01,8.778200000000020709e-02,3.400949999999999251e-01,3.407160000000003519e-01,1.001316000000000539e+00,1.000179999999999625e+00
9.626340000000003227e-01,1.135718999999999479e+00,7.108220000000001759e-01,8.484900000000020204e-02,3.375959999999999517e-01,3.397860000000003655e-01,1.001441000000000470e+00,1.000192999999999666e+00
9.623960000000003623e-01,1.135974999999999513e+00,7.102640000000002285e-01,8.196000000000019936e-02,3.351159999999999695e-01,3.390090000000003378e-01,1.001525000000000443e+00,1.000231999999999566e+00
9.622880000000003653e-01,1.136050999999999478e+00,7.095860000000002721e-01,7.910300000000020093e-02,3.325819999999999887e-01,3.382320000000003102e-01,1.001522000000000467e+00,1.000219999999999665e+00
9.621690000000003851e-01,1.136211999999999556e+00,7.088750000000002549e-01,7.616300000000020276e-02,3.302039999999999975e-01,3.373910000000003295e-01,1.001448000000000560e+00,1.000285999999999564e+00
9.620500000000004048e-01,1.136455999999999467e+00,7.082480000000002107e-01,7.316600000000020310e-02,3.276589999999999780e-01,3.367000000000003324e-01,1.001460000000000461e+00,1.000267999999999491e+00
9.619450000000003831e-01,1.136664999999999370e+00,7.075690000000002255e-01,7.025900000000019630e-02,3.252629999999999688e-01,3.360700000000003129e-01,1.001556000000000557e+00,1.000194999999999501e+00
9.616730000000003331e-01,1.136933999999999445e+00,7.068910000000002691e-01,6.727300000000019375e-02,3.228229999999999711e-01,3.354110000000002922e-01,1.001643000000000505e+00,1.000246999999999442e+00
9.615380000000003369e-01,1.137195999999999430e+00,7.061810000000002807e-01,6.432700000000018958e-02,3.203889999999999794e-01,3.345790000000002928e-01,1.001599000000000572e+00,1.000235999999999459e+00
9.612350000000002836e-01,1.137412999999999341e+00,7.054450000000003218e-01,6.132100000000018786e-02,3.180850000000000066e-01,3.338680000000002757e-01,1.001569000000000598e+00,1.000246999999999442e+00
9.610030000000002737e-01,1.137472999999999290e+00,7.048150000000003024e-01,5.841100000000018500e-02,3.156189999999999829e-01,3.331350000000002920e-01,1.001553000000000582e+00,1.000235999999999459e+00
9.608450000000002822e-01,1.137759999999999216e+00,7.042750000000003174e-01,5.540100000000018621e-02,3.132739999999999969e-01,3.325470000000003146e-01,1.001603000000000687e+00,1.000161999999999551e+00
9.606040000000002355e-01,1.137989999999999169e+00,7.037070000000003045e-01,5.250300000000018841e-02,3.108630000000000004e-01,3.319590000000003371e-01,1.001604000000000605e+00,1.000222999999999640e+00
9.604150000000002407e-01,1.138130999999999116e+00,7.029360000000003383e-01,4.957200000000018536e-02,3.083520000000000150e-01,3.314190000000003522e-01,1.001603000000000687e+00,1.000107999999999553e+00
9.603490000000002302e-01,1.138335999999999126e+00,7.023390000000003797e-01,4.662300000000018513e-02,3.059100000000000152e-01,3.307490000000003483e-01,1.001667000000000751e+00,1.000092999999999455e+00
9.601090000000002123e-01,1.138567999999999136e+00,7.016910000000003977e-01,4.374700000000018851e-02,3.035820000000000185e-01,3.301120000000003496e-01,1.001607000000000802e+00,1.000143999999999478e+00
9.599130000000002383e-01,1.138783999999999130e+00,7.011090000000004263e-01,4.096000000000019070e-02,3.013359999999999927e-01,3.295970000000003619e-01,1.001610000000000777e+00,1.000125999999999404e+00
9.597470000000002388e-01,1.139079999999999204e+00,7.005150000000004429e-01,3.803600000000018772e-02,2.990419999999999745e-01,3.290370000000003570e-01,1.001640000000000752e+00,9.999989999999994161e-01
9.595130000000002823e-01,1.139282999999999157e+00,6.999540000000004092e-01,3.520100000000019047e-02,2.967889999999999695e-01,3.285240000000003713e-01,1.001652000000000653e+00,1.000073999999999463e+00
9.593180000000003371e-01,1.139459999999999251e+00,6.995560000000003997e-01,3.242100000000019272e-02,2.944079999999999475e-01,3.280640000000003553e-01,1.001569000000000598e+00,1.000043999999999489e+00
9.592220000000003521e-01,1.139578999999999231e+00,6.989560000000003548e-01,2.961500000000019325e-02,2.920279999999999543e-01,3.275440000000003349e-01,1.001663000000000636e+00,1.000077999999999578e+00
9.590530000000003774e-01,1.139636999999999123e+00,6.985380000000003253e-01,2.676400000000019389e-02,2.898299999999999765e-01,3.270460000000003364e-01,1.001619000000000703e+00,1.000034999999999563e+00
9.587740000000003482e-01,1.139721999999999014e+00,6.979700000000003124e-01,2.396400000000019348e-02,2.876509999999999900e-01,3.266940000000003175e-01,1.001593000000000622e+00,1.000050999999999579e+00
9.586290000000003975e-01,1.139970999999998957e+00,6.973360000000002890e-01,2.113700000000019383e-02,2.854769999999999808e-01,3.260550000000003168e-01,1.001643000000000727e+00,1.000243999999999689e+00
9.584310000000003660e-01,1.140041999999998890e+00,6.966720000000002910e-01,1.827600000000019487e-02,2.832859999999999823e-01,3.256230000000003288e-01,1.001518000000000796e+00,1.000260999999999623e+00
9.582330000000003345e-01,1.140070999999998946e+00,6.961940000000003126e-01,1.544100000000019415e-02,2.810840000000000005e-01,3.252230000000003174e-01,1.001542000000000820e+00,1.000225999999999615e+00
9.580800000000003758e-01,1.140247999999999040e+00,6.956240000000003532e-01,1.259000000000019479e-02,2.788880000000000248e-01,3.248980000000002977e-01,1.001501000000000863e+00,1.000312999999999564e+00
9.579780000000003293e-01,1.140407999999998978e+00,6.950070000000003745e-01,9.706000000000195374e-03,2.767809999999999993e-01,3.243730000000003000e-01,1.001498000000000888e+00,1.000562999999999647e+00
9.577970000000003425e-01,1.140486999999998918e+00,6.944450000000004231e-01,6.813000000000195636e-03,2.746790000000000065e-01,3.240860000000003183e-01,1.001529000000000780e+00,1.000450999999999757e+00
9.575780000000003733e-01,1.140601999999999006e+00,6.938240000000004404e-01,3.972000000000195860e-03,2.723240000000000105e-01,3.237290000000003221e-01,1.001549000000000689e+00,1.000325999999999826e+00
9.575170000000003956e-01,1.140830999999999040e+00,6.933290000000004172e-01,1.065000000000195565e-03,2.701399999999999912e-01,3.233130000000002946e-01,1.001573000000000713e+00,1.000404999999999767e+00
9.574420000000003483e-01,1.140987999999999003e+00,6.927400000000004665e-01,-1.860999999999804651e-03,2.679819999999999980e-01,3.231430000000002911e-01,1.001638000000000694e+00,1.000345999999999735e+00
9.572680000000003409e-01,1.141132999999999065e+00,6.922600000000004306e-01,-4.660999999999805056e-03,2.657539999999999902e-01,3.229070000000002771e-01,1.001517000000000657e+00,1.000322999999999629e+00
9.570680000000003629e-01,1.141381999999999008e+00,6.918350000000004218e-01,-7.453999999999804532e-03,2.635060000000000180e-01,3.227720000000002809e-01,1.001711000000000684e+00,1.000316999999999679e+00
9.569170000000003506e-01,1.141508999999998997e+00,6.912730000000004704e-01,-1.025699999999980447e-02,2.613550000000000040e-01,3.225720000000003029e-01,1.001559000000000754e+00,1.000309999999999588e+00
9.567630000000003632e-01,1.141522999999998955e+00,6.907730000000005255e-01,-1.299299999999980332e-02,2.592940000000000245e-01,3.224420000000002839e-01,1.001599000000000794e+00,1.000437999999999494e+00
9.566320000000003709e-01,1.141625999999998919e+00,6.902520000000005318e-01,-1.575699999999980241e-02,2.572440000000000282e-01,3.223950000000002647e-01,1.001510000000000788e+00,1.000362999999999447e+00
9.566070000000003182e-01,1.141782999999998882e+00,6.898180000000004863e-01,-1.868699999999980099e-02,2.551420000000000354e-01,3.222330000000002692e-01,1.001429000000000791e+00,1.000259999999999483e+00
9.564860000000002804e-01,1.142001999999998851e+00,6.892020000000005364e-01,-2.146799999999979974e-02,2.530800000000000272e-01,3.221860000000002500e-01,1.001522000000000689e+00,1.000337999999999505e+00
9.562090000000003087e-01,1.142143999999998938e+00,6.887390000000005452e-01,-2.429699999999980140e-02,2.509780000000000344e-01,3.220880000000002630e-01,1.001449000000000700e+00,1.000291999999999515e+00
9.561380000000002655e-01,1.142274999999999041e+00,6.882270000000005883e-01,-2.710399999999980186e-02,2.489390000000000214e-01,3.220110000000002692e-01,1.001381000000000743e+00,1.000325999999999604e+00
9.560830000000002382e-01,1.142303999999999098e+00,6.877680000000006011e-01,-2.987199999999980149e-02,2.468960000000000321e-01,3.219070000000002763e-01,1.001504000000000838e+00,1.000295999999999630e+00
9.559160000000002100e-01,1.142273999999999123e+00,6.872080000000005962e-01,-3.266199999999980230e-02,2.448040000000000216e-01,3.218180000000002705e-01,1.001587000000000893e+00,1.000081999999999693e+00
9.557140000000001745e-01,1.142272999999999206e+00,6.867400000000005722e-01,-3.533399999999980307e-02,2.427250000000000241e-01,3.217840000000002920e-01,1.001634000000000801e+00,1.000088999999999784e+00
9.555690000000002238e-01,1.142442999999999209e+00,6.862770000000005810e-01,-3.805699999999979932e-02,2.408360000000000223e-01,3.218310000000003113e-01,1.001542000000000820e+00,1.000060999999999867e+00
9.553210000000001978e-01,1.142564999999999165e+00,6.857940000000005698e-01,-4.090299999999980063e-02,2.388580000000000148e-01,3.217230000000003143e-01,1.001562000000000729e+00,1.000042999999999793e+00
9.551150000000001583e-01,1.142712999999999202e+00,6.853250000000005171e-01,-4.369999999999980150e-02,2.368380000000000207e-01,3.216470000000002938e-01,1.001552000000000664e+00,9.999979999999998315e-01
9.549740000000002116e-01,1.142750999999999184e+00,6.847640000000004834e-01,-4.649599999999980138e-02,2.349050000000000304e-01,3.216350000000002818e-01,1.001554000000000721e+00,1.000060999999999867e+00
9.547540000000002136e-01,1.143003999999999243e+00,6.843600000000005235e-01,-4.935599999999980281e-02,2.328890000000000404e-01,3.216370000000002838e-01,1.001509000000000649e+00,1.000095999999999874e+00
9.545370000000001909e-01,1.143097999999999281e+00,6.838290000000005753e-01,-5.213299999999980450e-02,2.308950000000000446e-01,3.216350000000002818e-01,1.001484000000000707e+00,1.000035999999999925e+00
9.544330000000001979e-01,1.143156999999999313e+00,6.835100000000006171e-01,-5.486699999999980482e-02,2.289140000000000341e-01,3.217290000000002648e-01,1.001512000000000624e+00,1.000053999999999998e+00
9.544060000000001986e-01,1.143168999999999214e+00,6.830620000000006131e-01,-5.764399999999980651e-02,2.269070000000000253e-01,3.218870000000002563e-01,1.001498000000000665e+00,1.000227999999999895e+00
9.543110000000002424e-01,1.143110999999999322e+00,6.826950000000006069e-01,-6.047499999999980669e-02,2.249500000000000388e-01,3.219780000000002640e-01,1.001431000000000626e+00,1.000170999999999921e+00
9.541120000000002932e-01,1.143173999999999246e+00,6.822080000000005917e-01,-6.333199999999980512e-02,2.230710000000000470e-01,3.220700000000002450e-01,1.001411000000000717e+00,1.000343999999999900e+00
9.539510000000003265e-01,1.143295999999999202e+00,6.818370000000005815e-01,-6.597099999999980757e-02,2.211730000000000362e-01,3.222970000000002222e-01,1.001389000000000751e+00,1.000342999999999982e+00
9.537930000000003350e-01,1.143284999999999219e+00,6.814580000000005633e-01,-6.870899999999981189e-02,2.191960000000000297e-01,3.224730000000002317e-01,1.001550000000000828e+00,1.000389999999999890e+00
9.536170000000003810e-01,1.143386999999999265e+00,6.810970000000005076e-01,-7.148099999999980858e-02,2.172820000000000307e-01,3.226560000000002204e-01,1.001568000000000902e+00,1.000399999999999956e+00
9.533960000000003543e-01,1.143348999999999283e+00,6.806550000000004541e-01,-7.432999999999981289e-02,2.154490000000000294e-01,3.229910000000001946e-01,1.001645000000001007e+00,1.000542000000000042e+00
9.532130000000003101e-01,1.143444999999999379e+00,6.803180000000004224e-01,-7.713499999999981482e-02,2.137160000000000171e-01,3.233690000000001841e-01,1.001602000000000992e+00,1.000577999999999967e+00
9.530740000000003098e-01,1.143387999999999405e+00,6.799100000000004584e-01,-7.993999999999981676e-02,2.117780000000000218e-01,3.236210000000001585e-01,1.001636000000001081e+00,1.000658999999999965e+00
9.529140000000002608e-01,1.143517999999999368e+00,6.795170000000004817e-01,-8.294499999999981055e-02,2.099690000000000167e-01,3.239480000000001803e-01,1.001560000000001116e+00,1.000653999999999932e+00
9.526120000000002364e-01,1.143517999999999368e+00,6.791250000000005338e-01,-8.570899999999981311e-02,2.081860000000000099e-01,3.242980000000001972e-01,1.001512000000001068e+00,1.000802999999999887e+00
9.524520000000001874e-01,1.143517999999999368e+00,6.787640000000005891e-01,-8.847399999999981668e-02,2.063580000000000136e-01,3.245400000000002172e-01,1.001494000000000995e+00,1.000759999999999872e+00
9.522740000000001759e-01,1.143748999999999461e+00,6.784050000000005909e-01,-9.128499999999981074e-02,2.045710000000000028e-01,3.247170000000001999e-01,1.001549000000000911e+00,1.000724999999999865e+00
9.521600000000002284e-01,1.143710999999999478e+00,6.780840000000005752e-01,-9.407999999999981655e-02,2.027730000000000088e-01,3.250090000000002144e-01,1.001447000000000864e+00,1.000700999999999841e+00
9.519850000000001922e-01,1.143754999999999411e+00,6.776300000000006207e-01,-9.689799999999981761e-02,2.010300000000000142e-01,3.253350000000002074e-01,1.001446000000000947e+00,1.000702999999999898e+00
9.518980000000002439e-01,1.143767999999999452e+00,6.773150000000006665e-01,-9.984799999999981190e-02,1.992840000000000167e-01,3.256320000000001991e-01,1.001405000000000989e+00,1.000621999999999900e+00
9.517920000000001934e-01,1.143728999999999552e+00,6.769900000000006468e-01,-1.026589999999998060e-01,1.975050000000000139e-01,3.260050000000002113e-01,1.001522000000000912e+00,1.000652999999999793e+00
9.516330000000001732e-01,1.143723999999999519e+00,6.766280000000006734e-01,-1.054449999999998028e-01,1.957270000000000121e-01,3.265420000000002210e-01,1.001401000000000874e+00,1.000630999999999826e+00
9.513870000000002047e-01,1.143877999999999506e+00,6.762470000000007087e-01,-1.082799999999998070e-01,1.938950000000000118e-01,3.269870000000001942e-01,1.001288000000000844e+00,1.000735999999999848e+00
9.511530000000002483e-01,1.144026999999999461e+00,6.759590000000007537e-01,-1.110229999999998024e-01,1.921820000000000195e-01,3.274330000000001961e-01,1.001199000000000838e+00,1.000594999999999901e+00
9.510260000000002600e-01,1.144045999999999452e+00,6.755870000000007147e-01,-1.138029999999998071e-01,1.904890000000000194e-01,3.278320000000001788e-01,1.001147000000000897e+00,1.000571999999999795e+00
9.508430000000002158e-01,1.144120999999999500e+00,6.752520000000007405e-01,-1.165749999999998038e-01,1.888960000000000083e-01,3.282170000000002030e-01,1.001175000000000814e+00,1.000572999999999713e+00
9.507180000000001741e-01,1.144085999999999492e+00,6.749310000000007248e-01,-1.194989999999997998e-01,1.871950000000000003e-01,3.286850000000002270e-01,1.001140000000000807e+00,1.000599999999999712e+00
9.506170000000001563e-01,1.144085999999999492e+00,6.745690000000007513e-01,-1.223669999999997954e-01,1.855219999999999925e-01,3.293600000000002082e-01,1.001166000000000889e+00,1.000593999999999761e+00
9.502420000000001421e-01,1.144151999999999392e+00,6.740700000000007241e-01,-1.250729999999997955e-01,1.837949999999999862e-01,3.298770000000001978e-01,1.001196000000000863e+00,1.000501999999999780e+00
9.500380000000001601e-01,1.144108999999999376e+00,6.736600000000007027e-01,-1.279049999999997966e-01,1.822109999999999841e-01,3.304040000000001975e-01,1.001211000000000961e+00,1.000477999999999756e+00
9.497610000000001884e-01,1.144215999999999456e+00,6.732200000000007067e-01,-1.306839999999998003e-01,1.805079999999999740e-01,3.310070000000002177e-01,1.001347000000000875e+00,1.000571999999999795e+00
9.497270000000002099e-01,1.144177999999999473e+00,6.728700000000007453e-01,-1.334989999999998123e-01,1.788979999999999737e-01,3.315990000000001992e-01,1.001444000000000889e+00,1.000520999999999772e+00
9.497450000000001724e-01,1.144142999999999466e+00,6.725460000000007543e-01,-1.363109999999998212e-01,1.772689999999999821e-01,3.322000000000002173e-01,1.001326000000000827e+00,1.000553999999999721e+00
9.496110000000002049e-01,1.144048999999999428e+00,6.722560000000007419e-01,-1.391639999999998156e-01,1.757169999999999843e-01,3.327770000000002115e-01,1.001343000000000760e+00,1.000487999999999822e+00
9.493650000000002365e-01,1.143947999999999521e+00,6.718890000000007356e-01,-1.419909999999998118e-01,1.741049999999999820e-01,3.334720000000002127e-01,1.001339000000000867e+00,1.000447999999999782e+00
9.491700000000002913e-01,1.143946999999999603e+00,6.715390000000007742e-01,-1.449039999999998107e-01,1.725859999999999894e-01,3.341380000000002126e-01,1.001237000000000821e+00,1.000530999999999837e+00
9.489480000000003468e-01,1.143807999999999492e+00,6.711810000000008047e-01,-1.477249999999998009e-01,1.709749999999999881e-01,3.349060000000002035e-01,1.001203000000000731e+00,1.000516999999999879e+00
9.487390000000003321e-01,1.143730999999999387e+00,6.708650000000008218e-01,-1.506479999999998098e-01,1.694599999999999995e-01,3.356360000000002120e-01,1.001030000000000753e+00,1.000536999999999788e+00
9.486530000000003016e-01,1.143673999999999413e+00,6.705470000000007813e-01,-1.535019999999998053e-01,1.678880000000000094e-01,3.362860000000001959e-01,1.001018000000000852e+00,1.000567999999999680e+00
9.484960000000003388e-01,1.143696999999999520e+00,6.703360000000008201e-01,-1.563459999999998185e-01,1.663740000000000219e-01,3.369730000000001890e-01,1.001054000000000777e+00,1.000593999999999761e+00
9.483760000000003298e-01,1.143662999999999430e+00,6.700920000000007981e-01,-1.593289999999998319e-01,1.649360000000000270e-01,3.376740000000001962e-01,1.001126000000000849e+00,1.000678999999999652e+00
9.482440000000003089e-01,1.143569999999999531e+00,6.696220000000008277e-01,-1.622939999999998273e-01,1.633590000000000320e-01,3.385050000000002224e-01,1.001106000000000940e+00,1.000734999999999708e+00
9.481970000000002896e-01,1.143449999999999633e+00,6.693190000000007744e-01,-1.651529999999998277e-01,1.619680000000000286e-01,3.393120000000002245e-01,1.001273000000000968e+00,1.000715999999999717e+00
9.481040000000002799e-01,1.143245999999999540e+00,6.690200000000007252e-01,-1.680559999999998166e-01,1.604720000000000313e-01,3.401590000000002112e-01,1.001292000000000959e+00,1.000616999999999646e+00
9.478300000000002834e-01,1.143133999999999650e+00,6.687990000000006985e-01,-1.708969999999998268e-01,1.590090000000000392e-01,3.410440000000002359e-01,1.001213000000001019e+00,1.000606999999999580e+00
9.476800000000002999e-01,1.143097999999999725e+00,6.684790000000007115e-01,-1.737439999999998153e-01,1.576130000000000309e-01,3.418750000000002620e-01,1.001236000000001125e+00,1.000565999999999622e+00
9.474730000000003427e-01,1.142992999999999704e+00,6.682440000000007263e-01,-1.767819999999998282e-01,1.560380000000000378e-01,3.427230000000002774e-01,1.001105000000001022e+00,1.000648999999999678e+00
9.472570000000003487e-01,1.142823999999999618e+00,6.679020000000007729e-01,-1.797609999999998376e-01,1.545840000000000269e-01,3.436020000000002961e-01,1.001219000000000969e+00,1.000615999999999728e+00
9.471940000000003135e-01,1.142721999999999571e+00,6.674930000000007801e-01,-1.827799999999998315e-01,1.531700000000000284e-01,3.445330000000003112e-01,1.001240000000001018e+00,1.000744999999999774e+00
9.470080000000002940e-01,1.142651999999999557e+00,6.671150000000007907e-01,-1.856409999999998339e-01,1.517940000000000400e-01,3.455400000000002914e-01,1.001164000000001053e+00,1.000747999999999749e+00
9.468460000000002985e-01,1.142597999999999558e+00,6.668220000000008030e-01,-1.885819999999998331e-01,1.504470000000000529e-01,3.466120000000003087e-01,1.001235000000000985e+00,1.000759999999999650e+00
9.467020000000002655e-01,1.142585999999999657e+00,6.665200000000007785e-01,-1.914649999999998298e-01,1.490160000000000651e-01,3.475990000000003244e-01,1.001294000000001017e+00,1.000778999999999641e+00
9.464530000000002108e-01,1.142459999999999587e+00,6.662610000000007693e-01,-1.945239999999998359e-01,1.476310000000000677e-01,3.484670000000003043e-01,1.001269000000001075e+00,1.000734999999999708e+00
9.463100000000002066e-01,1.142324999999999591e+00,6.661200000000008226e-01,-1.974939999999998363e-01,1.462540000000000784e-01,3.493750000000003242e-01,1.001143000000001004e+00,1.000734999999999708e+00
9.461530000000002438e-01,1.142169999999999686e+00,6.658530000000008053e-01,-2.004509999999998238e-01,1.448580000000000700e-01,3.503290000000003346e-01,1.001210000000001044e+00,1.000686999999999660e+00
9.459170000000002299e-01,1.142127999999999588e+00,6.655440000000008016e-01,-2.034259999999998292e-01,1.433610000000000717e-01,3.512710000000003330e-01,1.001193000000001110e+00,1.000643999999999645e+00
9.458200000000002161e-01,1.142077999999999482e+00,6.653010000000008084e-01,-2.063499999999998391e-01,1.420240000000000669e-01,3.523250000000003324e-01,1.001102000000001047e+00,1.000744999999999552e+00
9.457570000000001809e-01,1.141933999999999561e+00,6.649810000000008214e-01,-2.094589999999998398e-01,1.406990000000000740e-01,3.534580000000003275e-01,1.001114000000000948e+00,1.000701999999999536e+00
9.455260000000001996e-01,1.141884999999999595e+00,6.647610000000008235e-01,-2.123709999999998377e-01,1.392990000000000617e-01,3.545000000000003149e-01,1.000957000000000985e+00,1.000807999999999476e+00
9.453520000000001922e-01,1.141804999999999515e+00,6.644680000000008357e-01,-2.154419999999998281e-01,1.379220000000000723e-01,3.555740000000003342e-01,1.001163000000000913e+00,1.000704999999999512e+00
9.451610000000001399e-01,1.141592999999999414e+00,6.642020000000008473e-01,-2.184489999999998378e-01,1.366230000000000777e-01,3.568120000000003511e-01,1.001192000000000970e+00,1.000799999999999468e+00
9.449360000000001092e-01,1.141550999999999316e+00,6.639620000000008293e-01,-2.215429999999998234e-01,1.354050000000000809e-01,3.579220000000003510e-01,1.001215000000001076e+00,1.000911999999999358e+00
9.447690000000000810e-01,1.141496999999999318e+00,6.637140000000008033e-01,-2.247159999999998325e-01,1.340610000000000690e-01,3.591790000000003591e-01,1.001155000000001127e+00,1.000872999999999458e+00
9.445600000000000662e-01,1.141364999999999297e+00,6.633450000000008506e-01,-2.277319999999998235e-01,1.328760000000000774e-01,3.604110000000003700e-01,1.001267000000001017e+00,1.000850999999999491e+00
9.443970000000000420e-01,1.141239999999999366e+00,6.632030000000008751e-01,-2.309199999999998199e-01,1.314580000000000748e-01,3.615250000000003738e-01,1.001212000000001101e+00,1.000905999999999407e+00
9.442930000000000490e-01,1.141113999999999296e+00,6.629350000000008292e-01,-2.339909999999998103e-01,1.303420000000000689e-01,3.626430000000003817e-01,1.001203000000001175e+00,1.000901999999999514e+00
9.440880000000000383e-01,1.141010999999999331e+00,6.626830000000007992e-01,-2.371059999999998169e-01,1.290980000000000738e-01,3.639020000000003918e-01,1.001309000000001115e+00,1.000868999999999565e+00
9.439520000000000133e-01,1.140860999999999237e+00,6.623470000000007962e-01,-2.401369999999998228e-01,1.279950000000000809e-01,3.652260000000003837e-01,1.001304000000001082e+00,1.000851999999999631e+00
9.436710000000000376e-01,1.140821999999999337e+00,6.621550000000008263e-01,-2.432269999999998322e-01,1.267680000000000751e-01,3.665730000000003708e-01,1.001345000000001040e+00,1.000885999999999720e+00
9.435410000000000741e-01,1.140621999999999359e+00,6.619300000000007955e-01,-2.463789999999998204e-01,1.255630000000000634e-01,3.679010000000003666e-01,1.001357000000000941e+00,1.000916999999999613e+00
9.433740000000000459e-01,1.140426999999999413e+00,6.616550000000007703e-01,-2.494959999999998290e-01,1.244060000000000582e-01,3.691950000000003840e-01,1.001348000000001015e+00,1.000987999999999545e+00
9.431740000000000679e-01,1.140167999999999404e+00,6.613930000000007858e-01,-2.526089999999998059e-01,1.232430000000000608e-01,3.705020000000003866e-01,1.001301000000001107e+00,1.001033999999999535e+00
9.429840000000000444e-01,1.140044999999999309e+00,6.611840000000007711e-01,-2.557119999999998283e-01,1.220380000000000631e-01,3.719020000000003989e-01,1.001310000000001033e+00,1.001200999999999564e+00
9.428250000000000242e-01,1.139954999999999385e+00,6.608850000000007219e-01,-2.588999999999998525e-01,1.207880000000000620e-01,3.732880000000003973e-01,1.001276000000000943e+00,1.001055999999999502e+00
9.425649999999999862e-01,1.139771999999999341e+00,6.606430000000007574e-01,-2.619949999999998669e-01,1.196150000000000685e-01,3.745960000000003731e-01,1.001285000000000869e+00,1.001054999999999584e+00
9.424049999999999372e-01,1.139595999999999387e+00,6.603710000000007074e-01,-2.650959999999998873e-01,1.183870000000000755e-01,3.759890000000003507e-01,1.001297000000000770e+00,1.001008999999999594e+00
9.421759999999999025e-01,1.139443999999999457e+00,6.602130000000007159e-01,-2.682889999999998887e-01,1.171390000000000764e-01,3.774160000000003623e-01,1.001359000000000776e+00,1.000993999999999495e+00
9.419389999999998597e-01,1.139091999999999549e+00,6.600610000000006750e-01,-2.713399999999999146e-01,1.159070000000000794e-01,3.789540000000003461e-01,1.001312000000000868e+00,1.001052999999999527e+00
9.417759999999998355e-01,1.138921999999999546e+00,6.598090000000006450e-01,-2.745199999999999307e-01,1.149400000000000838e-01,3.804910000000003567e-01,1.001185000000000880e+00,1.001050999999999469e+00
9.416269999999998808e-01,1.138766999999999641e+00,6.596800000000005992e-01,-2.775719999999999299e-01,1.138850000000000834e-01,3.819830000000003500e-01,1.001225000000000920e+00,1.001133999999999524e+00
9.414499999999998980e-01,1.138628999999999669e+00,6.594170000000005860e-01,-2.807149999999999368e-01,1.127720000000000805e-01,3.835110000000003239e-01,1.001176000000000954e+00,1.001214999999999522e+00
9.413059999999998650e-01,1.138433999999999724e+00,6.590770000000005790e-01,-2.838429999999999565e-01,1.117570000000000785e-01,3.850370000000003512e-01,1.001061000000000867e+00,1.001281999999999561e+00
9.411629999999998608e-01,1.138176999999999772e+00,6.587910000000005706e-01,-2.871219999999999328e-01,1.105130000000000834e-01,3.866570000000003615e-01,1.000960000000000960e+00,1.001266999999999463e+00
9.408969999999998723e-01,1.138036999999999743e+00,6.585110000000006236e-01,-2.903569999999999207e-01,1.095320000000000876e-01,3.881070000000003684e-01,1.001106000000000940e+00,1.001287999999999512e+00
9.407329999999998194e-01,1.137742999999999727e+00,6.583670000000005906e-01,-2.935949999999999394e-01,1.084790000000000892e-01,3.896890000000003962e-01,1.001090000000000924e+00,1.001283999999999619e+00
9.405539999999997791e-01,1.137456999999999718e+00,6.581560000000006294e-01,-2.967029999999999390e-01,1.074140000000000927e-01,3.913680000000003822e-01,1.001065000000000982e+00,1.001324999999999577e+00
9.405589999999998119e-01,1.137068999999999663e+00,6.579180000000006689e-01,-2.999599999999999489e-01,1.063370000000000981e-01,3.930370000000003583e-01,1.001037000000001065e+00,1.001365999999999534e+00
9.403229999999997979e-01,1.136759999999999771e+00,6.576840000000007125e-01,-3.032349999999999213e-01,1.051810000000000939e-01,3.946710000000003826e-01,1.001139000000001111e+00,1.001339999999999453e+00
9.403239999999998266e-01,1.136544999999999694e+00,6.574830000000007058e-01,-3.065469999999999029e-01,1.042300000000001003e-01,3.962530000000004105e-01,1.001219000000001191e+00,1.001327999999999552e+00
9.401589999999998559e-01,1.136125999999999747e+00,6.573160000000006775e-01,-3.097879999999998968e-01,1.032140000000000973e-01,3.978210000000004243e-01,1.001241000000001158e+00,1.001287999999999512e+00
9.399539999999998452e-01,1.135863999999999763e+00,6.572690000000006583e-01,-3.131169999999999232e-01,1.021760000000001001e-01,3.995100000000004203e-01,1.001303000000001164e+00,1.001216999999999580e+00
9.397289999999998145e-01,1.135535999999999657e+00,6.571380000000006660e-01,-3.163619999999999211e-01,1.013070000000001053e-01,4.011350000000004079e-01,1.001311000000001172e+00,1.001119999999999566e+00
9.394279999999998187e-01,1.135239999999999583e+00,6.569760000000006706e-01,-3.197009999999999019e-01,1.002960000000001073e-01,4.027800000000004155e-01,1.001270000000001215e+00,1.001130999999999549e+00
9.391879999999998008e-01,1.134990999999999639e+00,6.568680000000006736e-01,-3.229839999999998823e-01,9.935000000000010489e-02,4.044930000000004355e-01,1.001315000000001287e+00,1.001088999999999452e+00
9.390109999999998180e-01,1.134587999999999708e+00,6.565560000000006946e-01,-3.263129999999999087e-01,9.836700000000010713e-02,4.060910000000004239e-01,1.001267000000001239e+00,1.001021999999999412e+00
9.388719999999998178e-01,1.134252999999999734e+00,6.564310000000006529e-01,-3.296239999999999171e-01,9.737700000000010236e-02,4.077480000000004434e-01,1.001163000000001135e+00,1.001005999999999396e+00
9.386339999999998573e-01,1.134020999999999724e+00,6.561430000000006979e-01,-3.329839999999998912e-01,9.650100000000010059e-02,4.095820000000004457e-01,1.001126000000001071e+00,1.001044999999999296e+00
9.383749999999998481e-01,1.133658999999999750e+00,6.559150000000006919e-01,-3.362599999999998923e-01,9.551800000000010282e-02,4.113710000000004308e-01,1.001141000000001169e+00,1.001052999999999304e+00
9.382009999999998406e-01,1.133345999999999743e+00,6.557990000000006869e-01,-3.396399999999998864e-01,9.456000000000010230e-02,4.131060000000004173e-01,1.001096000000001096e+00,1.001016999999999380e+00
9.379659999999998554e-01,1.133098999999999634e+00,6.555170000000006825e-01,-3.428109999999998658e-01,9.365900000000010328e-02,4.149650000000004169e-01,1.001177000000001094e+00,1.001062999999999370e+00
9.377009999999998957e-01,1.132758999999999627e+00,6.551920000000006628e-01,-3.461629999999998875e-01,9.265700000000010039e-02,4.167290000000004047e-01,1.001156000000001045e+00,1.001073999999999353e+00
9.374869999999998482e-01,1.132341999999999738e+00,6.550590000000006130e-01,-3.496589999999998866e-01,9.169200000000010675e-02,4.186510000000003839e-01,1.001132000000001021e+00,1.001063999999999288e+00
9.371679999999998900e-01,1.132039999999999713e+00,6.549350000000006000e-01,-3.530679999999998819e-01,9.070900000000010899e-02,4.204150000000003717e-01,1.001042000000001098e+00,1.001084999999999336e+00
9.370939999999998715e-01,1.131800999999999613e+00,6.547330000000005645e-01,-3.563029999999998698e-01,8.978200000000011172e-02,4.224500000000003808e-01,1.001028000000001139e+00,1.001131999999999245e+00
9.369009999999998728e-01,1.131442999999999532e+00,6.545020000000005833e-01,-3.596519999999998607e-01,8.898000000000011456e-02,4.244920000000003690e-01,1.001013000000001041e+00,1.001177999999999235e+00
9.367749999999999133e-01,1.131139999999999590e+00,6.543700000000005623e-01,-3.630639999999998868e-01,8.800700000000011292e-02,4.264610000000003676e-01,1.000930000000000986e+00,1.001051999999999165e+00
9.366499999999998716e-01,1.130727999999999511e+00,6.541840000000005428e-01,-3.665319999999999134e-01,8.716400000000011639e-02,4.284420000000003781e-01,1.000925000000000953e+00,1.001016999999999157e+00
9.364009999999998168e-01,1.130334999999999424e+00,6.539830000000005361e-01,-3.698929999999999163e-01,8.643600000000010997e-02,4.303210000000003976e-01,1.000992000000000992e+00,1.001026999999999223e+00
9.361759999999997861e-01,1.130147999999999486e+00,6.536980000000005564e-01,-3.732159999999999367e-01,8.558400000000010444e-02,4.324000000000003952e-01,1.000970000000001026e+00,1.001088999999999229e+00
9.360939999999997596e-01,1.129781999999999398e+00,6.535030000000006112e-01,-3.766929999999999445e-01,8.475600000000010903e-02,4.342660000000003739e-01,1.001047000000001130e+00,1.001119999999999122e+00
9.358499999999997376e-01,1.129239999999999355e+00,6.533080000000006660e-01,-3.800749999999999407e-01,8.390600000000010550e-02,4.362520000000003617e-01,1.001101000000001129e+00,1.001103999999999106e+00
9.355929999999997859e-01,1.128863999999999423e+00,6.531640000000006330e-01,-3.835689999999999378e-01,8.307100000000010309e-02,4.382120000000003790e-01,1.000990000000001157e+00,1.001184999999999103e+00
9.353099999999997527e-01,1.128414999999999502e+00,6.529710000000006342e-01,-3.871689999999999299e-01,8.228000000000010306e-02,4.402000000000003688e-01,1.000902000000001069e+00,1.001102999999999188e+00
9.350929999999997300e-01,1.128064999999999429e+00,6.528140000000006715e-01,-3.907139999999999502e-01,8.154500000000010351e-02,4.422980000000003575e-01,1.000970000000001026e+00,1.001012999999999264e+00
9.348869999999996905e-01,1.127530999999999395e+00,6.526330000000006848e-01,-3.943139999999999423e-01,8.082500000000010509e-02,4.442840000000003453e-01,1.000968000000000968e+00,1.001031999999999256e+00
9.346839999999997373e-01,1.127202999999999289e+00,6.524910000000007093e-01,-3.978559999999999319e-01,8.001100000000010981e-02,4.462780000000003411e-01,1.000918000000000863e+00,1.001068999999999320e+00
9.344919999999997673e-01,1.126540999999999348e+00,6.523440000000007011e-01,-4.015539999999999110e-01,7.919800000000011553e-02,4.483420000000003514e-01,1.000953000000000870e+00,1.001085999999999254e+00
9.342569999999997821e-01,1.126028999999999280e+00,6.521530000000006488e-01,-4.051679999999999171e-01,7.846900000000012199e-02,4.505480000000003371e-01,1.000881000000000798e+00,1.001106999999999303e+00
9.340399999999997593e-01,1.125559999999999228e+00,6.519830000000006454e-01,-4.086219999999999297e-01,7.760100000000012821e-02,4.526870000000003391e-01,1.000943000000000804e+00,1.001033999999999313e+00
9.338489999999997071e-01,1.125228999999999147e+00,6.518780000000006236e-01,-4.121679999999999233e-01,7.685600000000013254e-02,4.549640000000003126e-01,1.001036000000000703e+00,1.001137999999999417e+00
9.336709999999996956e-01,1.124712999999999186e+00,6.517880000000005891e-01,-4.156809999999999117e-01,7.605800000000013938e-02,4.571240000000003079e-01,1.001055000000000694e+00,1.001222999999999308e+00
9.333699999999996999e-01,1.124354999999999105e+00,6.516750000000005594e-01,-4.192959999999998910e-01,7.542300000000014271e-02,4.593090000000003004e-01,1.000917000000000723e+00,1.001213999999999382e+00
9.330999999999997074e-01,1.123785999999999063e+00,6.516280000000005401e-01,-4.228769999999998919e-01,7.481000000000014027e-02,4.615470000000003181e-01,1.000890000000000724e+00,1.001288999999999429e+00
9.328509999999996527e-01,1.123200999999999006e+00,6.514630000000005694e-01,-4.264629999999998700e-01,7.408700000000013886e-02,4.637690000000003199e-01,1.000994000000000828e+00,1.001334999999999420e+00
9.325479999999995995e-01,1.122668999999999029e+00,6.512930000000005659e-01,-4.300369999999998916e-01,7.344300000000013318e-02,4.661360000000003279e-01,1.000959000000000820e+00,1.001306999999999503e+00
9.323369999999996383e-01,1.122162999999999133e+00,6.511540000000005657e-01,-4.336339999999999084e-01,7.275600000000014000e-02,4.683700000000003416e-01,1.001045000000000851e+00,1.001377999999999435e+00
