1.004175999999999958e+00,9.992760000000000531e-01,1.000401000000000096e+00,9.972600000000000353e-01,1.001789000000000041e+00,9.999360000000000470e-01,9.999959999999999960e-01,9.999249999999999527e-01
1.008394000000000013e+00,9.984410000000000229e-01,1.000970000000000137e+00,9.946249999999999813e-01,1.003460999999999936e+00,1.000042000000000098e+00,9.999169999999999447e-01,9.999649999999999928e-01
1.012669999999999959e+00,9.976650000000000240e-01,1.001564000000000121e+00,9.919240000000000279e-01,1.005091999999999874e+00,1.000025000000000164e+00,9.999419999999999975e-01,9.999860000000000415e-01
1.016883999999999899e+00,9.968989999999999796e-01,1.002123000000000097e+00,9.891720000000000512e-01,1.006780999999999926e+00,9.999600000000001820e-01,9.998960000000000070e-01,9.998430000000000373e-01
1.021111999999999798e+00,9.960209999999999342e-01,1.002634000000000025e+00,9.865090000000000803e-01,1.008495999999999837e+00,1.000067000000000261e+00,9.998320000000000540e-01,9.998580000000000245e-01
1.025313999999999837e+00,9.953129999999998923e-01,1.003149999999999986e+00,9.838420000000001053e-01,1.010264999999999747e+00,1.000012000000000345e+00,9.997380000000000155e-01,9.999370000000000758e-01
1.029448999999999836e+00,9.945239999999998526e-01,1.003736999999999879e+00,9.812200000000000921e-01,1.011932999999999749e+00,9.999550000000003713e-01,9.997200000000000530e-01,9.999140000000000805e-01
1.033532999999999813e+00,9.936349999999998239e-01,1.004232999999999931e+00,9.785650000000001292e-01,1.013721999999999790e+00,9.997810000000003638e-01,9.997230000000000283e-01,9.998310000000001363e-01
1.037708999999999770e+00,9.926909999999998790e-01,1.004804999999999948e+00,9.759510000000001240e-01,1.015414999999999734e+00,9.998190000000003463e-01,9.997489999999999988e-01,9.998330000000000828e-01
1.041794999999999805e+00,9.918589999999998241e-01,1.005390000000000006e+00,9.733970000000001788e-01,1.017175999999999636e+00,9.999030000000003193e-01,9.997509999999999453e-01,9.998430000000000373e-01
1.046045999999999809e+00,9.911609999999998477e-01,1.006078999999999946e+00,9.707640000000001823e-01,1.018956999999999669e+00,9.998920000000003361e-01,9.997999999999999110e-01,9.998600000000000820e-01
1.050263999999999864e+00,9.902639999999998111e-01,1.006599000000000022e+00,9.681870000000001308e-01,1.020718999999999710e+00,9.998630000000003903e-01,9.998399999999999510e-01,9.998950000000000893e-01
1.054445999999999772e+00,9.894739999999998536e-01,1.007198000000000038e+00,9.656760000000000899e-01,1.022454999999999670e+00,9.998950000000004223e-01,1.000000000000000000e+00,9.999360000000000470e-01
1.058603999999999878e+00,9.886939999999998507e-01,1.007861000000000118e+00,9.630990000000000384e-01,1.024296999999999569e+00,9.999230000000004503e-01,1.000005000000000033e+00,9.999880000000000990e-01
1.062894999999999923e+00,9.880249999999998201e-01,1.008464000000000027e+00,9.604860000000000619e-01,1.026008999999999505e+00,9.999500000000004496e-01,1.000051000000000023e+00,1.000022000000000189e+00
1.067035999999999873e+00,9.871799999999998354e-01,1.009062000000000126e+00,9.579670000000000130e-01,1.027853999999999601e+00,9.998930000000004759e-01,1.000005999999999950e+00,1.000030000000000197e+00
1.071119999999999850e+00,9.863589999999998748e-01,1.009683000000000108e+00,9.554059999999999775e-01,1.029647999999999675e+00,9.999100000000005206e-01,9.998979999999999535e-01,9.999780000000001445e-01
1.075376999999999805e+00,9.855109999999999149e-01,1.010323000000000082e+00,9.529389999999999805e-01,1.031537999999999622e+00,9.999020000000005126e-01,9.999369999999999647e-01,1.000002000000000058e+00
1.079449999999999799e+00,9.847869999999999679e-01,1.011011000000000104e+00,9.505310000000000148e-01,1.033374999999999710e+00,9.999560000000005111e-01,9.999789999999999512e-01,9.999560000000000670e-01
1.083463999999999761e+00,9.839819999999999123e-01,1.011670000000000069e+00,9.481650000000000356e-01,1.035169999999999702e+00,1.000054000000000443e+00,9.999829999999999552e-01,9.998890000000000278e-01
1.087486999999999870e+00,9.832569999999999366e-01,1.012380000000000058e+00,9.457590000000000163e-01,1.036948999999999677e+00,1.000141000000000391e+00,9.999759999999999760e-01,9.998250000000000748e-01
1.091581999999999830e+00,9.825699999999999434e-01,1.013068999999999997e+00,9.433090000000000641e-01,1.038697999999999677e+00,1.000150000000000317e+00,9.998070000000000013e-01,9.996520000000000961e-01
1.095609999999999751e+00,9.820179999999999465e-01,1.013870000000000049e+00,9.409610000000000474e-01,1.040415999999999785e+00,1.000173000000000423e+00,9.998320000000000540e-01,9.997430000000000483e-01
1.099687999999999777e+00,9.812249999999999028e-01,1.014466000000000090e+00,9.385050000000000336e-01,1.042222999999999677e+00,1.000226000000000504e+00,9.997800000000000020e-01,9.997920000000000140e-01
1.103610999999999676e+00,9.805009999999999559e-01,1.015187999999999979e+00,9.361450000000000049e-01,1.044030999999999709e+00,1.000107000000000523e+00,9.998219999999999885e-01,9.997470000000000523e-01
1.107634999999999703e+00,9.797009999999999330e-01,1.015905000000000058e+00,9.338469999999999827e-01,1.045747999999999678e+00,9.999860000000004856e-01,9.996519999999999850e-01,9.997790000000000843e-01
1.111541999999999808e+00,9.790999999999999703e-01,1.016623000000000054e+00,9.314540000000000042e-01,1.047548999999999619e+00,1.000043000000000459e+00,9.996530000000000138e-01,9.998760000000000980e-01
1.115572999999999704e+00,9.783870000000000067e-01,1.017335000000000100e+00,9.290190000000000392e-01,1.049386999999999626e+00,1.000008000000000452e+00,9.996220000000000105e-01,9.998960000000001180e-01
1.119622999999999813e+00,9.776139999999999830e-01,1.018089000000000022e+00,9.267030000000000545e-01,1.051247999999999516e+00,1.000050000000000550e+00,9.996939999999999715e-01,1.000024000000000024e+00
1.123505999999999894e+00,9.769120000000000026e-01,1.018830000000000124e+00,9.243780000000000330e-01,1.053173999999999610e+00,1.000138000000000638e+00,9.996739999999999515e-01,1.000013000000000041e+00
1.127353999999999967e+00,9.762070000000000469e-01,1.019443000000000099e+00,9.221179999999999932e-01,1.054989999999999650e+00,1.000082000000000582e+00,9.996509999999999563e-01,9.999590000000000423e-01
1.131262999999999908e+00,9.755060000000000953e-01,1.020272000000000068e+00,9.197199999999999820e-01,1.056915999999999745e+00,9.999920000000005471e-01,9.996990000000000043e-01,9.999339999999999895e-01
1.135260999999999854e+00,9.748180000000000733e-01,1.021055999999999964e+00,9.175090000000000190e-01,1.058763999999999816e+00,9.999180000000005286e-01,9.997479999999999700e-01,9.999759999999999760e-01
1.139218999999999760e+00,9.740840000000000609e-01,1.021822999999999926e+00,9.152850000000000152e-01,1.060606999999999855e+00,9.999460000000005566e-01,9.997759999999999980e-01,1.000026999999999999e+00
1.143228999999999829e+00,9.735300000000000065e-01,1.022534999999999972e+00,9.130209999999999715e-01,1.062525999999999859e+00,9.999520000000005071e-01,9.996119999999999450e-01,1.000073999999999907e+00
1.147251999999999938e+00,9.729259999999999575e-01,1.023318999999999868e+00,9.107589999999999852e-01,1.064289999999999958e+00,9.999630000000004904e-01,9.995619999999999505e-01,1.000065999999999899e+00
1.151291999999999982e+00,9.724260000000000126e-01,1.024161999999999795e+00,9.083400000000000363e-01,1.066254000000000035e+00,9.998600000000005261e-01,9.996979999999999755e-01,1.000028999999999835e+00
1.155310000000000059e+00,9.717270000000000074e-01,1.024980999999999698e+00,9.061320000000000485e-01,1.068076000000000025e+00,1.000008000000000452e+00,9.996399999999999730e-01,1.000065999999999899e+00
1.159339000000000119e+00,9.709900000000000198e-01,1.025740999999999792e+00,9.039280000000000648e-01,1.069979999999999931e+00,1.000049000000000410e+00,9.996929999999999428e-01,1.000114999999999865e+00
1.163372000000000073e+00,9.703540000000000498e-01,1.026542999999999761e+00,9.016590000000000993e-01,1.071792999999999996e+00,9.999890000000004608e-01,9.995949999999999003e-01,1.000092999999999899e+00
1.167248999999999981e+00,9.696730000000000071e-01,1.027334999999999665e+00,8.995210000000001260e-01,1.073609999999999953e+00,1.000040000000000484e+00,9.995099999999998985e-01,1.000075999999999965e+00
1.171194999999999986e+00,9.690480000000000205e-01,1.028022999999999687e+00,8.973690000000000833e-01,1.075609000000000037e+00,9.998720000000005381e-01,9.994849999999998458e-01,1.000132000000000021e+00
1.175079999999999902e+00,9.684190000000000298e-01,1.028661999999999743e+00,8.952270000000001060e-01,1.077354000000000145e+00,9.998990000000005374e-01,9.994989999999998043e-01,1.000159999999999938e+00
1.179046999999999956e+00,9.677339999999999831e-01,1.029408999999999796e+00,8.930200000000001470e-01,1.079130000000000145e+00,9.999930000000005759e-01,9.994729999999998338e-01,1.000082999999999833e+00
1.182898000000000005e+00,9.671819999999999862e-01,1.030198999999999865e+00,8.908700000000001618e-01,1.081032000000000215e+00,1.000106000000000606e+00,9.994639999999997970e-01,1.000175999999999732e+00
1.186698999999999948e+00,9.665869999999999740e-01,1.031053999999999915e+00,8.887290000000002133e-01,1.082933000000000145e+00,1.000146000000000646e+00,9.994009999999997618e-01,1.000198999999999838e+00
1.190628000000000020e+00,9.659550000000000081e-01,1.031679999999999930e+00,8.865560000000002328e-01,1.084845000000000059e+00,1.000172000000000727e+00,9.994939999999997715e-01,1.000166999999999806e+00
1.194450000000000012e+00,9.653930000000000566e-01,1.032407999999999992e+00,8.844200000000002060e-01,1.086713000000000040e+00,1.000214000000000825e+00,9.996059999999997725e-01,1.000105999999999717e+00
1.198333000000000093e+00,9.647650000000000947e-01,1.033171000000000062e+00,8.823620000000002017e-01,1.088519000000000014e+00,1.000322000000000822e+00,9.994899999999997675e-01,1.000122999999999651e+00
1.202089000000000185e+00,9.642610000000001458e-01,1.033878999999999992e+00,8.802210000000002532e-01,1.090440000000000076e+00,1.000337000000000920e+00,9.994789999999997843e-01,1.000160999999999634e+00
1.205896000000000079e+00,9.637670000000001513e-01,1.034545999999999966e+00,8.780460000000002152e-01,1.092354000000000047e+00,1.000246000000000857e+00,9.995109999999998163e-01,1.000273999999999663e+00
1.209685000000000121e+00,9.630950000000001454e-01,1.035272999999999888e+00,8.759540000000002324e-01,1.094283000000000117e+00,1.000220000000000775e+00,9.994829999999997883e-01,1.000226999999999755e+00
1.213407000000000124e+00,9.625810000000001310e-01,1.036043999999999965e+00,8.738000000000002432e-01,1.096109000000000222e+00,1.000251000000000667e+00,9.994599999999997930e-01,1.000196999999999781e+00
1.217120000000000202e+00,9.618960000000000843e-01,1.036831000000000058e+00,8.716820000000002899e-01,1.098022000000000276e+00,1.000321000000000682e+00,9.995219999999997995e-01,1.000142999999999782e+00
1.220878000000000130e+00,9.613060000000001049e-01,1.037537000000000154e+00,8.695700000000002872e-01,1.099926000000000181e+00,1.000331000000000747e+00,9.995579999999998355e-01,1.000091999999999759e+00
1.224699000000000204e+00,9.609020000000001449e-01,1.038361000000000089e+00,8.675900000000003054e-01,1.101773000000000113e+00,1.000290000000000790e+00,9.995859999999998635e-01,1.000006999999999868e+00
1.228419000000000150e+00,9.603200000000001735e-01,1.039233000000000073e+00,8.655560000000003251e-01,1.103627000000000136e+00,1.000295000000000822e+00,9.994789999999998953e-01,1.000026999999999777e+00
1.232142000000000071e+00,9.597980000000001510e-01,1.039992000000000028e+00,8.634300000000003639e-01,1.105564000000000213e+00,1.000284000000000839e+00,9.995929999999998428e-01,9.999689999999997747e-01
1.235850000000000115e+00,9.593410000000001103e-01,1.040839000000000070e+00,8.614020000000003341e-01,1.107497000000000176e+00,1.000370000000000870e+00,9.995859999999998635e-01,9.999759999999997540e-01
1.239527000000000045e+00,9.588280000000001246e-01,1.041751000000000094e+00,8.595530000000003445e-01,1.109414000000000122e+00,1.000357000000000829e+00,9.995389999999998443e-01,1.000014999999999654e+00
1.243299000000000154e+00,9.582030000000001380e-01,1.042493000000000114e+00,8.575810000000003708e-01,1.111400000000000166e+00,1.000406000000000795e+00,9.994689999999998298e-01,9.999869999999996262e-01
1.246994000000000158e+00,9.577140000000001763e-01,1.043315000000000214e+00,8.555210000000004200e-01,1.113271000000000122e+00,1.000386000000000886e+00,9.994139999999998025e-01,1.000062999999999702e+00
1.250685000000000269e+00,9.572340000000001403e-01,1.044209000000000165e+00,8.534900000000004150e-01,1.115208000000000199e+00,1.000346000000000846e+00,9.994469999999997523e-01,1.000007999999999786e+00
1.254326000000000274e+00,9.567060000000001674e-01,1.045021000000000200e+00,8.514570000000004635e-01,1.117062000000000221e+00,1.000440000000000884e+00,9.993729999999997338e-01,9.999689999999997747e-01
1.257991000000000303e+00,9.561660000000001824e-01,1.045772000000000146e+00,8.494960000000004730e-01,1.118946000000000218e+00,1.000375000000000902e+00,9.993339999999997225e-01,9.999849999999997907e-01
1.261551000000000311e+00,9.557310000000002193e-01,1.046586000000000238e+00,8.475540000000004737e-01,1.120849000000000206e+00,1.000394000000000894e+00,9.994129999999997738e-01,1.000023999999999802e+00
1.265198000000000267e+00,9.552680000000002281e-01,1.047383000000000175e+00,8.456200000000004824e-01,1.122790000000000177e+00,1.000536000000000980e+00,9.994169999999997778e-01,1.000011999999999901e+00
1.268898000000000303e+00,9.548580000000002066e-01,1.048127000000000253e+00,8.437410000000005184e-01,1.124686000000000075e+00,1.000590000000000979e+00,9.994009999999997618e-01,9.999319999999999320e-01
1.272543000000000202e+00,9.543510000000001714e-01,1.048921000000000214e+00,8.417630000000004831e-01,1.126522000000000023e+00,1.000641000000001002e+00,9.994429999999997483e-01,9.999859999999999305e-01
1.276181000000000232e+00,9.538090000000001289e-01,1.049672000000000160e+00,8.398970000000004488e-01,1.128454000000000068e+00,1.000528000000000972e+00,9.995299999999996965e-01,9.999029999999998752e-01
1.279900000000000260e+00,9.532810000000001560e-01,1.050464000000000064e+00,8.381030000000004865e-01,1.130354999999999999e+00,1.000524000000001079e+00,9.994509999999996452e-01,9.999059999999998505e-01
1.283564000000000149e+00,9.527680000000001703e-01,1.051249000000000100e+00,8.361690000000004952e-01,1.132301999999999920e+00,1.000596000000001151e+00,9.995059999999996725e-01,9.997979999999998535e-01
1.287336000000000258e+00,9.522780000000001799e-01,1.052145000000000108e+00,8.342620000000005032e-01,1.134222999999999981e+00,1.000573000000001045e+00,9.994869999999996812e-01,9.997989999999998822e-01
1.291041000000000327e+00,9.517930000000002222e-01,1.052942000000000045e+00,8.323120000000004959e-01,1.136085999999999929e+00,1.000592000000001036e+00,9.993799999999997130e-01,9.997619999999999285e-01
1.294649000000000383e+00,9.512650000000002493e-01,1.053776000000000046e+00,8.304210000000005198e-01,1.138066000000000022e+00,1.000575000000001102e+00,9.993879999999997210e-01,9.997079999999999300e-01
1.298207000000000333e+00,9.508320000000002326e-01,1.054691000000000045e+00,8.285020000000005158e-01,1.140030000000000099e+00,1.000562000000001062e+00,9.993709999999996763e-01,9.996399999999999730e-01
1.301872000000000362e+00,9.504180000000002071e-01,1.055521000000000154e+00,8.266990000000005168e-01,1.141954000000000136e+00,1.000403000000001041e+00,9.994209999999996707e-01,9.997539999999999205e-01
1.305443000000000353e+00,9.499430000000002039e-01,1.056399000000000088e+00,8.249330000000004715e-01,1.143822000000000116e+00,1.000455000000000982e+00,9.994069999999997123e-01,9.998069999999998902e-01
1.309018000000000459e+00,9.495610000000002104e-01,1.057252000000000081e+00,8.231900000000004214e-01,1.145678000000000196e+00,1.000290000000001012e+00,9.994469999999997523e-01,9.998349999999999183e-01
1.312670000000000448e+00,9.491790000000002170e-01,1.058073000000000041e+00,8.215050000000003738e-01,1.147612000000000299e+00,1.000368000000001034e+00,9.994139999999998025e-01,9.997929999999999318e-01
1.316496000000000555e+00,9.488080000000002068e-01,1.058983000000000008e+00,8.196170000000003730e-01,1.149594000000000227e+00,1.000379000000001017e+00,9.994289999999997898e-01,9.998369999999999758e-01
1.320042000000000604e+00,9.484050000000001646e-01,1.059827000000000075e+00,8.178500000000004100e-01,1.151508000000000198e+00,1.000361000000000944e+00,9.994509999999997563e-01,9.998559999999999670e-01
1.323687000000000502e+00,9.480160000000001919e-01,1.060626999999999986e+00,8.162090000000004064e-01,1.153387000000000162e+00,1.000273000000000856e+00,9.995339999999997005e-01,9.998219999999999885e-01
1.327205000000000412e+00,9.475420000000002174e-01,1.061495000000000077e+00,8.144590000000003771e-01,1.155349000000000181e+00,1.000262000000000873e+00,9.995679999999996790e-01,9.998270000000000213e-01
1.330700000000000438e+00,9.471870000000002232e-01,1.062317000000000178e+00,8.127140000000003806e-01,1.157187000000000188e+00,1.000268000000000823e+00,9.996489999999996767e-01,9.997650000000000148e-01
1.334411000000000458e+00,9.467530000000001777e-01,1.063133000000000106e+00,8.109830000000003425e-01,1.158969000000000138e+00,1.000260000000000815e+00,9.998099999999996434e-01,9.997090000000000698e-01
1.337884000000000517e+00,9.464290000000001868e-01,1.063997999999999999e+00,8.092160000000003794e-01,1.160930000000000240e+00,1.000324000000000879e+00,9.997149999999996872e-01,9.997250000000000858e-01
1.341472000000000442e+00,9.460120000000001861e-01,1.064955000000000096e+00,8.074750000000003869e-01,1.162798000000000220e+00,1.000328000000000772e+00,9.996719999999996720e-01,9.997640000000000970e-01
1.345061000000000506e+00,9.456650000000001999e-01,1.065800999999999998e+00,8.055940000000003653e-01,1.164775000000000116e+00,1.000380000000000713e+00,9.996969999999997247e-01,9.996610000000001328e-01
1.348566000000000598e+00,9.452560000000002072e-01,1.066651000000000016e+00,8.038510000000003153e-01,1.166728000000000209e+00,1.000461000000000711e+00,9.997399999999997400e-01,9.996870000000001033e-01
1.352082000000000672e+00,9.448840000000001682e-01,1.067523000000000000e+00,8.020300000000003537e-01,1.168622000000000272e+00,1.000516000000000627e+00,9.996429999999997262e-01,9.996310000000001583e-01
1.355560000000000764e+00,9.444700000000001427e-01,1.068346999999999936e+00,8.002890000000003612e-01,1.170556000000000374e+00,1.000437000000000687e+00,9.996429999999997262e-01,9.996180000000001176e-01
1.359035000000000659e+00,9.440270000000001716e-01,1.069250999999999951e+00,7.986150000000004079e-01,1.172496000000000427e+00,1.000387000000000581e+00,9.997459999999996905e-01,9.996640000000001081e-01
1.362386000000000763e+00,9.436440000000001493e-01,1.070009999999999906e+00,7.969680000000004538e-01,1.174432000000000365e+00,1.000286000000000675e+00,9.997779999999997225e-01,9.997350000000001513e-01
1.366015000000000867e+00,9.433320000000001704e-01,1.070782999999999818e+00,7.953140000000004095e-01,1.176255000000000273e+00,1.000427000000000621e+00,9.998999999999996779e-01,9.996870000000001033e-01
1.369506000000000778e+00,9.429750000000001187e-01,1.071648999999999852e+00,7.937120000000004172e-01,1.178196000000000243e+00,1.000518000000000685e+00,1.000059999999999727e+00,9.996590000000000753e-01
1.372960000000000846e+00,9.425120000000001275e-01,1.072645999999999766e+00,7.919830000000004366e-01,1.180131000000000263e+00,1.000643000000000615e+00,1.000178999999999707e+00,9.996890000000000498e-01
1.376507000000000813e+00,9.420680000000001275e-01,1.073445999999999678e+00,7.903740000000004651e-01,1.181996000000000269e+00,1.000530000000000586e+00,1.000146999999999675e+00,9.996639999999999970e-01
1.380022000000000748e+00,9.418030000000001678e-01,1.074291999999999581e+00,7.887900000000004352e-01,1.183816000000000201e+00,1.000489000000000628e+00,1.000212999999999575e+00,9.996410000000000018e-01
1.383531000000000732e+00,9.415660000000001251e-01,1.075183999999999473e+00,7.872020000000004014e-01,1.185600000000000209e+00,1.000493000000000521e+00,1.000242999999999549e+00,9.997120000000000450e-01
1.387068000000000634e+00,9.411750000000000949e-01,1.076024999999999565e+00,7.855650000000004018e-01,1.187436000000000158e+00,1.000456000000000456e+00,1.000271999999999606e+00,9.997219999999999995e-01
1.390386000000000566e+00,9.409040000000000736e-01,1.076874999999999583e+00,7.839890000000003800e-01,1.189348000000000072e+00,1.000449000000000366e+00,1.000420999999999561e+00,9.996559999999999890e-01
1.393884000000000567e+00,9.406650000000000844e-01,1.077766999999999475e+00,7.824450000000003902e-01,1.191199000000000119e+00,1.000491000000000463e+00,1.000544999999999574e+00,9.997030000000000083e-01
1.397277000000000546e+00,9.402960000000001317e-01,1.078672999999999549e+00,7.810120000000003726e-01,1.193062000000000067e+00,1.000438000000000383e+00,1.000545999999999491e+00,9.997890000000000388e-01
1.400739000000000622e+00,9.398400000000001198e-01,1.079528999999999517e+00,7.794950000000003820e-01,1.194905000000000106e+00,1.000450000000000284e+00,1.000611999999999391e+00,9.998280000000000500e-01
1.404179000000000732e+00,9.395710000000001560e-01,1.080529999999999546e+00,7.780180000000004314e-01,1.196687000000000056e+00,1.000585000000000280e+00,1.000596999999999293e+00,9.998340000000000005e-01
1.407593000000000760e+00,9.393350000000001421e-01,1.081416999999999629e+00,7.764620000000004296e-01,1.198527000000000120e+00,1.000611000000000361e+00,1.000447999999999338e+00,9.998979999999999535e-01
1.411020000000000829e+00,9.390010000000001966e-01,1.082351999999999537e+00,7.749790000000004175e-01,1.200386000000000175e+00,1.000639000000000278e+00,1.000485999999999320e+00,9.998340000000000005e-01
1.414289000000000796e+00,9.387600000000001499e-01,1.083193999999999546e+00,7.734790000000004717e-01,1.202180000000000248e+00,1.000716000000000383e+00,1.000544999999999352e+00,9.998080000000000300e-01
1.417705000000000881e+00,9.385120000000001239e-01,1.084066999999999448e+00,7.719600000000004236e-01,1.203957000000000166e+00,1.000667000000000417e+00,1.000676999999999373e+00,9.998139999999999805e-01
1.421110000000000984e+00,9.380860000000000865e-01,1.084954999999999448e+00,7.703760000000003938e-01,1.205879000000000145e+00,1.000456000000000456e+00,1.000714999999999355e+00,9.997479999999999700e-01
1.424430000000000973e+00,9.378770000000000717e-01,1.085781999999999359e+00,7.688080000000003800e-01,1.207682000000000144e+00,1.000482000000000538e+00,1.000749999999999362e+00,9.996149999999999203e-01
1.427825000000001010e+00,9.376070000000000793e-01,1.086674999999999391e+00,7.673630000000003504e-01,1.209554000000000240e+00,1.000479000000000562e+00,1.000693999999999306e+00,9.995799999999999130e-01
1.431235000000000923e+00,9.373570000000001068e-01,1.087457999999999370e+00,7.659600000000003073e-01,1.211410000000000320e+00,1.000405000000000655e+00,1.000717999999999330e+00,9.996419999999999195e-01
1.434730000000000949e+00,9.370030000000001413e-01,1.088281999999999305e+00,7.645060000000003519e-01,1.213201000000000418e+00,1.000464000000000686e+00,1.000718999999999248e+00,9.995679999999999010e-01
1.438167000000000861e+00,9.367590000000001194e-01,1.089157999999999404e+00,7.630660000000003551e-01,1.214872000000000396e+00,1.000381000000000631e+00,1.000729999999999231e+00,9.996099999999998875e-01
1.441656000000000937e+00,9.365620000000001166e-01,1.090057999999999305e+00,7.616740000000004063e-01,1.216712000000000460e+00,1.000344000000000566e+00,1.000841999999999121e+00,9.996609999999999108e-01
1.444903000000000937e+00,9.361680000000001112e-01,1.090898999999999397e+00,7.602830000000003752e-01,1.218587000000000531e+00,1.000281000000000642e+00,1.000875999999999211e+00,9.996659999999999435e-01
1.448255000000000958e+00,9.360010000000000829e-01,1.091866999999999477e+00,7.588880000000003401e-01,1.220300000000000606e+00,1.000233000000000594e+00,1.000830999999999138e+00,9.996919999999999140e-01
1.451673000000000879e+00,9.357630000000001225e-01,1.092755999999999394e+00,7.576170000000003180e-01,1.222075000000000689e+00,1.000255000000000560e+00,1.000846999999999154e+00,9.995799999999999130e-01
1.455173000000000938e+00,9.355910000000001725e-01,1.093569999999999487e+00,7.560980000000002699e-01,1.223877000000000770e+00,1.000230000000000619e+00,1.000881999999999161e+00,9.995289999999998898e-01
1.458580000000000876e+00,9.354740000000001388e-01,1.094365999999999506e+00,7.547260000000002300e-01,1.225701000000000818e+00,1.000205000000000677e+00,1.000897999999999177e+00,9.995639999999998970e-01
1.461921000000000914e+00,9.352210000000001910e-01,1.095334999999999503e+00,7.532930000000002124e-01,1.227531000000000816e+00,1.000178000000000678e+00,1.000837999999999228e+00,9.994269999999998433e-01
1.465196000000000831e+00,9.350620000000001708e-01,1.096255999999999453e+00,7.518430000000002611e-01,1.229308000000000733e+00,1.000123000000000761e+00,1.000935999999999160e+00,9.994809999999998418e-01
1.468574000000000934e+00,9.348070000000001656e-01,1.097100999999999438e+00,7.505100000000002325e-01,1.230973000000000761e+00,1.000158000000000769e+00,1.000947999999999061e+00,9.994369999999997978e-01
1.471986000000000905e+00,9.347060000000001478e-01,1.098011999999999544e+00,7.491440000000002541e-01,1.232821000000000833e+00,1.000162000000000662e+00,1.000933999999999102e+00,9.994499999999998385e-01
1.475175000000001013e+00,9.345680000000001764e-01,1.098932999999999494e+00,7.478810000000002400e-01,1.234639000000000930e+00,1.000184000000000628e+00,1.000991999999998994e+00,9.995399999999998730e-01
1.478453000000000905e+00,9.344950000000001866e-01,1.099911999999999557e+00,7.465830000000002187e-01,1.236315000000000941e+00,1.000257000000000618e+00,1.000925999999999094e+00,9.995099999999998985e-01
1.481701000000000823e+00,9.342680000000002094e-01,1.100675999999999544e+00,7.452210000000002443e-01,1.238053000000000958e+00,1.000251000000000667e+00,1.000873999999999153e+00,9.994729999999999448e-01
1.484899000000000857e+00,9.341360000000001884e-01,1.101643999999999624e+00,7.438820000000002652e-01,1.239905000000000923e+00,1.000162000000000662e+00,1.000881999999999161e+00,9.995929999999999538e-01
1.488232000000000887e+00,9.340020000000002209e-01,1.102560999999999680e+00,7.425990000000002311e-01,1.241667000000000964e+00,1.000066000000000566e+00,1.000981999999999150e+00,9.996619999999999395e-01
1.491645000000000998e+00,9.337920000000001775e-01,1.103509999999999769e+00,7.412640000000002560e-01,1.243446000000000939e+00,1.000077000000000549e+00,1.001163999999999055e+00,9.995679999999999010e-01
1.494943000000001021e+00,9.336990000000001677e-01,1.104423999999999850e+00,7.400760000000002892e-01,1.245238000000000955e+00,1.000136000000000580e+00,1.001188999999998996e+00,9.995449999999999058e-01
1.498408000000001072e+00,9.334610000000002072e-01,1.105367999999999906e+00,7.388600000000002943e-01,1.247056000000001053e+00,1.000145000000000506e+00,1.001075999999998967e+00,9.996629999999998573e-01
1.501712000000001046e+00,9.334540000000002280e-01,1.106230999999999964e+00,7.375820000000002929e-01,1.248876000000000985e+00,1.000057000000000418e+00,1.001173999999998898e+00,9.997459999999998015e-01
1.505070000000001018e+00,9.332760000000002165e-01,1.107095999999999858e+00,7.363540000000002861e-01,1.250659000000001075e+00,1.000143000000000448e+00,1.001246999999998888e+00,9.997399999999998510e-01
1.508332000000001116e+00,9.331980000000001940e-01,1.107975999999999850e+00,7.351230000000003040e-01,1.252379000000001019e+00,9.999920000000004361e-01,1.001095999999998876e+00,9.997609999999998998e-01
1.511603000000001140e+00,9.330840000000002465e-01,1.108935999999999922e+00,7.339230000000003251e-01,1.254156000000000937e+00,9.998750000000004023e-01,1.001035999999998927e+00,9.997479999999998590e-01
1.514809000000001182e+00,9.328320000000002166e-01,1.109782999999999964e+00,7.327810000000003487e-01,1.255960000000000854e+00,9.998570000000004399e-01,1.000987999999998879e+00,9.997459999999999125e-01
1.518092000000001107e+00,9.328580000000001871e-01,1.110617999999999883e+00,7.315140000000003306e-01,1.257945000000000757e+00,9.997810000000004749e-01,1.000927999999998930e+00,9.997279999999999500e-01
1.521265000000001200e+00,9.326900000000002411e-01,1.111495999999999817e+00,7.302410000000003620e-01,1.259656000000000775e+00,9.998610000000004439e-01,1.000936999999998855e+00,9.995870000000000033e-01
1.524686000000001096e+00,9.325320000000002496e-01,1.112332999999999794e+00,7.290130000000003552e-01,1.261422000000000709e+00,9.999270000000004543e-01,1.000833999999998891e+00,9.995629999999999793e-01
1.527989000000001152e+00,9.322940000000002891e-01,1.113148999999999722e+00,7.278350000000003428e-01,1.263101000000000695e+00,9.997740000000004956e-01,1.000868999999998898e+00,9.995100000000000096e-01
1.531320000000001125e+00,9.323080000000002476e-01,1.114040999999999615e+00,7.265500000000003622e-01,1.264925000000000743e+00,9.998660000000004766e-01,1.000843999999998957e+00,9.995389999999999553e-01
1.534572000000001157e+00,9.322410000000002084e-01,1.114861999999999576e+00,7.254380000000003603e-01,1.266588000000000713e+00,9.997540000000004756e-01,1.000825999999998883e+00,9.994999999999999440e-01
1.537866000000001065e+00,9.320950000000002289e-01,1.115659999999999652e+00,7.241070000000003892e-01,1.268286000000000691e+00,9.997280000000005051e-01,1.000745999999998803e+00,9.996619999999999395e-01
1.540982000000000962e+00,9.319080000000001807e-01,1.116618999999999584e+00,7.229490000000003969e-01,1.269913000000000736e+00,9.996890000000004939e-01,1.000717999999998886e+00,9.995599999999998930e-01
1.544309000000001042e+00,9.318680000000001407e-01,1.117605999999999655e+00,7.217210000000003900e-01,1.271587000000000689e+00,9.997180000000004396e-01,1.000657999999998937e+00,9.995529999999999138e-01
1.547507000000001076e+00,9.317930000000000934e-01,1.118689999999999740e+00,7.204020000000004309e-01,1.273278000000000798e+00,9.997590000000003974e-01,1.000674999999998871e+00,9.995339999999999225e-01
1.550800000000001067e+00,9.317920000000000647e-01,1.119542999999999733e+00,7.191840000000003785e-01,1.274938000000000793e+00,9.997520000000004181e-01,1.000707999999998821e+00,9.994699999999999696e-01
1.553928000000001086e+00,9.315910000000000579e-01,1.120514999999999706e+00,7.179860000000003462e-01,1.276688000000000711e+00,9.996570000000004619e-01,1.000695999999998920e+00,9.994229999999999503e-01
1.557184000000001012e+00,9.314330000000000664e-01,1.121420999999999779e+00,7.168090000000003625e-01,1.278419000000000638e+00,9.995430000000005144e-01,1.000735999999998960e+00,9.993859999999999966e-01
1.560284000000001114e+00,9.312950000000000950e-01,1.122478999999999782e+00,7.158060000000003864e-01,1.280094000000000731e+00,9.994990000000004704e-01,1.000781999999998950e+00,9.992579999999999796e-01
1.563542000000001098e+00,9.312270000000001380e-01,1.123396999999999757e+00,7.146900000000003805e-01,1.281744000000000661e+00,9.995180000000004616e-01,1.000671999999998896e+00,9.993509999999999893e-01
1.566712000000000993e+00,9.311750000000000860e-01,1.124332999999999805e+00,7.135710000000003994e-01,1.283450000000000646e+00,9.996860000000004076e-01,1.000607999999998832e+00,9.992689999999999628e-01
1.569759000000001015e+00,9.312420000000001252e-01,1.125301999999999802e+00,7.124380000000003488e-01,1.285206000000000737e+00,9.998360000000003911e-01,1.000624999999998765e+00,9.994149999999999423e-01
1.572981000000001073e+00,9.312210000000000765e-01,1.126204999999999901e+00,7.113060000000003269e-01,1.286875000000000657e+00,9.998530000000004359e-01,1.000564999999998816e+00,9.994479999999998920e-01
1.576108000000001175e+00,9.309630000000000960e-01,1.127149999999999874e+00,7.101550000000003138e-01,1.288507000000000735e+00,9.997670000000004054e-01,1.000605999999998774e+00,9.995919999999999250e-01
1.579338000000001241e+00,9.308590000000001030e-01,1.127940999999999860e+00,7.090070000000002759e-01,1.290235000000000687e+00,9.997660000000003766e-01,1.000608999999998749e+00,9.995299999999999185e-01
1.582539000000001250e+00,9.310080000000000577e-01,1.128777999999999837e+00,7.078210000000002555e-01,1.291877000000000608e+00,9.998250000000004079e-01,1.000555999999998669e+00,9.995939999999998715e-01
1.585705000000001252e+00,9.308680000000000287e-01,1.129680999999999935e+00,7.066800000000003079e-01,1.293479000000000712e+00,9.998270000000003543e-01,1.000617999999998675e+00,9.996829999999998773e-01
1.588783000000001167e+00,9.308520000000000127e-01,1.130599999999999827e+00,7.056210000000002758e-01,1.295230000000000770e+00,9.998320000000003871e-01,1.000625999999998683e+00,9.997139999999998805e-01
1.592013000000001233e+00,9.308020000000000183e-01,1.131570999999999882e+00,7.045630000000002724e-01,1.296817000000000775e+00,9.998820000000003816e-01,1.000592999999998733e+00,9.996769999999999268e-01
1.595220000000001193e+00,9.308490000000000375e-01,1.132417999999999925e+00,7.034770000000002410e-01,1.298406000000000837e+00,9.999120000000003561e-01,1.000632999999998773e+00,9.995989999999999043e-01
1.598404000000001268e+00,9.309280000000000888e-01,1.133303999999999867e+00,7.024340000000002249e-01,1.299978000000000744e+00,9.997930000000003758e-01,1.000750999999998836e+00,9.996649999999999148e-01
1.601553000000001337e+00,9.308150000000000590e-01,1.134288999999999881e+00,7.013180000000002190e-01,1.301768000000000702e+00,9.997210000000004149e-01,1.000704999999998845e+00,9.997479999999999700e-01
1.604730000000001322e+00,9.308110000000000550e-01,1.135181999999999913e+00,7.001410000000002354e-01,1.303426000000000640e+00,9.996910000000004404e-01,1.000686999999998772e+00,9.996769999999999268e-01
1.607814000000001409e+00,9.308370000000000255e-01,1.135978999999999850e+00,6.990520000000002288e-01,1.305077000000000709e+00,9.996610000000004659e-01,1.000709999999998878e+00,9.995309999999999473e-01
1.611036000000001467e+00,9.309030000000000360e-01,1.136916999999999955e+00,6.980770000000002806e-01,1.306777000000000744e+00,9.996330000000004379e-01,1.000574999999998882e+00,9.996289999999999898e-01
1.614222000000001378e+00,9.309250000000000025e-01,1.137837999999999905e+00,6.969900000000003315e-01,1.308446000000000664e+00,9.996900000000004116e-01,1.000572999999998824e+00,9.996150000000000313e-01
1.617365000000001274e+00,9.308619999999999672e-01,1.138743999999999978e+00,6.959660000000003066e-01,1.310172000000000558e+00,9.995630000000004234e-01,1.000631999999998856e+00,9.996390000000000553e-01
1.620514000000001342e+00,9.308489999999999265e-01,1.139608999999999872e+00,6.949580000000002977e-01,1.311755000000000448e+00,9.995970000000004019e-01,1.000658999999998855e+00,9.997570000000000068e-01
1.623631000000001379e+00,9.309199999999999697e-01,1.140595999999999943e+00,6.938740000000003239e-01,1.313381000000000354e+00,9.996480000000004251e-01,1.000597999999998766e+00,9.997519999999999740e-01
1.626775000000001414e+00,9.308579999999999632e-01,1.141440999999999928e+00,6.927390000000003267e-01,1.315008000000000399e+00,9.996110000000004714e-01,1.000544999999998685e+00,9.996059999999999945e-01
1.629969000000001333e+00,9.310169999999999835e-01,1.142365999999999993e+00,6.917100000000003801e-01,1.316623000000000321e+00,9.995970000000005129e-01,1.000511999999998736e+00,9.995089999999999808e-01
1.633107000000001419e+00,9.310100000000000042e-01,1.143356000000000039e+00,6.907200000000003337e-01,1.318139000000000394e+00,9.996460000000004786e-01,1.000473999999998753e+00,9.995079999999999520e-01
1.636106000000001393e+00,9.310640000000000027e-01,1.144335000000000102e+00,6.897270000000003121e-01,1.319743000000000333e+00,9.996640000000004411e-01,1.000484999999998736e+00,9.995369999999998978e-01
1.639247000000001453e+00,9.310589999999999700e-01,1.145309000000000133e+00,6.887050000000003447e-01,1.321446000000000343e+00,9.996650000000004699e-01,1.000511999999998736e+00,9.994839999999999280e-01
1.642433000000001364e+00,9.310800000000000187e-01,1.146196000000000215e+00,6.876620000000003285e-01,1.322972000000000259e+00,9.996570000000004619e-01,1.000489999999998769e+00,9.994899999999998785e-01
1.645527000000001294e+00,9.311230000000000340e-01,1.147050000000000125e+00,6.866330000000003819e-01,1.324721000000000259e+00,9.996290000000004339e-01,1.000536999999998677e+00,9.995319999999998650e-01
1.648577000000001291e+00,9.312130000000000685e-01,1.147925000000000084e+00,6.855420000000004288e-01,1.326298000000000199e+00,9.996890000000003829e-01,1.000577999999998635e+00,9.995549999999998603e-01
1.651678000000001312e+00,9.312130000000000685e-01,1.148903000000000008e+00,6.845950000000003977e-01,1.327890000000000237e+00,9.997780000000003886e-01,1.000577999999998635e+00,9.995279999999998610e-01
1.654768000000001349e+00,9.313220000000000942e-01,1.149804000000000048e+00,6.836290000000003753e-01,1.329448000000000185e+00,9.996720000000003381e-01,1.000514999999998711e+00,9.996609999999999108e-01
1.657793000000001404e+00,9.314080000000001247e-01,1.150665999999999967e+00,6.825990000000003999e-01,1.331021000000000232e+00,9.996560000000003221e-01,1.000588999999998618e+00,9.996529999999999028e-01
1.660790000000001321e+00,9.314240000000001407e-01,1.151600999999999875e+00,6.815220000000004053e-01,1.332549000000000206e+00,9.995410000000003459e-01,1.000690999999998665e+00,9.995379999999999265e-01
1.663741000000001247e+00,9.315410000000001745e-01,1.152423999999999893e+00,6.805400000000003669e-01,1.334053000000000155e+00,9.996600000000003261e-01,1.000676999999998706e+00,9.996559999999998780e-01
1.666809000000001317e+00,9.316330000000001554e-01,1.153270999999999935e+00,6.795070000000004162e-01,1.335603000000000096e+00,9.995510000000003004e-01,1.000593999999998651e+00,9.997149999999999093e-01
1.669859000000001314e+00,9.318340000000001622e-01,1.154137999999999886e+00,6.786400000000004651e-01,1.337021000000000015e+00,9.994010000000003169e-01,1.000570999999998545e+00,9.995569999999999178e-01
1.672854000000001395e+00,9.319190000000001639e-01,1.155013999999999985e+00,6.778520000000004542e-01,1.338624999999999954e+00,9.993770000000002929e-01,1.000667999999998559e+00,9.996399999999998620e-01
1.675865000000001492e+00,9.320010000000001904e-01,1.155874000000000068e+00,6.769930000000004000e-01,1.340254999999999974e+00,9.993660000000003096e-01,1.000708999999998516e+00,9.995889999999998388e-01
1.678956000000001447e+00,9.319930000000001824e-01,1.156700999999999979e+00,6.760580000000003809e-01,1.341825999999999963e+00,9.992770000000003039e-01,1.000679999999998460e+00,9.996259999999997925e-01
1.682047000000001402e+00,9.321610000000001284e-01,1.157519999999999882e+00,6.750290000000004342e-01,1.343374000000000068e+00,9.992220000000002766e-01,1.000751999999998532e+00,9.997169999999997447e-01
1.685133000000001324e+00,9.321630000000000749e-01,1.158397999999999817e+00,6.742080000000004736e-01,1.344859000000000027e+00,9.992660000000003206e-01,1.000867999999998537e+00,9.996859999999997415e-01
1.688117000000001422e+00,9.322680000000000966e-01,1.159194999999999753e+00,6.733560000000005097e-01,1.346446000000000032e+00,9.992790000000003614e-01,1.000804999999998612e+00,9.996699999999997255e-01
1.691049000000001357e+00,9.322230000000001349e-01,1.160068999999999795e+00,6.724540000000005513e-01,1.347992999999999997e+00,9.993110000000003934e-01,1.000873999999998709e+00,9.998109999999996722e-01
1.694136000000001419e+00,9.323320000000001606e-01,1.160976999999999704e+00,6.716200000000005499e-01,1.349604999999999944e+00,9.994370000000003529e-01,1.000860999999998668e+00,9.999599999999996269e-01
1.697207000000001464e+00,9.324230000000001128e-01,1.161792999999999632e+00,6.708670000000005462e-01,1.351207999999999965e+00,9.994100000000003536e-01,1.000837999999998562e+00,9.999209999999996157e-01
1.700155000000001415e+00,9.325660000000001171e-01,1.162670999999999566e+00,6.699940000000005336e-01,1.352644999999999875e+00,9.994330000000003489e-01,1.000869999999998594e+00,9.997589999999996202e-01
1.703288000000001468e+00,9.327500000000000790e-01,1.163605999999999474e+00,6.691190000000005744e-01,1.354166999999999899e+00,9.994040000000004031e-01,1.000875999999998545e+00,9.998029999999996642e-01
1.706325000000001424e+00,9.328050000000001063e-01,1.164529999999999399e+00,6.683870000000006195e-01,1.355694999999999872e+00,9.993830000000003544e-01,1.000870999999998512e+00,9.997389999999997112e-01
1.709287000000001333e+00,9.328590000000001048e-01,1.165367999999999293e+00,6.674480000000005964e-01,1.357249999999999845e+00,9.993980000000003416e-01,1.000895999999998454e+00,9.999139999999997475e-01
1.712342000000001363e+00,9.329820000000000890e-01,1.166144999999999321e+00,6.666540000000006350e-01,1.358655999999999864e+00,9.994820000000003146e-01,1.000926999999998346e+00,9.998099999999997545e-01
1.715397000000001393e+00,9.330430000000000668e-01,1.167160999999999227e+00,6.658360000000006496e-01,1.360093999999999914e+00,9.993700000000003136e-01,1.000935999999998272e+00,9.998649999999997817e-01
1.718488000000001348e+00,9.331080000000000485e-01,1.168004999999999294e+00,6.649850000000006034e-01,1.361596999999999946e+00,9.993600000000003591e-01,1.001013999999998294e+00,9.999069999999997682e-01
1.721514000000001321e+00,9.332880000000000065e-01,1.168836999999999238e+00,6.641970000000005925e-01,1.363083000000000045e+00,9.992190000000004124e-01,1.001187999999998191e+00,9.998299999999997745e-01
1.724550000000001360e+00,9.334120000000000195e-01,1.169693999999999345e+00,6.632130000000006076e-01,1.364569000000000143e+00,9.991690000000004179e-01,1.001254999999998230e+00,9.997779999999997225e-01
1.727397000000001404e+00,9.335640000000000605e-01,1.170502999999999405e+00,6.624370000000006087e-01,1.366010000000000169e+00,9.992960000000004062e-01,1.001223999999998338e+00,9.998399999999997290e-01
1.730578000000001504e+00,9.337170000000000192e-01,1.171263999999999417e+00,6.616450000000005938e-01,1.367500000000000160e+00,9.993250000000003519e-01,1.001366999999998342e+00,9.998139999999997585e-01
1.733647000000001492e+00,9.339840000000000364e-01,1.172111999999999377e+00,6.608400000000005381e-01,1.368970000000000242e+00,9.993450000000003719e-01,1.001256999999998287e+00,9.998839999999997730e-01
1.736667000000001515e+00,9.342790000000000816e-01,1.172970999999999320e+00,6.600430000000004904e-01,1.370370000000000310e+00,9.994200000000004191e-01,1.001184999999998215e+00,9.998749999999997362e-01
1.739673000000001579e+00,9.345890000000001141e-01,1.173776999999999404e+00,6.591960000000004483e-01,1.371938000000000324e+00,9.994460000000003896e-01,1.001132999999998274e+00,9.998079999999996970e-01
1.742661000000001570e+00,9.346940000000001358e-01,1.174701999999999469e+00,6.584710000000004726e-01,1.373369000000000284e+00,9.994320000000004312e-01,1.001196999999998338e+00,9.997969999999997137e-01
1.745585000000001497e+00,9.348460000000001768e-01,1.175696999999999548e+00,6.576830000000004617e-01,1.374742000000000353e+00,9.995120000000004001e-01,1.001172999999998314e+00,9.996519999999997630e-01
1.748604000000001601e+00,9.350810000000001621e-01,1.176496999999999460e+00,6.568800000000004635e-01,1.376131000000000437e+00,9.994970000000004129e-01,1.001122999999998209e+00,9.996439999999997550e-01
1.751596000000001707e+00,9.352520000000001943e-01,1.177364999999999551e+00,6.561110000000004439e-01,1.377619000000000371e+00,9.995740000000004066e-01,1.001027999999998253e+00,9.995669999999997613e-01
1.754681000000001712e+00,9.353960000000002273e-01,1.178258999999999501e+00,6.554530000000003964e-01,1.378954000000000457e+00,9.996630000000004124e-01,1.000962999999998271e+00,9.994899999999997675e-01
1.757590000000001762e+00,9.354330000000001810e-01,1.179001999999999439e+00,6.546540000000004023e-01,1.380325000000000468e+00,9.997330000000004269e-01,1.001030999999998228e+00,9.995009999999997508e-01
1.760724000000001732e+00,9.356600000000001582e-01,1.179903999999999398e+00,6.538630000000004161e-01,1.381666000000000505e+00,9.997590000000003974e-01,1.001015999999998130e+00,9.996339999999998005e-01
1.763666000000001732e+00,9.359170000000001099e-01,1.180730999999999309e+00,6.531430000000003622e-01,1.383021000000000500e+00,9.997850000000003678e-01,1.000939999999998165e+00,9.996139999999997805e-01
1.766656000000001780e+00,9.360390000000000654e-01,1.181505999999999279e+00,6.523820000000003505e-01,1.384416000000000535e+00,9.998360000000003911e-01,1.000970999999998057e+00,9.995689999999998188e-01
1.769641000000001796e+00,9.361780000000000657e-01,1.182224999999999193e+00,6.516630000000003253e-01,1.385809000000000513e+00,9.998940000000003936e-01,1.000853999999998134e+00,9.996119999999998340e-01
1.772714000000001899e+00,9.362960000000000171e-01,1.183054999999999302e+00,6.508830000000003224e-01,1.387227000000000432e+00,9.998230000000003503e-01,1.000802999999998111e+00,9.996789999999998733e-01
1.775678000000001866e+00,9.364989999999999704e-01,1.183945999999999277e+00,6.503010000000003510e-01,1.388515000000000388e+00,9.998510000000003783e-01,1.000691999999998139e+00,9.996899999999998565e-01
1.778649000000001923e+00,9.366389999999999993e-01,1.184751999999999361e+00,6.495390000000003106e-01,1.389949000000000323e+00,9.998690000000003408e-01,1.000585999999998199e+00,9.998129999999998407e-01
1.781665000000001831e+00,9.367680000000000451e-01,1.185631999999999353e+00,6.488490000000003421e-01,1.391326000000000285e+00,9.998560000000003001e-01,1.000535999999998094e+00,9.998749999999998472e-01
1.784600000000001740e+00,9.370180000000000176e-01,1.186423999999999257e+00,6.481620000000003490e-01,1.392577000000000176e+00,9.999390000000003553e-01,1.000496999999998193e+00,9.999109999999998832e-01
1.787637000000001697e+00,9.372789999999999733e-01,1.187295999999999241e+00,6.474560000000003646e-01,1.393914000000000097e+00,1.000042000000000320e+00,1.000563999999998233e+00,9.999539999999998985e-01
1.790514000000001715e+00,9.373310000000000253e-01,1.188104999999999301e+00,6.467870000000003339e-01,1.395314000000000165e+00,1.000031000000000336e+00,1.000632999999998329e+00,9.999669999999999392e-01
1.793416000000001675e+00,9.374930000000000208e-01,1.188823999999999215e+00,6.460330000000003015e-01,1.396578000000000097e+00,1.000040000000000262e+00,1.000690999999998221e+00,9.998519999999999630e-01
1.796352000000001725e+00,9.377910000000000412e-01,1.189684999999999215e+00,6.454520000000002478e-01,1.397853000000000012e+00,9.999960000000002180e-01,1.000703999999998262e+00,9.999299999999999855e-01
1.799285000000001800e+00,9.379669999999999952e-01,1.190395999999999121e+00,6.449070000000002301e-01,1.399111999999999911e+00,9.999730000000002228e-01,1.000721999999998335e+00,1.000014999999999876e+00
1.802209000000001726e+00,9.381099999999999994e-01,1.191183999999999132e+00,6.442480000000002649e-01,1.400428000000000006e+00,9.999630000000002683e-01,1.000779999999998227e+00,9.999829999999998442e-01
1.805086000000001745e+00,9.382960000000000189e-01,1.192047999999999108e+00,6.434990000000002652e-01,1.401831999999999967e+00,9.999370000000002978e-01,1.000717999999998220e+00,9.999319999999998210e-01
1.808028000000001745e+00,9.384860000000000424e-01,1.192790999999999046e+00,6.429090000000002858e-01,1.403159000000000045e+00,1.000017000000000378e+00,1.000715999999998163e+00,9.999829999999998442e-01
1.811118000000001782e+00,9.387030000000000651e-01,1.193342999999999154e+00,6.422870000000002744e-01,1.404637000000000135e+00,1.000049000000000410e+00,1.000758999999998178e+00,9.999829999999998442e-01
1.813990000000001768e+00,9.389790000000001191e-01,1.194149999999999157e+00,6.416020000000002277e-01,1.405881000000000158e+00,1.000126000000000515e+00,1.000595999999998265e+00,1.000088999999999784e+00
1.816752000000001699e+00,9.392870000000000941e-01,1.195042999999999189e+00,6.410020000000001827e-01,1.407180000000000097e+00,1.000060000000000615e+00,1.000636999999998222e+00,1.000056999999999752e+00
1.819668000000001618e+00,9.396410000000000595e-01,1.195691999999999089e+00,6.404380000000001738e-01,1.408478000000000119e+00,1.000171000000000587e+00,1.000548999999998134e+00,1.000041999999999653e+00
1.822653000000001633e+00,9.399460000000000592e-01,1.196579999999999089e+00,6.398350000000001536e-01,1.409762000000000182e+00,1.000203000000000619e+00,1.000412999999998220e+00,1.000004999999999589e+00
1.825612000000001567e+00,9.402500000000000302e-01,1.197310999999999126e+00,6.393480000000001384e-01,1.411101000000000161e+00,1.000216000000000660e+00,1.000321999999998157e+00,1.000033999999999645e+00
1.828630000000001532e+00,9.405959999999999877e-01,1.198161999999999061e+00,6.388520000000000865e-01,1.412476000000000065e+00,1.000235000000000651e+00,1.000337999999998173e+00,9.999799999999996469e-01
1.831497000000001485e+00,9.408750000000000169e-01,1.198841999999999075e+00,6.384450000000000403e-01,1.413707999999999965e+00,1.000245000000000717e+00,1.000353999999998189e+00,9.999579999999996804e-01
1.834422000000001551e+00,9.411049999999999693e-01,1.199794999999999057e+00,6.377740000000000631e-01,1.414997999999999978e+00,1.000162000000000662e+00,1.000436999999998244e+00,1.000003999999999671e+00
1.837319000000001479e+00,9.413799999999999946e-01,1.200603999999999116e+00,6.372110000000000829e-01,1.416214000000000084e+00,1.000201000000000562e+00,1.000348999999998156e+00,9.999449999999996397e-01
1.840160000000001572e+00,9.416130000000000333e-01,1.201327999999999063e+00,6.365910000000001290e-01,1.417493000000000114e+00,1.000324000000000657e+00,1.000406999999998048e+00,1.000040999999999736e+00
1.843124000000001539e+00,9.420200000000000795e-01,1.202115999999999074e+00,6.360740000000001393e-01,1.418700000000000072e+00,1.000255000000000560e+00,1.000517999999998020e+00,1.000025999999999637e+00
1.845991000000001492e+00,9.422460000000000280e-01,1.202797999999999146e+00,6.355950000000001321e-01,1.419944000000000095e+00,1.000323000000000517e+00,1.000513999999998127e+00,9.999259999999996484e-01
1.848972000000001392e+00,9.425959999999999894e-01,1.203566999999999165e+00,6.350630000000001552e-01,1.421299000000000090e+00,1.000249000000000610e+00,1.000627999999998075e+00,9.999819999999997044e-01
1.851890000000001368e+00,9.429220000000000379e-01,1.204297999999999202e+00,6.344390000000001972e-01,1.422617000000000020e+00,1.000193000000000554e+00,1.000664999999998139e+00,9.999699999999996924e-01
1.854830000000001311e+00,9.432329999999999881e-01,1.205033999999999272e+00,6.339240000000001540e-01,1.423769000000000062e+00,1.000161000000000522e+00,1.000734999999998154e+00,9.998539999999996875e-01
1.857863000000001374e+00,9.434810000000000141e-01,1.205754999999999244e+00,6.334340000000001636e-01,1.425042000000000142e+00,1.000160000000000604e+00,1.000794999999998103e+00,9.998519999999997410e-01
1.860790000000001276e+00,9.437060000000000448e-01,1.206580999999999237e+00,6.329770000000001229e-01,1.426328000000000040e+00,1.000096000000000540e+00,1.000738999999998047e+00,9.998639999999997530e-01
1.863599000000001338e+00,9.440160000000000773e-01,1.207364999999999133e+00,6.324990000000001444e-01,1.427572000000000063e+00,1.000108000000000441e+00,1.000709999999997990e+00,9.998059999999997505e-01
1.866583000000001435e+00,9.442870000000000985e-01,1.208268999999999149e+00,6.320500000000001117e-01,1.428825000000000012e+00,1.000131000000000547e+00,1.000759999999998096e+00,9.997589999999997312e-01
1.869436000000001430e+00,9.445740000000001357e-01,1.209086999999999135e+00,6.315790000000001125e-01,1.430134000000000016e+00,1.000248000000000470e+00,1.000793999999998185e+00,9.997929999999997097e-01
1.872302000000001465e+00,9.449180000000001467e-01,1.209956999999999061e+00,6.310200000000001364e-01,1.431383999999999990e+00,1.000298000000000576e+00,1.000780999999998144e+00,9.997849999999997017e-01
1.875057000000001528e+00,9.453080000000001482e-01,1.210860999999999077e+00,6.305660000000001819e-01,1.432590999999999948e+00,1.000360000000000582e+00,1.000840999999998093e+00,9.998319999999997210e-01
1.878103000000001632e+00,9.456450000000001799e-01,1.211655999999999178e+00,6.300190000000002177e-01,1.433867999999999920e+00,1.000433000000000572e+00,1.000805999999998086e+00,9.997239999999997240e-01
1.880940000000001611e+00,9.459090000000002219e-01,1.212363999999999109e+00,6.296120000000001715e-01,1.435057000000000027e+00,1.000448000000000670e+00,1.000769999999998161e+00,9.996979999999997535e-01
1.883828000000001612e+00,9.461570000000002478e-01,1.213233999999999035e+00,6.292020000000001501e-01,1.436296999999999935e+00,1.000484000000000595e+00,1.000876999999998240e+00,9.996209999999997597e-01
1.886674000000001516e+00,9.464920000000002220e-01,1.214041999999998955e+00,6.286970000000001724e-01,1.437484999999999902e+00,1.000545000000000684e+00,1.000924999999998288e+00,9.994959999999997180e-01
1.889476000000001488e+00,9.467970000000002218e-01,1.214801999999999049e+00,6.281230000000002089e-01,1.438661999999999885e+00,1.000519000000000602e+00,1.000974999999998394e+00,9.995769999999997157e-01
1.892359000000001457e+00,9.471860000000001945e-01,1.215643999999999059e+00,6.275420000000001552e-01,1.439864999999999950e+00,1.000676000000000565e+00,1.000929999999998321e+00,9.995529999999996917e-01
1.895134000000001429e+00,9.475230000000002262e-01,1.216419999999999169e+00,6.270260000000001943e-01,1.440965000000000051e+00,1.000689000000000606e+00,1.000972999999998336e+00,9.996099999999996655e-01
1.897909000000001400e+00,9.478260000000002794e-01,1.217256999999999145e+00,6.266820000000001833e-01,1.442145000000000010e+00,1.000518000000000685e+00,1.000947999999998395e+00,9.995989999999996822e-01
1.900822000000001344e+00,9.481980000000003184e-01,1.218038999999999206e+00,6.261670000000001401e-01,1.443265999999999938e+00,1.000546000000000602e+00,1.000973999999998476e+00,9.997139999999996585e-01
1.903677000000001396e+00,9.485320000000002638e-01,1.218839999999999257e+00,6.256270000000001552e-01,1.444415999999999922e+00,1.000602000000000658e+00,1.000817999999998431e+00,9.996589999999996312e-01
1.906431000000001319e+00,9.487730000000003105e-01,1.219660999999999218e+00,6.251040000000001040e-01,1.445591999999999988e+00,1.000619000000000591e+00,1.000665999999998501e+00,9.996459999999995905e-01
1.909288000000001428e+00,9.491290000000003335e-01,1.220347999999999322e+00,6.248670000000000613e-01,1.446876000000000051e+00,1.000672000000000672e+00,1.000642999999998395e+00,9.997379999999995714e-01
1.912048000000001524e+00,9.495860000000003742e-01,1.220998999999999279e+00,6.243470000000000963e-01,1.448053999999999952e+00,1.000691000000000663e+00,1.000682999999998435e+00,9.997229999999995842e-01
1.914870000000001626e+00,9.499000000000004107e-01,1.221680999999999351e+00,6.239840000000000941e-01,1.449193999999999871e+00,1.000717000000000745e+00,1.000612999999998420e+00,9.996989999999995602e-01
1.917767000000001554e+00,9.502270000000003769e-01,1.222386999999999446e+00,6.235730000000000439e-01,1.450329999999999897e+00,1.000819000000000791e+00,1.000621999999998346e+00,9.996459999999995905e-01
1.920608000000001647e+00,9.505320000000003766e-01,1.223131999999999442e+00,6.231410000000000560e-01,1.451535999999999937e+00,1.000901000000000707e+00,1.000691999999998361e+00,9.996869999999995482e-01
1.923496000000001649e+00,9.507950000000003898e-01,1.223933999999999411e+00,6.227420000000000178e-01,1.452687999999999979e+00,1.000847000000000708e+00,1.000708999999998294e+00,9.997369999999995427e-01
1.926175000000001747e+00,9.511100000000003440e-01,1.224759999999999405e+00,6.224290000000000100e-01,1.453807000000000071e+00,1.000801000000000718e+00,1.000715999999998385e+00,9.997569999999995627e-01
1.929158000000001705e+00,9.514120000000003685e-01,1.225465999999999500e+00,6.220989999999999576e-01,1.454873000000000083e+00,1.000771000000000743e+00,1.000712999999998409e+00,9.997799999999995579e-01
1.931912000000001628e+00,9.518450000000003852e-01,1.226189999999999447e+00,6.217449999999999921e-01,1.456069999999999975e+00,1.000764000000000653e+00,1.000717999999998442e+00,9.997869999999995372e-01
1.934793000000001539e+00,9.521830000000003347e-01,1.226877999999999469e+00,6.214149999999999396e-01,1.457069999999999865e+00,1.000735000000000596e+00,1.000667999999998337e+00,9.998689999999995637e-01
1.937657000000001517e+00,9.525930000000003561e-01,1.227523999999999393e+00,6.210529999999999662e-01,1.458206999999999809e+00,1.000722000000000556e+00,1.000605999999998330e+00,9.998549999999996052e-01
1.940474000000001586e+00,9.529510000000003256e-01,1.228210999999999498e+00,6.207279999999999465e-01,1.459262999999999755e+00,1.000769000000000464e+00,1.000616999999998313e+00,9.998769999999995717e-01
1.943299000000001664e+00,9.533250000000003110e-01,1.228896999999999462e+00,6.204199999999999715e-01,1.460354999999999848e+00,1.000672000000000450e+00,1.000626999999998379e+00,9.999279999999995949e-01
1.946062000000001735e+00,9.536460000000003268e-01,1.229565999999999493e+00,6.199669999999999348e-01,1.461438999999999933e+00,1.000681000000000376e+00,1.000580999999998388e+00,9.999229999999995622e-01
1.948741000000001833e+00,9.540190000000002835e-01,1.230343999999999438e+00,6.197049999999999503e-01,1.462583999999999884e+00,1.000708000000000375e+00,1.000449999999998285e+00,9.999099999999995214e-01
1.951610000000001843e+00,9.544250000000003009e-01,1.231065999999999327e+00,6.194229999999999459e-01,1.463590999999999864e+00,1.000635000000000385e+00,1.000257999999998315e+00,9.998079999999994749e-01
1.954510000000001746e+00,9.549820000000003306e-01,1.231820999999999389e+00,6.191989999999999439e-01,1.464692999999999801e+00,1.000586000000000420e+00,1.000235999999998349e+00,9.997759999999994429e-01
1.957277000000001710e+00,9.554480000000002970e-01,1.232518999999999476e+00,6.188259999999999872e-01,1.465535999999999728e+00,1.000607000000000468e+00,1.000291999999998405e+00,9.997649999999994597e-01
1.960156000000001786e+00,9.557890000000003328e-01,1.233308999999999545e+00,6.185490000000000155e-01,1.466718999999999662e+00,1.000638000000000361e+00,1.000199999999998424e+00,9.996909999999994412e-01
1.962924000000001890e+00,9.561760000000003590e-01,1.233963999999999617e+00,6.182779999999999943e-01,1.467774999999999608e+00,1.000638000000000361e+00,1.000100999999998352e+00,9.997009999999993957e-01
1.965780000000001859e+00,9.566260000000003094e-01,1.234562999999999633e+00,6.179820000000000313e-01,1.468874999999999709e+00,1.000675000000000425e+00,1.000098999999998295e+00,9.998149999999993431e-01
1.968589000000001921e+00,9.570400000000003349e-01,1.235260999999999720e+00,6.178170000000000606e-01,1.469916999999999696e+00,1.000571000000000321e+00,1.000201999999998259e+00,9.997739999999993854e-01
1.971389000000001834e+00,9.575030000000003261e-01,1.235978999999999717e+00,6.175540000000000473e-01,1.470859999999999612e+00,1.000518000000000240e+00,1.000163999999998277e+00,9.998019999999994134e-01
1.974175000000001790e+00,9.578960000000003028e-01,1.236631999999999731e+00,6.173170000000000046e-01,1.471890999999999616e+00,1.000548000000000215e+00,1.000183999999998186e+00,9.997519999999994189e-01
1.977108000000001864e+00,9.584510000000002750e-01,1.237279999999999713e+00,6.172279999999999989e-01,1.472990999999999717e+00,1.000388000000000277e+00,1.000286999999998150e+00,9.997999999999994669e-01
1.979917000000001925e+00,9.589120000000003197e-01,1.237919999999999687e+00,6.169649999999999856e-01,1.474048999999999721e+00,1.000385000000000302e+00,1.000370999999998123e+00,9.997739999999994964e-01
1.982739000000002028e+00,9.593230000000003699e-01,1.238571999999999784e+00,6.168279999999999319e-01,1.475009999999999710e+00,1.000354000000000410e+00,1.000327999999998108e+00,9.997879999999994549e-01
1.985640000000002070e+00,9.597930000000003403e-01,1.239184999999999759e+00,6.165399999999999769e-01,1.476021999999999723e+00,1.000309000000000337e+00,1.000287999999998068e+00,9.998169999999994007e-01
1.988397000000001968e+00,9.601870000000003458e-01,1.239998999999999851e+00,6.161999999999999700e-01,1.477077999999999669e+00,1.000258000000000314e+00,1.000358999999998000e+00,9.997429999999993822e-01
1.991258000000001971e+00,9.606470000000003617e-01,1.240742999999999929e+00,6.160080000000000000e-01,1.478087999999999624e+00,1.000198000000000365e+00,1.000277999999998002e+00,9.997829999999994222e-01
1.994068000000001950e+00,9.611570000000003722e-01,1.241392999999999969e+00,6.157749999999999613e-01,1.479048999999999614e+00,1.000309000000000337e+00,1.000417999999998031e+00,9.999019999999994024e-01
1.996947000000002026e+00,9.615520000000004064e-01,1.242107000000000072e+00,6.155509999999999593e-01,1.480027999999999677e+00,1.000312000000000312e+00,1.000388999999997974e+00,9.999559999999994009e-01
1.999822000000001987e+00,9.620110000000003936e-01,1.242782000000000053e+00,6.153549999999999853e-01,1.481070999999999582e+00,1.000357000000000385e+00,1.000441999999998055e+00,9.998899999999993904e-01
2.002709000000002071e+00,9.625310000000003585e-01,1.243521000000000098e+00,6.151360000000000161e-01,1.482127999999999668e+00,1.000175000000000480e+00,1.000426999999997957e+00,9.998899999999993904e-01
2.005585000000002172e+00,9.629270000000003105e-01,1.244242999999999988e+00,6.148930000000000229e-01,1.483221999999999596e+00,1.000179000000000373e+00,1.000339999999998009e+00,9.998289999999994127e-01
2.008350000000002300e+00,9.633000000000002672e-01,1.244998999999999967e+00,6.145880000000000232e-01,1.484138999999999653e+00,1.000052000000000385e+00,1.000381999999998106e+00,9.998849999999993576e-01
2.011319000000002521e+00,9.637940000000002616e-01,1.245740999999999987e+00,6.143770000000000620e-01,1.485110999999999626e+00,1.000134000000000301e+00,1.000276999999998084e+00,9.998969999999993696e-01
2.014194000000002482e+00,9.642180000000002416e-01,1.246550000000000047e+00,6.141370000000000440e-01,1.485992999999999675e+00,1.000175000000000258e+00,1.000311999999998092e+00,9.999179999999994184e-01
2.016933000000002529e+00,9.647420000000002105e-01,1.247238000000000069e+00,6.138550000000000395e-01,1.486984999999999779e+00,1.000043000000000237e+00,1.000339999999998009e+00,9.999479999999993929e-01
2.019739000000002616e+00,9.650970000000002047e-01,1.247948000000000057e+00,6.137770000000000170e-01,1.487933999999999868e+00,9.999760000000001980e-01,1.000303999999998084e+00,9.998509999999993791e-01
2.022542000000002727e+00,9.655510000000001591e-01,1.248662000000000161e+00,6.136599999999999833e-01,1.488871999999999973e+00,1.000019000000000213e+00,1.000297999999998133e+00,9.998209999999994047e-01
2.025428000000002893e+00,9.659730000000001926e-01,1.249350000000000183e+00,6.135099999999999998e-01,1.489905000000000035e+00,1.000036000000000147e+00,1.000312999999998231e+00,9.998179999999994294e-01
2.028327000000003100e+00,9.664460000000001383e-01,1.250034000000000090e+00,6.133870000000000156e-01,1.490882999999999958e+00,9.999890000000001278e-01,1.000415999999998196e+00,9.997759999999994429e-01
2.031178000000003259e+00,9.669400000000001327e-01,1.250703000000000120e+00,6.132349999999999746e-01,1.491782999999999859e+00,1.000021000000000049e+00,1.000344999999998263e+00,9.997389999999994892e-01
2.034014000000003097e+00,9.674180000000001112e-01,1.251483000000000123e+00,6.130510000000000126e-01,1.492793999999999954e+00,1.000029000000000057e+00,1.000275999999998167e+00,9.997369999999995427e-01
2.036977000000002924e+00,9.678940000000001431e-01,1.252113000000000032e+00,6.128500000000000059e-01,1.493771999999999878e+00,1.000025000000000164e+00,1.000425999999998261e+00,9.996769999999995937e-01
2.039883000000002777e+00,9.684440000000001936e-01,1.252774000000000054e+00,6.125620000000000509e-01,1.494736999999999982e+00,9.999960000000002180e-01,1.000373999999998320e+00,9.997039999999995930e-01
2.042723000000002731e+00,9.689410000000001633e-01,1.253478000000000092e+00,6.123910000000000187e-01,1.495538999999999952e+00,9.999040000000002371e-01,1.000249999999998307e+00,9.996419999999995865e-01
2.045655000000002666e+00,9.692650000000001542e-01,1.254274000000000111e+00,6.121480000000000254e-01,1.496362999999999888e+00,9.999440000000002771e-01,1.000318999999998404e+00,9.995849999999996127e-01
2.048539000000002552e+00,9.697080000000001254e-01,1.255024000000000139e+00,6.120900000000000230e-01,1.497285999999999895e+00,9.999290000000002898e-01,1.000310999999998396e+00,9.994979999999996645e-01
2.051369000000002440e+00,9.701590000000001046e-01,1.255601000000000189e+00,6.120170000000000332e-01,1.498205999999999927e+00,9.999090000000002698e-01,1.000319999999998322e+00,9.994379999999997155e-01
2.054284000000002663e+00,9.706890000000001351e-01,1.256289000000000211e+00,6.118730000000000002e-01,1.499106999999999967e+00,1.000038000000000205e+00,1.000309999999998256e+00,9.993569999999997178e-01
2.057013000000002645e+00,9.713950000000001195e-01,1.256994000000000167e+00,6.118170000000000552e-01,1.500000000000000000e+00,1.000082000000000138e+00,1.000375999999998156e+00,9.993419999999997305e-01
2.059852000000002459e+00,9.718510000000001314e-01,1.257867000000000068e+00,6.117300000000001070e-01,1.500906999999999991e+00,1.000009000000000148e+00,1.000482999999998235e+00,9.992529999999997248e-01
2.062684000000002627e+00,9.724530000000001229e-01,1.258386000000000005e+00,6.116660000000001540e-01,1.501786000000000065e+00,9.999820000000001485e-01,1.000580999999998166e+00,9.993479999999996810e-01
2.065478000000002812e+00,9.729470000000001173e-01,1.259085999999999927e+00,6.115490000000001203e-01,1.502609000000000083e+00,1.000032000000000254e+00,1.000652999999998238e+00,9.993549999999996603e-01
2.068322000000002880e+00,9.734310000000001573e-01,1.259696999999999845e+00,6.114470000000000738e-01,1.503365999999999980e+00,9.999520000000002851e-01,1.000629999999998132e+00,9.994399999999996620e-01
2.071162000000002834e+00,9.740170000000001327e-01,1.260319999999999885e+00,6.112560000000000215e-01,1.504175999999999958e+00,9.999080000000002411e-01,1.000700999999998064e+00,9.994409999999996908e-01
2.074064000000003016e+00,9.745700000000001584e-01,1.261030999999999791e+00,6.110780000000000101e-01,1.505110999999999866e+00,9.998110000000002273e-01,1.000681999999998073e+00,9.992939999999996825e-01
2.076904000000002970e+00,9.751260000000001593e-01,1.261606999999999701e+00,6.109970000000000123e-01,1.505862999999999952e+00,9.998730000000002338e-01,1.000592999999998067e+00,9.993269999999996323e-01
2.079785000000002881e+00,9.756710000000001770e-01,1.262172999999999767e+00,6.108830000000000648e-01,1.506758000000000042e+00,9.998290000000001898e-01,1.000613999999998116e+00,9.993399999999996730e-01
2.082632000000002925e+00,9.763930000000001774e-01,1.262765999999999833e+00,6.108630000000000448e-01,1.507567000000000101e+00,9.999280000000001500e-01,1.000738999999998047e+00,9.992619999999996505e-01
2.085490000000002730e+00,9.768530000000001934e-01,1.263389999999999791e+00,6.107520000000000726e-01,1.508497000000000199e+00,9.999710000000001653e-01,1.000799999999998136e+00,9.992939999999996825e-01
2.088394000000002748e+00,9.773650000000001503e-01,1.264058999999999822e+00,6.106980000000000741e-01,1.509341000000000266e+00,1.000127000000000210e+00,1.000783999999998120e+00,9.993229999999996283e-01
2.091229000000002891e+00,9.778760000000001895e-01,1.264671999999999796e+00,6.107010000000000494e-01,1.510273000000000199e+00,1.000197000000000225e+00,1.000803999999998029e+00,9.993359999999996690e-01
2.094076000000002935e+00,9.784580000000001609e-01,1.265264999999999862e+00,6.107080000000000286e-01,1.511136000000000257e+00,1.000255000000000116e+00,1.000834999999997921e+00,9.993369999999996978e-01
2.096846000000002874e+00,9.790060000000001539e-01,1.265975999999999768e+00,6.107010000000000494e-01,1.511848000000000303e+00,1.000401000000000096e+00,1.000847999999997961e+00,9.992959999999997400e-01
2.099584000000002781e+00,9.795260000000001188e-01,1.266531999999999769e+00,6.106690000000000174e-01,1.512642000000000264e+00,1.000302000000000024e+00,1.000797999999997856e+00,9.993409999999997018e-01
2.102398000000002654e+00,9.801570000000001670e-01,1.267103999999999786e+00,6.106940000000000701e-01,1.513616000000000295e+00,1.000264000000000042e+00,1.000737999999997907e+00,9.993119999999997560e-01
2.105239000000002747e+00,9.807940000000001657e-01,1.267768999999999702e+00,6.106970000000000454e-01,1.514409000000000338e+00,1.000372000000000039e+00,1.000643999999997868e+00,9.992779999999997775e-01
2.108105000000002782e+00,9.812930000000001929e-01,1.268338999999999661e+00,6.106560000000000876e-01,1.515294000000000363e+00,1.000278000000000000e+00,1.000642999999997951e+00,9.993069999999997233e-01
2.110884000000002647e+00,9.817950000000001953e-01,1.269014999999999560e+00,6.107720000000000926e-01,1.516067000000000276e+00,1.000274000000000107e+00,1.000664999999997917e+00,9.993199999999997640e-01
2.113796000000002451e+00,9.824090000000001988e-01,1.269724999999999548e+00,6.107520000000000726e-01,1.516842000000000246e+00,1.000395000000000145e+00,1.000755999999997981e+00,9.992859999999997855e-01
2.116707000000002559e+00,9.830380000000001894e-01,1.270438999999999652e+00,6.106680000000000996e-01,1.517634000000000150e+00,1.000285000000000091e+00,1.000822999999998020e+00,9.992449999999998278e-01
2.119608000000002601e+00,9.835400000000001919e-01,1.271167999999999632e+00,6.106480000000000796e-01,1.518547000000000091e+00,1.000186000000000019e+00,1.000762999999998071e+00,9.991949999999998333e-01
2.122548000000002766e+00,9.841260000000001673e-01,1.272010999999999559e+00,6.105780000000000651e-01,1.519252000000000047e+00,1.000234000000000067e+00,1.000762999999998071e+00,9.991719999999998381e-01
2.125429000000002677e+00,9.847400000000001707e-01,1.272718999999999490e+00,6.106230000000000269e-01,1.519981999999999944e+00,1.000095000000000178e+00,1.000955999999998181e+00,9.992039999999998701e-01
2.128333000000002695e+00,9.853300000000001502e-01,1.273369999999999447e+00,6.106210000000000804e-01,1.520691999999999933e+00,1.000119000000000202e+00,1.000932999999998074e+00,9.991939999999999156e-01
2.131220000000002557e+00,9.859970000000001233e-01,1.274105999999999517e+00,6.106760000000001076e-01,1.521514999999999951e+00,1.000086000000000253e+00,1.000869999999998150e+00,9.991329999999999378e-01
2.133998000000002726e+00,9.865410000000001123e-01,1.274641999999999609e+00,6.107450000000000934e-01,1.522352999999999845e+00,1.000089000000000228e+00,1.000894999999998092e+00,9.991819999999999036e-01
2.136822000000002664e+00,9.871890000000000942e-01,1.275237999999999650e+00,6.108230000000001159e-01,1.523054999999999826e+00,1.000055000000000138e+00,1.000950999999998148e+00,9.993179999999999286e-01
2.139674000000002518e+00,9.877270000000001327e-01,1.275865999999999723e+00,6.109280000000001376e-01,1.523917999999999884e+00,9.999000000000001220e-01,1.000922999999998231e+00,9.992299999999999516e-01
2.142533000000002463e+00,9.883590000000000986e-01,1.276446999999999665e+00,6.110250000000001513e-01,1.524572999999999956e+00,9.999620000000001285e-01,1.000900999999998264e+00,9.991839999999999611e-01
2.145402000000002474e+00,9.890620000000001077e-01,1.277042999999999706e+00,6.110330000000001593e-01,1.525290000000000035e+00,1.000113000000000030e+00,1.000909999999998190e+00,9.991809999999999858e-01
2.148343000000002334e+00,9.896600000000000952e-01,1.277606999999999715e+00,6.109710000000001529e-01,1.525927000000000033e+00,1.000045000000000073e+00,1.000825999999998217e+00,9.991120000000000001e-01
2.151222000000002410e+00,9.902410000000001489e-01,1.278223999999999805e+00,6.111470000000001068e-01,1.526579000000000130e+00,1.000095000000000178e+00,1.000860999999998224e+00,9.991860000000000186e-01
2.154059000000002388e+00,9.908660000000001356e-01,1.278886999999999885e+00,6.112210000000001253e-01,1.527321000000000151e+00,1.000226000000000282e+00,1.000902999999998322e+00,9.992210000000000258e-01
2.156896000000002367e+00,9.915890000000001647e-01,1.279457999999999984e+00,6.112870000000001358e-01,1.528099000000000096e+00,1.000276000000000387e+00,1.000847999999998406e+00,9.991419999999999746e-01
2.159789000000002179e+00,9.922560000000001379e-01,1.280211999999999906e+00,6.113460000000001671e-01,1.528832000000000191e+00,1.000277000000000305e+00,1.000887999999998446e+00,9.992499999999999716e-01
2.162634000000002388e+00,9.928920000000001078e-01,1.280990999999999991e+00,6.114890000000001713e-01,1.529451000000000116e+00,1.000210000000000266e+00,1.000817999999998431e+00,9.991499999999999826e-01
2.165501000000002563e+00,9.934430000000000760e-01,1.281482999999999928e+00,6.116370000000002083e-01,1.530170000000000030e+00,1.000162000000000218e+00,1.000891999999998339e+00,9.991010000000000169e-01
2.168332000000002591e+00,9.941270000000000939e-01,1.282229999999999981e+00,6.117590000000001638e-01,1.530922000000000116e+00,1.000191000000000274e+00,1.001044999999998408e+00,9.991970000000000018e-01
2.171244000000002394e+00,9.947760000000001046e-01,1.282894999999999897e+00,6.119160000000001265e-01,1.531669000000000169e+00,1.000148000000000259e+00,1.000935999999998494e+00,9.991299999999999626e-01
2.174086000000002183e+00,9.953190000000000648e-01,1.283523999999999887e+00,6.118850000000001232e-01,1.532405000000000239e+00,1.000246000000000191e+00,1.000991999999998550e+00,9.991939999999999156e-01
2.176910000000002121e+00,9.958690000000001152e-01,1.284019999999999939e+00,6.119790000000001617e-01,1.533112000000000252e+00,1.000165000000000193e+00,1.001041999999998655e+00,9.991749999999999243e-01
2.179808000000002188e+00,9.966240000000000654e-01,1.284556999999999949e+00,6.120600000000001595e-01,1.533820000000000183e+00,1.000175000000000258e+00,1.000968999999998665e+00,9.990759999999999641e-01
2.182718000000002156e+00,9.973260000000000458e-01,1.285074000000000050e+00,6.121680000000001565e-01,1.534473000000000198e+00,1.000202000000000258e+00,1.000892999999998700e+00,9.990160000000000151e-01
2.185595000000001953e+00,9.979800000000000892e-01,1.285802000000000112e+00,6.122160000000002045e-01,1.535106000000000304e+00,1.000094000000000261e+00,1.000899999999998791e+00,9.991379999999999706e-01
2.188422000000001866e+00,9.985320000000000862e-01,1.286325000000000163e+00,6.124240000000001904e-01,1.535730000000000262e+00,1.000037000000000287e+00,1.000788999999998818e+00,9.991019999999999346e-01
2.191306000000001752e+00,9.992730000000000778e-01,1.286941000000000113e+00,6.124460000000001569e-01,1.536383000000000276e+00,1.000039000000000344e+00,1.000802999999998777e+00,9.990799999999999681e-01
2.194103000000001913e+00,9.999530000000000918e-01,1.287468000000000057e+00,6.125520000000002074e-01,1.537039000000000266e+00,9.999030000000003193e-01,1.000836999999998866e+00,9.990809999999999969e-01
2.196907000000001720e+00,1.000736999999999988e+00,1.288104000000000138e+00,6.127010000000001622e-01,1.537774000000000196e+00,9.998960000000003401e-01,1.000959999999998962e+00,9.990130000000000399e-01
2.199803000000001507e+00,1.001462000000000074e+00,1.288700000000000179e+00,6.127980000000001759e-01,1.538361000000000089e+00,9.999260000000003146e-01,1.000850999999999047e+00,9.991690000000000849e-01
2.202616000000001684e+00,1.002236000000000127e+00,1.289329000000000169e+00,6.129540000000002209e-01,1.539132000000000167e+00,9.998690000000003408e-01,1.000743999999998968e+00,9.991960000000000841e-01
2.205448000000001851e+00,1.002907000000000215e+00,1.289972000000000119e+00,6.131880000000001774e-01,1.539696000000000176e+00,9.998570000000003288e-01,1.000765999999998934e+00,9.992130000000001289e-01
2.208151000000001751e+00,1.003609000000000195e+00,1.290597000000000216e+00,6.133000000000001783e-01,1.540310000000000068e+00,9.999520000000002851e-01,1.000799999999999024e+00,9.992250000000001409e-01
2.211037000000001917e+00,1.004181000000000212e+00,1.291233000000000297e+00,6.134310000000001706e-01,1.540900000000000158e+00,9.999250000000002858e-01,1.000821999999998990e+00,9.993000000000001881e-01
2.213893000000001887e+00,1.004892000000000118e+00,1.291795000000000249e+00,6.135410000000002251e-01,1.541489000000000109e+00,1.000072000000000294e+00,1.000786999999998983e+00,9.993610000000001659e-01
2.216782000000002029e+00,1.005680000000000129e+00,1.292413000000000256e+00,6.137760000000002103e-01,1.542263000000000162e+00,1.000064000000000286e+00,1.000770999999998967e+00,9.993620000000001946e-01
2.219705000000002038e+00,1.006463000000000108e+00,1.292884000000000366e+00,6.139820000000002498e-01,1.542865000000000153e+00,1.000101000000000351e+00,1.000840999999998981e+00,9.994530000000001468e-01
2.222563000000001843e+00,1.007133000000000056e+00,1.293373000000000328e+00,6.141220000000002788e-01,1.543512000000000217e+00,1.000126000000000293e+00,1.000862999999998948e+00,9.994870000000001253e-01
2.225463000000001745e+00,1.007909000000000166e+00,1.293952000000000435e+00,6.143730000000002800e-01,1.544060000000000210e+00,1.000212000000000323e+00,1.000850999999999047e+00,9.993830000000001323e-01
2.228386000000001754e+00,1.008619000000000154e+00,1.294533000000000378e+00,6.144630000000003145e-01,1.544679000000000135e+00,1.000212000000000323e+00,1.000862999999998948e+00,9.994770000000001708e-01
2.231220000000001757e+00,1.009343000000000101e+00,1.295030000000000348e+00,6.146880000000003452e-01,1.545323000000000224e+00,1.000138000000000416e+00,1.000878999999998964e+00,9.995080000000001741e-01
2.234060000000001711e+00,1.010090000000000154e+00,1.295617000000000241e+00,6.149360000000003712e-01,1.545943000000000289e+00,1.000116000000000449e+00,1.000793999999999073e+00,9.995450000000001278e-01
2.236870000000001912e+00,1.010699000000000236e+00,1.296092000000000244e+00,6.151910000000003764e-01,1.546629000000000254e+00,1.000185000000000546e+00,1.000805999999998974e+00,9.995240000000000791e-01
2.239701000000001940e+00,1.011402000000000134e+00,1.296661000000000286e+00,6.154520000000003321e-01,1.547220000000000262e+00,1.000166000000000555e+00,1.000900999999998930e+00,9.996100000000001096e-01
2.242588000000001802e+00,1.012017000000000166e+00,1.297269000000000228e+00,6.155140000000003386e-01,1.547664000000000151e+00,1.000113000000000474e+00,1.000885999999998832e+00,9.997240000000000570e-01
2.245457000000001813e+00,1.012851000000000168e+00,1.297789000000000303e+00,6.156160000000003851e-01,1.548287000000000191e+00,9.999790000000005064e-01,1.000880999999998799e+00,9.997000000000000330e-01
2.248461000000001597e+00,1.013674000000000186e+00,1.298447000000000351e+00,6.158450000000004199e-01,1.549044000000000088e+00,9.999660000000004656e-01,1.000878999999998742e+00,9.997179999999999955e-01
2.251373000000001401e+00,1.014349000000000167e+00,1.299060000000000326e+00,6.160810000000004338e-01,1.549729000000000134e+00,9.999960000000004401e-01,1.000789999999998736e+00,9.997190000000000243e-01
2.254252000000001477e+00,1.015120000000000244e+00,1.299626000000000392e+00,6.163010000000004318e-01,1.550395000000000190e+00,9.999070000000004343e-01,1.000891999999998783e+00,9.997540000000000315e-01
2.257189000000001666e+00,1.015826000000000340e+00,1.300260000000000415e+00,6.165510000000004043e-01,1.551082000000000294e+00,9.999370000000004088e-01,1.000904999999998823e+00,9.996960000000000290e-01
2.259903000000001771e+00,1.016567000000000442e+00,1.300890000000000324e+00,6.169100000000004025e-01,1.551634000000000402e+00,1.000040000000000484e+00,1.000922999999998897e+00,9.996970000000000578e-01
2.262898000000001630e+00,1.017317000000000471e+00,1.301429000000000391e+00,6.170960000000004220e-01,1.552275000000000293e+00,9.999270000000004543e-01,1.000926999999998790e+00,9.996150000000000313e-01
2.265809000000001738e+00,1.018050000000000566e+00,1.302054000000000489e+00,6.174390000000004042e-01,1.553001000000000298e+00,9.999030000000004303e-01,1.000918999999998782e+00,9.995780000000000776e-01
2.268703000000001690e+00,1.018807000000000462e+00,1.302732000000000445e+00,6.176970000000003846e-01,1.553510000000000391e+00,9.999970000000004688e-01,1.000916999999998724e+00,9.995700000000000696e-01
2.271686000000001648e+00,1.019508000000000525e+00,1.303268000000000537e+00,6.180320000000003589e-01,1.554200000000000470e+00,1.000026000000000526e+00,1.000949999999998674e+00,9.996170000000000888e-01
2.274593000000001641e+00,1.020239000000000562e+00,1.303832000000000546e+00,6.184120000000004058e-01,1.554737000000000480e+00,1.000053000000000525e+00,1.000824999999998743e+00,9.995680000000001231e-01
2.277471000000001577e+00,1.020986000000000615e+00,1.304373000000000449e+00,6.187330000000004215e-01,1.555328000000000488e+00,1.000118000000000507e+00,1.000760999999998679e+00,9.995530000000001358e-01
2.280410000000001602e+00,1.021792000000000700e+00,1.304938000000000375e+00,6.190760000000004037e-01,1.555845000000000589e+00,1.000096000000000540e+00,1.000799999999998580e+00,9.997310000000001473e-01
2.283283000000001728e+00,1.022584000000000604e+00,1.305419000000000329e+00,6.194480000000004427e-01,1.556405000000000483e+00,9.999900000000004896e-01,1.000796999999998604e+00,9.997950000000001003e-01
