9.656753439527676619e-01,1.038053789026859963e+00,1.034645122119218996e+00,1.000496133971882751e+00,1.025049325273982292e+00,9.986903556346884425e-01,1.000791730024726212e+00
9.324686761530316392e-01,1.073227236567552589e+00,1.067821231526429049e+00,1.000777142870461933e+00,1.046596756552724772e+00,9.961950751472792298e-01,1.002062763773192255e+00
9.027702637672536667e-01,1.106602746425495276e+00,1.100110623416450606e+00,1.001862317566036609e+00,1.066540559526460763e+00,9.972026645056947247e-01,1.003218707421750455e+00
8.776561420975275141e-01,1.138872627938298798e+00,1.130934478697100065e+00,1.004033053372177742e+00,1.084262899327409713e+00,9.992262943247481877e-01,1.001082181819522576e+00
8.626893602641217962e-01,1.169375570693917066e+00,1.160436152356893791e+00,1.005860822338948246e+00,1.101314964027567234e+00,9.987379700731191523e-01,1.001544096933193018e+00
8.433573982969411187e-01,1.197863583287832823e+00,1.188834320380387943e+00,1.007945826940601197e+00,1.117272072632370827e+00,9.970390226019626434e-01,1.002410144434467298e+00
8.325220871022582791e-01,1.224016343489211511e+00,1.214122726362056204e+00,1.011961828711853695e+00,1.129839765005401730e+00,9.962025947396135894e-01,1.005043704352683642e+00
8.207339072013557502e-01,1.248639823362734047e+00,1.239702849494208392e+00,1.015262892245686555e+00,1.142182639501508445e+00,1.001773622691087384e+00,1.003176981085496910e+00
8.134638387768382550e-01,1.270866052992590145e+00,1.261744900643626099e+00,1.019537133781349914e+00,1.151875346143019119e+00,1.003943324979269969e+00,1.001057215665207112e+00
8.070597329837921885e-01,1.292017653202871541e+00,1.284533079848835246e+00,1.022548299675089201e+00,1.161042153822076095e+00,1.004103363387930381e+00,1.003596649278074127e+00
8.035939562078613374e-01,1.312869597132694688e+00,1.304528687849012547e+00,1.024107255479500322e+00,1.170461259374394825e+00,1.006096638329477377e+00,1.006098367487226364e+00
8.001341759310806045e-01,1.331024634538392926e+00,1.325275548435766115e+00,1.027048781094032082e+00,1.178722509297555954e+00,1.005164075492615217e+00,1.007435189241871587e+00
7.996622286451930961e-01,1.348508028556857141e+00,1.342596757003402752e+00,1.029899936874434374e+00,1.186108678007093742e+00,1.001999027994946445e+00,1.013830268892534692e+00
8.010532096414592074e-01,1.363687169108348751e+00,1.358828899256460776e+00,1.032130505546924537e+00,1.191543943575313014e+00,1.002508365521339151e+00,1.008495577877585481e+00
8.037753606142945539e-01,1.378897308585405046e+00,1.374386204956227653e+00,1.034237795118824632e+00,1.198471364350181423e+00,1.001350742623550394e+00,1.011670783341722446e+00
8.089205172668858523e-01,1.392474837982722979e+00,1.389658272100725567e+00,1.036343424048287387e+00,1.204481574716387282e+00,9.916235584508589218e-01,1.010053514599200675e+00
8.115671431447898376e-01,1.407261325477062286e+00,1.404274120989720931e+00,1.038955205562603679e+00,1.210644271523356519e+00,9.855993520037843458e-01,1.011121699475819424e+00
8.112298748577495555e-01,1.420043215784887458e+00,1.417238643937368092e+00,1.041077910550302521e+00,1.215729159747505728e+00,9.835132580254374313e-01,1.008498200791588362e+00
8.138990636261851375e-01,1.431419821467114994e+00,1.429254718403923707e+00,1.043024735425480243e+00,1.221257747794090021e+00,9.752246906344218536e-01,1.008331685091554242e+00
8.206996367074850252e-01,1.441267146821486378e+00,1.439464349520398034e+00,1.045137507362990270e+00,1.225640346588590557e+00,9.738869541585633005e-01,1.006986003192776868e+00
8.278602812640203368e-01,1.451527791183386373e+00,1.449768082243062750e+00,1.046731349616736528e+00,1.229400084681950611e+00,9.766752784529837417e-01,1.007163346028678630e+00
8.336557030991303963e-01,1.460724139100900043e+00,1.458410638003723392e+00,1.048447940998955996e+00,1.234427427641984210e+00,9.692732439422271362e-01,1.010786249216850230e+00
8.362894385652895890e-01,1.468845857598839011e+00,1.467063218424838889e+00,1.049774851298661105e+00,1.239275686105469010e+00,9.738336142271377671e-01,1.008571570872683454e+00
8.439554711340849780e-01,1.477484224856188799e+00,1.474272373940076708e+00,1.052208952421944010e+00,1.242445876995823983e+00,9.674818373570592822e-01,1.009728632200375786e+00
8.487456328484979107e-01,1.484365986331541709e+00,1.482946635027828419e+00,1.054086747096133481e+00,1.245964478425373168e+00,9.672086589733003281e-01,1.002487706382982902e+00
8.506258935123210962e-01,1.491909058218940487e+00,1.488748549372957530e+00,1.056413644129053031e+00,1.248855661037673759e+00,9.589953455118641612e-01,1.007188475583132847e+00
8.557820143266121615e-01,1.497592194572460178e+00,1.495154889106482754e+00,1.058091752115181361e+00,1.251587236311200391e+00,9.617365453799163744e-01,1.012077179790650705e+00
8.597046814289770467e-01,1.502758682166569049e+00,1.500561618813254672e+00,1.059390398284796087e+00,1.253917741381458173e+00,9.341942365451998409e-01,1.028706766781323001e+00
8.654615860006575900e-01,1.509568112815604435e+00,1.504469556072681291e+00,1.058888055733647304e+00,1.256472121461437608e+00,9.255771208954381990e-01,1.033010043797257360e+00
8.720209436558273852e-01,1.514589938757078258e+00,1.508624785859008055e+00,1.060290763359798438e+00,1.258807078126175094e+00,9.299210508601326586e-01,1.033925430376699151e+00
8.744587434487246513e-01,1.519642763624116766e+00,1.513052297586709338e+00,1.061432300484272284e+00,1.262187221866984510e+00,9.363740245422509378e-01,1.032304238747739911e+00
8.800028831094495185e-01,1.523899949401662512e+00,1.517719843280993075e+00,1.062687505764448925e+00,1.265159395540162990e+00,9.284043409914657374e-01,1.037913278003824269e+00
8.826896671058670485e-01,1.527847145923561634e+00,1.521556109485024288e+00,1.063621187246485800e+00,1.268126054566225624e+00,9.513591949948922988e-01,1.009263920576724427e+00
8.856101380486879338e-01,1.529955072861957976e+00,1.525253032914869689e+00,1.064140184957288460e+00,1.270961739913615940e+00,9.448252669380020619e-01,1.016401704329474631e+00
8.886732332882000263e-01,1.533561281202646009e+00,1.528155942095145825e+00,1.065222006060231319e+00,1.273985313234836436e+00,9.869561347454675060e-01,9.958114699651643420e-01
8.930956636244945512e-01,1.536785169461369893e+00,1.531445055999244742e+00,1.066620479676690714e+00,1.275030826812233675e+00,9.919348354536451362e-01,1.004973975252116070e+00
8.981609620867372357e-01,1.540133053422352294e+00,1.534611651961489631e+00,1.066068821563753044e+00,1.278085069839821397e+00,1.017514610184530488e+00,1.000997484296282991e+00
9.007383222151725821e-01,1.543067618375806083e+00,1.536967712099711392e+00,1.066598420792283175e+00,1.280744647670570613e+00,9.942099018614387607e-01,1.017434105101262309e+00
9.047671089267029787e-01,1.544968885810438008e+00,1.539623769636420558e+00,1.066083524456798326e+00,1.282825276927161307e+00,1.020224496575311557e+00,1.007717832749243536e+00
9.073699644836668021e-01,1.546622161840552900e+00,1.542372831099546371e+00,1.066861668106565686e+00,1.284698459195531273e+00,1.018039789202505041e+00,1.024204262879498950e+00
9.128328679452712979e-01,1.548792086630078613e+00,1.544914790361508139e+00,1.068635830028761280e+00,1.286731884028192052e+00,1.012970619592244770e+00,1.035598103821767868e+00
9.153489939479405590e-01,1.551210002824121581e+00,1.547300358884807103e+00,1.068850813910915187e+00,1.287388070791430028e+00,1.013411828361769018e+00,1.051290110244787357e+00
9.171032418037513567e-01,1.552997607531683144e+00,1.549453484594869090e+00,1.070202239375853237e+00,1.288706549513179089e+00,9.862617980854656574e-01,1.050309904950425421e+00
9.196342933427180677e-01,1.553979240174563792e+00,1.551014336302081409e+00,1.071475881267311969e+00,1.290869134798382278e+00,9.522546008888239655e-01,1.079012632269140459e+00
9.212509071130359217e-01,1.554909207941503446e+00,1.553020444143660361e+00,1.070897457641698081e+00,1.292522137067783961e+00,9.299065583604899654e-01,1.118180959266860341e+00
9.230650974116997309e-01,1.557482118763369616e+00,1.554091844052061910e+00,1.070473874877429399e+00,1.293665112305056208e+00,8.941554790018647614e-01,1.146828866076369247e+00
9.275815454843520103e-01,1.559662376528083483e+00,1.554828783029005290e+00,1.069969197386925863e+00,1.295578649981302233e+00,9.251822110826882772e-01,1.125529662889210414e+00
9.310058724588563539e-01,1.560613010245399446e+00,1.555299788854104692e+00,1.069524106725100454e+00,1.296240952542176972e+00,9.551717301223174861e-01,1.099800076920012248e+00
9.339000819828603417e-01,1.560561345369458452e+00,1.556540949238041982e+00,1.070283669268097482e+00,1.297050137946466286e+00,1.067548077519085092e+00,1.008392023875159360e+00
9.356989750244070203e-01,1.561666973714597839e+00,1.557293907413090706e+00,1.070931886563654567e+00,1.298423598052391492e+00,9.868437831851133435e-01,1.080274787373444623e+00
9.381968486833134335e-01,1.562111291647691136e+00,1.557593305962352348e+00,1.071112346225705281e+00,1.300250817945118653e+00,9.713128560607551254e-01,1.097436399712425015e+00
9.398597710430999230e-01,1.561914965119115095e+00,1.558610914955030013e+00,1.070122191281020818e+00,1.299885606823306672e+00,9.457694086115431276e-01,1.114756177298116935e+00
9.427454232507764820e-01,1.562266286275514560e+00,1.559029835740975090e+00,1.070191178060669213e+00,1.301516012995219018e+00,9.043076012163656641e-01,1.150035742819408568e+00
9.476000144752647625e-01,1.563929895280817606e+00,1.560448481365239060e+00,1.071822012007894953e+00,1.302203142174350958e+00,9.768835115620735365e-01,1.093167725110972599e+00
9.515544589002694620e-01,1.564343214288346218e+00,1.562344461280294583e+00,1.072260517365525301e+00,1.303313175776903199e+00,9.108107253689180505e-01,1.135194484888653044e+00
9.526032039469457535e-01,1.564384546189099057e+00,1.563326089940265007e+00,1.073809915368937107e+00,1.304944370641888840e+00,9.346561380344043934e-01,1.109082505546842290e+00
9.570262913990211784e-01,1.565076855526709609e+00,1.564000331081208728e+00,1.073924500922142977e+00,1.305590023056264704e+00,1.009454098505610187e+00,1.046836934040943135e+00
9.586871786342551216e-01,1.565283515030474026e+00,1.565407721056417678e+00,1.073976313667830640e+00,1.306237075073590770e+00,1.058312797637931402e+00,1.016689473695847834e+00
9.616151780568027441e-01,1.566223815772601835e+00,1.564734029502567791e+00,1.074059048618118295e+00,1.307411608995220798e+00,1.218567593798945303e+00,9.169367680685690525e-01
9.619756438015066857e-01,1.566554470978624769e+00,1.564964188519055721e+00,1.074636677197874368e+00,1.309217956202210820e+00,1.148015638421688411e+00,9.920798735961574577e-01
9.624232333699737074e-01,1.567598101472634786e+00,1.566174596283786746e+00,1.074516378310179210e+00,1.309715976322684661e+00,1.193700199369433834e+00,9.439873478902027770e-01
9.651865712979231793e-01,1.567060786762847435e+00,1.566097884875084167e+00,1.075907941799452150e+00,1.310229076315704289e+00,1.084098484120201711e+00,1.057239476488969210e+00
9.647622017357685431e-01,1.567339777092929376e+00,1.566063803452741210e+00,1.076654704838823973e+00,1.311097707554935932e+00,1.062895112829314037e+00,1.113779760383013961e+00
9.677207093466917431e-01,1.567525770646317262e+00,1.566140490979940569e+00,1.077972684876062015e+00,1.311229367509983312e+00,9.123513422947360230e-01,1.237129190131299517e+00
9.725500454403150918e-01,1.566905792135024234e+00,1.566872995027399629e+00,1.077770579592904898e+00,1.311944238510947436e+00,8.782277851268952551e-01,1.233597235592260644e+00
9.762967151655623788e-01,1.567112451638788650e+00,1.567026211859286589e+00,1.077667864230935635e+00,1.313169489751875529e+00,8.782277851268952551e-01,1.233597235592260644e+00
9.757968205084764923e-01,1.567236447341047167e+00,1.566924117753807577e+00,1.076753809880336865e+00,1.314138973159416413e+00,8.782277851268952551e-01,1.233597235592260644e+00
9.778827118729971346e-01,1.566378810400425037e+00,1.567119811002446461e+00,1.076810452410210228e+00,1.314834383636695581e+00,6.328895619961565355e-01,1.431407926885331916e+00
9.779898603187633377e-01,1.567453439819999739e+00,1.567281426282432166e+00,1.076020646041540019e+00,1.315434023314819401e+00,6.328895619961565355e-01,1.431407926885331916e+00
9.804234809880481016e-01,1.566781796432765494e+00,1.568548812470596188e+00,1.075933637330458659e+00,1.315330858801800007e+00,6.328895619961565355e-01,1.431407926885331916e+00
9.810427573868640838e-01,1.566606135854565762e+00,1.568718877075877538e+00,1.075924200868148217e+00,1.315498940240072745e+00,6.328895619961565355e-01,1.431407926885331916e+00
9.815703140201872401e-01,1.566647467755318601e+00,1.568344765320592193e+00,1.076363037154687508e+00,1.316607314208180668e+00,7.810911684257498822e-01,1.370535252598186426e+00
9.808037085084427842e-01,1.567370776018493839e+00,1.568472294602417882e+00,1.076613138450031260e+00,1.317341307294685349e+00,9.413072449270183384e-01,1.299810162527419877e+00
9.812640570654984629e-01,1.567618767423011095e+00,1.568149187961778601e+00,1.076336984753510473e+00,1.318791628355730383e+00,1.029355829033538949e+00,1.313087866393075842e+00
9.837225385961796409e-01,1.567215781390670637e+00,1.568055662735532652e+00,1.076379101315394271e+00,1.319511288765669699e+00,1.029355829033538949e+00,1.313087866393075842e+00
9.870574437760559761e-01,1.567990754529786868e+00,1.567673182643910756e+00,1.076277533313532153e+00,1.320296014855612210e+00,1.146555317378262551e+00,1.171730556696785053e+00
9.912825604303169280e-01,1.568104417256857230e+00,1.567885579090643411e+00,1.076386881444478361e+00,1.320767403876289325e+00,1.146555317378262551e+00,1.171730556696785053e+00
9.905889191963265228e-01,1.568590067090703366e+00,1.568267682604022273e+00,1.076649198440098987e+00,1.321214418961729864e+00,1.057827841404269664e+00,1.298580084760409870e+00
9.932801902599665000e-01,1.568900056346349992e+00,1.567868560755882656e+00,1.076903900115421031e+00,1.321533383369309478e+00,1.405503363045123910e+00,1.332714916906792890e+00
9.929092634975388298e-01,1.568032086430539707e+00,1.567613891082453970e+00,1.077582798119493201e+00,1.321915424820216733e+00,7.169266591397844834e-01,1.423116844259834313e+00
9.921050381358093029e-01,1.567567102547069879e+00,1.569150471989651408e+00,1.077964850246009743e+00,1.322554264658280188e+00,7.169266591397844834e-01,1.423116844259834313e+00
9.924581068239426429e-01,1.568662397917020890e+00,1.569201413686397428e+00,1.077968299299939980e+00,1.323890256319245617e+00,1.173513934326474439e+00,1.127498068345679894e+00
9.918392021459464525e-01,1.569458037006513651e+00,1.569345741883410250e+00,1.077022621393227908e+00,1.324405332065628382e+00,1.173513934326474439e+00,1.127498068345679894e+00
9.913668605905904263e-01,1.569819691138101270e+00,1.568539137195373634e+00,1.076158130277764302e+00,1.324544378297070724e+00,8.173850596359172327e-01,1.577106266325349671e+00
9.885745690034907218e-01,1.569933353865171632e+00,1.568776887890329430e+00,1.075245101998696606e+00,1.324819786318249815e+00,1.253896609485493308e+00,1.109583862985832559e+00
9.900072626474957227e-01,1.571069981135875482e+00,1.569006230725236373e+00,1.075130123297388662e+00,1.325420358880042171e+00,1.253896609485493308e+00,1.109583862985832559e+00
9.938189739013016943e-01,1.570677328078723178e+00,1.568980752936727674e+00,1.075520883784332637e+00,1.325706668000825594e+00,1.253896609485493308e+00,1.109583862985832559e+00
9.915884231155371875e-01,1.571131978987004851e+00,1.569082613695104156e+00,1.075808482641900765e+00,1.325857905637984668e+00,1.253896609485493308e+00,1.109583862985832559e+00
9.905446457314104336e-01,1.570821989731358226e+00,1.569209976475459900e+00,1.075983932643799879e+00,1.326009268517050144e+00,1.253896609485493308e+00,1.109583862985832559e+00
9.901572614521088056e-01,1.570243343120818036e+00,1.570059176781947397e+00,1.076351578622875227e+00,1.326095763967367169e+00,-6.928854917206399566e-01,2.592204102157126044e+00
9.892393654528383040e-01,1.570222677170441505e+00,1.570178070810113180e+00,1.076339466600229944e+00,1.325183815138665899e+00,-6.928854917206399566e-01,2.592204102157126044e+00
9.874830599238261231e-01,1.568218079983927371e+00,1.569515582156528088e+00,1.076085935048868070e+00,1.326368998847254677e+00,-6.928854917206399566e-01,2.592204102157126044e+00
9.863395311505038787e-01,1.567815093951586913e+00,1.569719471435551572e+00,1.075042685881048454e+00,1.325494672612764546e+00,-6.928854917206399566e-01,2.592204102157126044e+00
9.838837193115073099e-01,1.569664696510277846e+00,1.569991364338680917e+00,1.074445288262701581e+00,1.326402223891956833e+00,-6.928854917206399566e-01,2.592204102157126044e+00
9.850933184499890416e-01,1.570842655681734756e+00,1.569931868689313115e+00,1.074028199725355792e+00,1.326557153345409912e+00,-6.928854917206399566e-01,2.592204102157126044e+00
9.860270148503526011e-01,1.569437371056137120e+00,1.570025347077502964e+00,1.073791824844891662e+00,1.325998687311379598e+00,-6.928854917206399566e-01,2.592204102157126044e+00
9.877627700647368947e-01,1.569840357088477578e+00,1.570008353078227392e+00,1.074575709016647229e+00,1.326017920965133490e+00,6.922431977512437662e-01,1.025940404793831418e+00
9.878424742832806471e-01,1.569933353865171632e+00,1.570356651237083456e+00,1.073874113154541288e+00,1.325565650953462349e+00,6.922431977512437662e-01,1.025940404793831418e+00
9.896795128674371611e-01,1.570264009071194566e+00,1.569736517051320668e+00,1.073919959506401067e+00,1.325973408878819093e+00,6.922431977512437662e-01,1.025940404793831418e+00
9.888977415217318212e-01,1.571018316259934489e+00,1.569770488883599713e+00,1.073552579644776017e+00,1.327623054118644008e+00,6.922431977512437662e-01,1.025940404793831418e+00
9.902162839328686461e-01,1.570222677170441727e+00,1.570942636292864236e+00,1.073872664165538504e+00,1.327605512096639240e+00,6.922431977512437662e-01,1.025940404793831418e+00
9.907286747322308074e-01,1.571100980061440167e+00,1.570195308134624268e+00,1.073479945129043323e+00,1.327775176211689834e+00,6.922431977512437662e-01,1.025940404793831418e+00
9.898017408213056756e-01,1.570677328078723178e+00,1.570042455734057318e+00,1.073182656486332043e+00,1.328096369039069247e+00,6.922431977512437662e-01,1.025940404793831418e+00
9.904729280392718938e-01,1.571204309813322375e+00,1.569532886348575351e+00,1.073484328734864324e+00,1.328623035994494384e+00,6.922431977512437662e-01,1.025940404793831418e+00
9.905577538921700453e-01,1.571183643862945845e+00,1.570492491637116128e+00,1.074100339293518669e+00,1.328620495256102041e+00,1.714994106777254945e+00,-2.841432318855534600e-01
9.918715689384208778e-01,1.570894320557675750e+00,1.570220748001860400e+00,1.073611840614411506e+00,1.328742491850076757e+00,1.714994106777254945e+00,-2.841432318855534600e-01
9.926731246084656846e-01,1.571090647086251790e+00,1.569490561561817987e+00,1.074642983043875510e+00,1.328986873465664242e+00,1.714994106777254945e+00,-2.841432318855534600e-01
9.926751597330182308e-01,1.571245641714074992e+00,1.570517810083700727e+00,1.074778024810803201e+00,1.329290447689579935e+00,1.714994106777254945e+00,-2.841432318855534600e-01
9.929710870931394151e-01,1.570883987582487373e+00,1.570755520422726592e+00,1.074632710594626284e+00,1.329706906279402689e+00,5.895194230134299218e+00,-4.040915882567467143e+00
9.930958307668875662e-01,1.570284675021570653e+00,1.570662137801128067e+00,1.074519838231643210e+00,1.329995247769369948e+00,5.895194230134299218e+00,-4.040915882567467143e+00
9.935526122188140796e-01,1.570388004773452861e+00,1.570203721435238231e+00,1.075440440655382357e+00,1.329792513054304015e+00,5.895194230134299218e+00,-4.040915882567467143e+00
9.915697765023057109e-01,1.570243343120817814e+00,1.569787775652309314e+00,1.074655437473414077e+00,1.330154687325004081e+00,5.895194230134299218e+00,-4.040915882567467143e+00
9.933763294467353733e-01,1.570284675021570653e+00,1.570594408546967635e+00,1.075072491985478829e+00,1.329865168157307265e+00,6.972979103896161490e+00,-5.216456418386478333e+00
9.918897987335349997e-01,1.569933353865171188e+00,1.570840586164126806e+00,1.075674956940321225e+00,1.328999452808098836e+00,6.972979103896161490e+00,-5.216456418386478333e+00
9.936182883145049383e-01,1.570811656756169628e+00,1.570424550688306331e+00,1.075287870955284220e+00,1.329880808057983588e+00,6.972979103896161490e+00,-5.216456418386478333e+00
9.930990036025481027e-01,1.569437371056136676e+00,1.569779415779873011e+00,1.075448398378329173e+00,1.329688368073114635e+00,6.972979103896161490e+00,-5.216456418386478333e+00
9.920338010389978534e-01,1.570697994029099265e+00,1.569643588764359610e+00,1.075318995604165107e+00,1.330160752751944342e+00,6.972979103896161490e+00,-5.216456418386478333e+00
9.948193301366591301e-01,1.570832322706546158e+00,1.569923770686106446e+00,1.075183159012436329e+00,1.330113219671650526e+00,6.972979103896161490e+00,-5.216456418386478333e+00
9.961344143171741994e-01,1.571472967168215717e+00,1.569058066372656990e+00,1.074390606477192645e+00,1.330362973229619827e+00,6.972979103896161490e+00,-5.216456418386478333e+00
9.969899159309218994e-01,1.571927618076497390e+00,1.569847250773273473e+00,1.074781562057400164e+00,1.331002336327857583e+00,6.972979103896161490e+00,-5.216456418386478333e+00
9.957944763384493081e-01,1.570945985433616743e+00,1.570534528959115050e+00,1.074301751944284344e+00,1.330850939499641727e+00,6.972979103896161490e+00,-5.216456418386478333e+00
9.960346629279787090e-01,1.570408670723829392e+00,1.569363429676321697e+00,1.075973186630795997e+00,1.331167958840730359e+00,6.972979103896161490e+00,-5.216456418386478333e+00
9.962802114495261652e-01,1.570243343120817814e+00,1.569236140228551513e+00,1.076254422196364136e+00,1.330431485604743447e+00,1.070883781320712025e+01,-6.406026276832513133e+00
9.974775772920438932e-01,1.569613031634336631e+00,1.569660424922061814e+00,1.076022019748868352e+00,1.330687850973207187e+00,1.070883781320712025e+01,-6.406026276832513133e+00
9.971992451599047680e-01,1.569706028411030685e+00,1.568693205416004099e+00,1.076173919967222448e+00,1.330783692684176289e+00,1.070883781320712025e+01,-6.406026276832513133e+00
9.975396862826056976e-01,1.569923020889983256e+00,1.568761082908132209e+00,1.076863058852061572e+00,1.329806885572963004e+00,1.070883781320712025e+01,-6.406026276832513133e+00
9.972873752716198137e-01,1.570615330227593809e+00,1.568532006440646054e+00,1.076606010434084881e+00,1.330839150637662227e+00,1.070883781320712025e+01,-6.406026276832513133e+00
9.977072803152008396e-01,1.571896619150932706e+00,1.568650790700208741e+00,1.077070488675562876e+00,1.330414625348497415e+00,1.070883781320712025e+01,-6.406026276832513133e+00
9.962173139200275473e-01,1.571751957498297658e+00,1.568744116131144395e+00,1.076942435702703538e+00,1.330470746188343822e+00,1.070883781320712025e+01,-6.406026276832513133e+00
9.969513986674926054e-01,1.571741624523109504e+00,1.570042437846987271e+00,1.077087650110176043e+00,1.329710511222421454e+00,1.070883781320712025e+01,-6.406026276832513133e+00
9.980438914864603328e-01,1.571317972540392516e+00,1.570432745918802331e+00,1.076736240580819404e+00,1.329246958781919341e+00,1.070883781320712025e+01,-6.406026276832513133e+00
9.971283160067034856e-01,1.571235308738886838e+00,1.570254586925713181e+00,1.076736227881941454e+00,1.329262958793992588e+00,1.070883781320712025e+01,-6.406026276832513133e+00
9.964572602118934030e-01,1.570687661053911333e+00,1.570093376405416574e+00,1.077103922162883531e+00,1.329518518923939574e+00,1.070883781320712025e+01,-6.406026276832513133e+00
9.976115128492518691e-01,1.571607295845662611e+00,1.570678875886747816e+00,1.077142478268199088e+00,1.330486461860148850e+00,1.070883781320712025e+01,-6.406026276832513133e+00
9.980415071897368318e-01,1.572382268984778841e+00,1.569932263210959578e+00,1.077318675309160811e+00,1.330286288496683955e+00,1.320435263825259753e+01,-7.717646800036547461e+00
9.992748294785068763e-01,1.571679626671980134e+00,1.569855909333290667e+00,1.076630800691604994e+00,1.330126835056981927e+00,1.164877228222659333e+01,-7.145300566700564460e+00
1.000989553782936303e+00,1.571638294771227295e+00,1.569533577558399173e+00,1.075974784117342375e+00,1.330191000511475874e+00,1.164877228222659333e+01,-7.145300566700564460e+00
1.001107031823269988e+00,1.571989780586612762e+00,1.569236598628356516e+00,1.075598783910973744e+00,1.330103000379107669e+00,1.164877228222659333e+01,-7.145300566700564460e+00
1.000658173120538841e+00,1.571059833277697715e+00,1.569203143687946111e+00,1.076150784519690040e+00,1.329126998139246618e+00,1.164877228222659333e+01,-7.145300566700564460e+00
1.001723507107245226e+00,1.570708335206491668e+00,1.569652745126773219e+00,1.076566784542053679e+00,1.330031000303700139e+00,1.164877228222659333e+01,-7.145300566700564460e+00
1.001737163509278439e+00,1.569747584156156339e+00,1.569416030603056678e+00,1.076246784540135559e+00,1.330679001103197034e+00,1.164877228222659333e+01,-7.145300566700564460e+00
1.002488208917593271e+00,1.569602727875439863e+00,1.569628132862921577e+00,1.076086784403889940e+00,1.330303000427361937e+00,1.164877228222659333e+01,-7.145300566700564460e+00
1.003733655627819799e+00,1.570108511499216819e+00,1.570043067103654710e+00,1.076750785136291189e+00,1.330223000324354254e+00,1.164877228222659333e+01,-7.145300566700564460e+00
1.006795350309911408e+00,1.570407016383819521e+00,1.570652988586737298e+00,1.076350784989781317e+00,1.330735000598497697e+00,1.164877228222659333e+01,-7.145300566700564460e+00
1.004900776128274220e+00,1.571467631676666032e+00,1.571743227038848056e+00,1.076478785004800987e+00,1.331631000615876470e+00,1.575907526969741212e+01,-1.067124856641132169e+01
1.004409941931491579e+00,1.570153173042554640e+00,1.572627407879067629e+00,1.076582785041086732e+00,1.331543000541407729e+00,1.575907526969741212e+01,-1.067124856641132169e+01
1.002969325538291212e+00,1.569966596278750792e+00,1.572890528482854267e+00,1.077734785410017215e+00,1.331655000895804131e+00,1.575907526969741212e+01,-1.067124856641132169e+01
1.004830218695892174e+00,1.569233493602754548e+00,1.572535348420200929e+00,1.077622785350319745e+00,1.331294999406042789e+00,1.575907526969741212e+01,-1.067124856641132169e+01
1.004052277301628271e+00,1.568895684375227084e+00,1.571222183350555524e+00,1.076806783807277679e+00,1.331126998926531968e+00,1.575907526969741212e+01,-1.067124856641132169e+01
1.004904846377378869e+00,1.570321726412443386e+00,1.571177407562871498e+00,1.076886784031023225e+00,1.330742998860812598e+00,1.575907526969741212e+01,-1.067124856641132169e+01
1.004572436878380604e+00,1.569690058029406865e+00,1.571729638933793805e+00,1.077310784104964059e+00,1.331326998940856710e+00,1.575907526969741212e+01,-1.067124856641132169e+01
1.005831277144328073e+00,1.569351597951754052e+00,1.570628312983295194e+00,1.077566784347526507e+00,1.330886998579138059e+00,1.575907526969741212e+01,-1.067124856641132169e+01
1.007726223046784941e+00,1.569435174108408937e+00,1.570314528542369636e+00,1.076726782990110154e+00,1.331110998585106620e+00,1.575907526969741212e+01,-1.067124856641132169e+01
1.005758312866573911e+00,1.569132042409031591e+00,1.571222114847008022e+00,1.075750781590130600e+00,1.330974998555300548e+00,1.575907526969741212e+01,-1.067124856641132169e+01
1.007001964749911549e+00,1.568801019831915999e+00,1.571350024951829738e+00,1.076078782293510949e+00,1.329958998381436608e+00,1.575907526969741212e+01,-1.067124856641132169e+01
1.004943100794496003e+00,1.569573142635298124e+00,1.572169801665866062e+00,1.075974781972948602e+00,1.329974998386067586e+00,1.575907526969741212e+01,-1.067124856641132169e+01
1.003402755560748982e+00,1.569024400984382339e+00,1.572611680459401251e+00,1.075622781565203745e+00,1.329918998286363063e+00,1.575907526969741212e+01,-1.067124856641132169e+01
1.003601623772008011e+00,1.569985443233123279e+00,1.572567929181686530e+00,1.075958782381963186e+00,1.330286999430745354e+00,1.575907526969741212e+01,-1.067124856641132169e+01
1.004522824030095185e+00,1.570676842319468802e+00,1.573067078821347220e+00,1.075526782162043560e+00,1.330639000473271327e+00,1.575907526969741212e+01,-1.067124856641132169e+01
1.003448692429397715e+00,1.570728545921995734e+00,1.573050029090248936e+00,1.074622782152051537e+00,1.331119002809113550e+00,1.575907526969741212e+01,-1.067124856641132169e+01
1.003138605523267612e+00,1.570016681105496081e+00,1.572415211054728479e+00,1.074678782152250767e+00,1.330446999588295709e+00,1.575907526969741212e+01,-1.067124856641132169e+01
1.002113320780567252e+00,1.569046355221014322e+00,1.571806053331848085e+00,1.075134782366847341e+00,1.330150998856298727e+00,1.575907526969741212e+01,-1.067124856641132169e+01
1.003358001500505470e+00,1.569293899014604365e+00,1.572212837028483801e+00,1.075414783030719690e+00,1.329982998694697161e+00,1.575907526969741212e+01,-1.067124856641132169e+01
1.003485043145118549e+00,1.569315345672881667e+00,1.571754997095401007e+00,1.075222782695173684e+00,1.329646998058521934e+00,1.575907526969741212e+01,-1.067124856641132169e+01
1.000379228969915602e+00,1.569130445173148258e+00,1.571136384041290190e+00,1.075118782518571514e+00,1.330070998426235107e+00,1.575907526969741212e+01,-1.067124856641132169e+01
1.000257154987852060e+00,1.567797401580789618e+00,1.571484395904112930e+00,1.075166782621703732e+00,1.329638998379113479e+00,1.575907526969741212e+01,-1.067124856641132169e+01
1.000080740792617107e+00,1.568014392381259503e+00,1.571492841850437916e+00,1.076222789974651706e+00,1.330022998550596469e+00,1.465154498471759759e+01,-1.062891053463581414e+01
1.000059950180325785e+00,1.569874276152698922e+00,1.571950672115033809e+00,1.075966788440742006e+00,1.330198998631132445e+00,1.465154498471759759e+01,-1.062891053463581414e+01
1.000293637126729029e+00,1.570421940435050789e+00,1.571789476240885719e+00,1.076982789109498517e+00,1.330078998480309416e+00,1.465154498471759759e+01,-1.062891053463581414e+01
1.000226166204149170e+00,1.570773151458476846e+00,1.572298291968386774e+00,1.077118789124257070e+00,1.330366998748256702e+00,1.465154498471759759e+01,-1.062891053463581414e+01
1.002136540786879415e+00,1.570856022460914936e+00,1.571170256499860418e+00,1.076926789124177164e+00,1.330838999752608887e+00,1.465154498471759759e+01,-1.062891053463581414e+01
1.000432803192798481e+00,1.570732950380371085e+00,1.570339398172898360e+00,1.076502789123007453e+00,1.330430999698785532e+00,1.465154498471759759e+01,-1.062891053463581414e+01
1.003951782470792642e+00,1.570308985205770114e+00,1.571442046529355929e+00,1.076246789122211389e+00,1.330382999689332379e+00,1.465154498471759759e+01,-1.062891053463581414e+01
1.004984727116375876e+00,1.571932129609945772e+00,1.571007048387200955e+00,1.076806789225183136e+00,1.330558999758584271e+00,1.465154498471759759e+01,-1.062891053463581414e+01
1.004439180985602365e+00,1.571993556558046068e+00,1.571235779826151147e+00,1.076870789289104735e+00,1.331454999796134464e+00,1.465154498471759759e+01,-1.062891053463581414e+01
1.004566748322840208e+00,1.573184028145572899e+00,1.570258770902475343e+00,1.077558790052599358e+00,1.331438999793218336e+00,1.465154498471759759e+01,-1.062891053463581414e+01
1.003590441861293314e+00,1.575478561010172029e+00,1.569991679172191512e+00,1.077718790758824596e+00,1.332239000011391505e+00,1.374844875462622618e+01,-8.034994870223586716e+00
1.005637815962384440e+00,1.574848910614022657e+00,1.569628076960614571e+00,1.077726790894613318e+00,1.331854999776777904e+00,1.374844875462622618e+01,-8.034994870223586716e+00
1.007180459166996389e+00,1.575521202204158477e+00,1.569397687426872912e+00,1.076678777568932599e+00,1.331462999271790570e+00,1.374844875462622618e+01,-8.034994870223586716e+00
1.007163761352458886e+00,1.575529693134421372e+00,1.569914565045079646e+00,1.077246787386233251e+00,1.331262998902431827e+00,1.407604420749049545e+01,-8.939244863942400698e+00
1.007410075864294541e+00,1.575242054134840863e+00,1.569440869382695558e+00,1.076422773092998497e+00,1.331822999313483358e+00,1.407604420749049545e+01,-8.939244863942400698e+00
1.004412044701989970e+00,1.573479736388178729e+00,1.568183620493611929e+00,1.076102768196362636e+00,1.330686997343014877e+00,1.407604420749049545e+01,-8.939244863942400698e+00
1.004156166585874921e+00,1.573470324459476544e+00,1.567768273671570345e+00,1.076206768776152956e+00,1.330686997343014877e+00,1.407604420749049545e+01,-8.939244863942400698e+00
1.003114292903144467e+00,1.572302179493566987e+00,1.568016115322338866e+00,1.076318769396170660e+00,1.330718997619913413e+00,1.407604420749049545e+01,-8.939244863942400698e+00
1.002205829084997113e+00,1.573088159876210979e+00,1.567591180680630414e+00,1.075782768455161964e+00,1.330718997619913413e+00,1.407604420749049545e+01,-8.939244863942400698e+00
1.001990000212888310e+00,1.572168922260456680e+00,1.567244396749644775e+00,1.077118773888133374e+00,1.329918989865978451e+00,1.407604420749049545e+01,-8.939244863942400698e+00
1.002431090138229175e+00,1.571568788678791240e+00,1.568033498142130666e+00,1.077246774074839930e+00,1.330366995198492219e+00,1.407604420749049545e+01,-8.939244863942400698e+00
1.003657781360716816e+00,1.570525976048450900e+00,1.567381691092353702e+00,1.077326774111798002e+00,1.330814998425010831e+00,1.407604420749049545e+01,-8.939244863942400698e+00
1.004146054740322036e+00,1.569773063264282786e+00,1.566628324882383350e+00,1.077414774116777663e+00,1.330310992879566667e+00,1.407604420749049545e+01,-8.939244863942400698e+00
1.005534234621747292e+00,1.569793782395319415e+00,1.566602858073815163e+00,1.076214773143987724e+00,1.330262992092625218e+00,1.407604420749049545e+01,-8.939244863942400698e+00
1.005461270343993352e+00,1.568748061038260255e+00,1.567359556209008575e+00,1.075958772944779041e+00,1.330887002450077183e+00,1.269277614210582605e+01,-8.590009064153251828e+00
1.006338722829789090e+00,1.569169819855967818e+00,1.568053617949826339e+00,1.076278773984183479e+00,1.331191005839226227e+00,1.269277614210582605e+01,-8.590009064153251828e+00
1.005691390185267320e+00,1.570398170771954316e+00,1.568457226792588477e+00,1.075222771821284118e+00,1.330711002430725598e+00,1.143868198612754128e+01,-7.939152106173898993e+00
1.006782242149151019e+00,1.571422273213257892e+00,1.568056496563483337e+00,1.075150771812447115e+00,1.331207004992295051e+00,1.143868198612754128e+01,-7.939152106173898993e+00
1.006217305963506448e+00,1.571068949639522927e+00,1.568650670045271145e+00,1.076222772137630734e+00,1.330118997282141446e+00,1.143868198612754128e+01,-7.939152106173898993e+00
1.004126424387787431e+00,1.571552924404441942e+00,1.569191832079928295e+00,1.076294772141773715e+00,1.329230993423016871e+00,1.143868198612754128e+01,-7.939152106173898993e+00
1.006519098399621504e+00,1.572843440733761256e+00,1.569723690218628676e+00,1.076262772127591472e+00,1.329270993520196953e+00,1.143868198612754128e+01,-7.939152106173898993e+00
1.006101600201412705e+00,1.573296337130481781e+00,1.570264855725966191e+00,1.076278772179503074e+00,1.329158993398551925e+00,1.143868198612754128e+01,-7.939152106173898993e+00
1.001980568031764829e+00,1.573638126332534970e+00,1.570001279397106320e+00,1.076662774037634218e+00,1.329518993494538392e+00,1.143868198612754128e+01,-7.939152106173898993e+00
1.001263575368305903e+00,1.572284549308995194e+00,1.569960032703535457e+00,1.076934775738309646e+00,1.329670993585184924e+00,1.143868198612754128e+01,-7.939152106173898993e+00
9.996501344336485850e-01,1.572160641017657179e+00,1.569832898968245960e+00,1.076806775518821757e+00,1.329910993743532277e+00,1.191667476792141223e+01,-1.257452313116145781e+01
9.980193385686728647e-01,1.571334003002599733e+00,1.568662382283536383e+00,1.077270778279353136e+00,1.329886953347604095e+00,1.191667476792141223e+01,-1.257452313116145781e+01
9.991378750574425593e-01,1.571788653910881406e+00,1.568526641668323895e+00,1.077894643669624175e+00,1.330054452179977975e+00,1.191667476792141223e+01,-1.257452313116145781e+01
1.002241150964116922e+00,1.570693358540930396e+00,1.569349450458412676e+00,1.078334309173103467e+00,1.331126320044161204e+00,1.191667476792141223e+01,-1.257452313116145781e+01
1.002896012088365429e+00,1.570764693906693266e+00,1.570205779368825771e+00,1.077918309169688671e+00,1.331270320328582280e+00,1.191667476792141223e+01,-1.257452313116145781e+01
9.989928439153789030e-01,1.571425691660337076e+00,1.570416937912177291e+00,1.077678309169502802e+00,1.331262320325949711e+00,1.191667476792141223e+01,-1.257452313116145781e+01
9.993951537309778699e-01,1.571332694883643022e+00,1.569958870847638632e+00,1.077277773297340202e+00,1.332686471196302458e+00,1.191667476792141223e+01,-1.257452313116145781e+01
1.000260744641629618e+00,1.571012372652808242e+00,1.570671382670830507e+00,1.075813871712901326e+00,1.332190762467112766e+00,1.191667476792141223e+01,-1.257452313116145781e+01
1.003477668637196230e+00,1.571497733451404422e+00,1.572113130262080993e+00,1.075829871713479546e+00,1.331294762453919089e+00,1.191667476792141223e+01,-1.257452313116145781e+01
1.002435291810489959e+00,1.571435511199724466e+00,1.572240387754451296e+00,1.075261871497132260e+00,1.330062760438074143e+00,1.191667476792141223e+01,-1.257452313116145781e+01
1.003771932593584548e+00,1.571496560709704449e+00,1.572994952794181334e+00,1.074101871130209718e+00,1.329446759226084795e+00,1.191667476792141223e+01,-1.257452313116145781e+01
1.004250139224934557e+00,1.571506942199967227e+00,1.572969504023175702e+00,1.074029871102877065e+00,1.329534759627511997e+00,1.191667476792141223e+01,-1.257452313116145781e+01
1.003262234034555833e+00,1.571898998410588222e+00,1.573248556807859799e+00,1.073677870965259240e+00,1.328758756168916255e+00,1.191667476792141223e+01,-1.257452313116145781e+01
1.003272826475435808e+00,1.572322426354083813e+00,1.573383629616628587e+00,1.072405869767848685e+00,1.328766756214311062e+00,1.191667476792141223e+01,-1.257452313116145781e+01
1.006419215587269544e+00,1.572219646495474299e+00,1.573053125805573327e+00,1.073677872061443050e+00,1.328742756062710750e+00,1.191667476792141223e+01,-1.257452313116145781e+01
1.006947429336373601e+00,1.572467098691761489e+00,1.573221970398681391e+00,1.073717872124180239e+00,1.328454754678045857e+00,1.191667476792141223e+01,-1.257452313116145781e+01
1.004952469198408638e+00,1.573769504870273561e+00,1.573091174033936612e+00,1.074669874181638063e+00,1.328966757521978570e+00,1.191667476792141223e+01,-1.257452313116145781e+01
1.003746196867392415e+00,1.574329885018168840e+00,1.572123743911240767e+00,1.075013876535948709e+00,1.328742756408602066e+00,1.191667476792141223e+01,-1.257452313116145781e+01
1.003003708775404901e+00,1.574144966631187303e+00,1.571556036108026966e+00,1.074525871818473144e+00,1.328766756448508612e+00,1.191667476792141223e+01,-1.257452313116145781e+01
1.003242866528333721e+00,1.572636362342081817e+00,1.571549455375821802e+00,1.074125868345811030e+00,1.328950756548713974e+00,1.191667476792141223e+01,-1.257452313116145781e+01
1.005078504555069863e+00,1.572698849717479419e+00,1.571252637776341388e+00,1.074485869289478313e+00,1.329766756985450549e+00,1.191667476792141223e+01,-1.257452313116145781e+01
1.004400292001352835e+00,1.572459832850797490e+00,1.571787129815746864e+00,1.074565869513666172e+00,1.329262756886402830e+00,1.191667476792141223e+01,-1.257452313116145781e+01
1.003250132161748187e+00,1.573276103668179937e+00,1.571802602343864486e+00,1.074373869102314805e+00,1.329302756923461448e+00,1.191667476792141223e+01,-1.257452313116145781e+01
1.004621351382323668e+00,1.572956046954592013e+00,1.571641952865146852e+00,1.074117867883522592e+00,1.329590757198642281e+00,1.191667476792141223e+01,-1.257452313116145781e+01
1.002440807714312987e+00,1.572306993299849465e+00,1.570812482169634761e+00,1.074413868952453610e+00,1.329078756853105947e+00,1.191667476792141223e+01,-1.257452313116145781e+01
1.001227138326726385e+00,1.570148007385341327e+00,1.570331412744346844e+00,1.074629869334094767e+00,1.328614756852991796e+00,1.191667476792141223e+01,-1.257452313116145781e+01
1.000244966789185508e+00,1.569692810978610353e+00,1.571145770183262513e+00,1.073709869034709552e+00,1.328942756919872181e+00,1.191667476792141223e+01,-1.257452313116145781e+01
1.001451130245694321e+00,1.568597528657779350e+00,1.571078092683158678e+00,1.074197869494798452e+00,1.328062756818513490e+00,1.191667476792141223e+01,-1.257452313116145781e+01
1.002301292476072803e+00,1.568711409342641083e+00,1.570798178623588948e+00,1.074701871381340545e+00,1.328758756870642266e+00,1.191667476792141223e+01,-1.257452313116145781e+01
1.000030692446302272e+00,1.568442418224969659e+00,1.571078252372845263e+00,1.074485870654404485e+00,1.327766756870639053e+00,1.157522741883236961e+01,-1.098822042764896167e+01
9.999321013168636085e-01,1.568814458029602177e+00,1.570484514022844502e+00,1.073973868457987368e+00,1.328710756941409832e+00,1.157522741883236961e+01,-1.098822042764896167e+01
9.994874442863935782e-01,1.569444778185119960e+00,1.570272450449406332e+00,1.073653867484870350e+00,1.328470756919400531e+00,1.157522741883236961e+01,-1.098822042764896167e+01
9.987861431495201892e-01,1.568886797524956300e+00,1.570348790094099556e+00,1.073613679656882480e+00,1.329654763599246614e+00,1.157522741883236961e+01,-1.098822042764896167e+01
9.979222156426013068e-01,1.569620438763319692e+00,1.570399687790850152e+00,1.074429454180548582e+00,1.330142382622242492e+00,1.157522741883236961e+01,-1.098822042764896167e+01
9.973233355866082395e-01,1.569310449507673066e+00,1.570756011371040595e+00,1.074764885455402386e+00,1.330814098541265977e+00,1.157522741883236961e+01,-1.098822042764896167e+01
9.996121654114930033e-01,1.570250750249800875e+00,1.570153608280104196e+00,1.075372389656095828e+00,1.331261423795754739e+00,1.157522741883236961e+01,-1.098822042764896167e+01
9.983191409775336034e-01,1.570819063885152911e+00,1.570399587627156146e+00,1.074900461730585954e+00,1.330565472472409416e+00,1.157522741883236961e+01,-1.098822042764896167e+01
9.969261248567150568e-01,1.570777731984400072e+00,1.570772859882207495e+00,1.074932628545883784e+00,1.330317450800725831e+00,1.157522741883236961e+01,-1.098822042764896167e+01
9.980343092022683216e-01,1.568990127276838509e+00,1.571697723332192043e+00,1.074500638115480466e+00,1.330310006098142539e+00,1.157522741883236961e+01,-1.098822042764896167e+01
9.998449549444518025e-01,1.569434445209931805e+00,1.572359457553195838e+00,1.074620829990158510e+00,1.330069910013871981e+00,1.157522741883236961e+01,-1.098822042764896167e+01
1.001270514378198584e+00,1.568928129425709139e+00,1.573097373466753712e+00,1.074348828963544555e+00,1.330557911493021717e+00,1.157522741883236961e+01,-1.098822042764896167e+01
1.001227904317015138e+00,1.568649467100454942e+00,1.572622638263971417e+00,1.074868830368666206e+00,1.330013908775750320e+00,1.157522741883236961e+01,-1.098822042764896167e+01
9.983766765750142769e-01,1.568535952107326326e+00,1.572402213359449075e+00,1.074876830397213379e+00,1.331357913004669102e+00,1.157522741883236961e+01,-1.098822042764896167e+01
9.990501617638454235e-01,1.568019303347915505e+00,1.571452072852184134e+00,1.075237608699724401e+00,1.330157676565318026e+00,1.157522741883236961e+01,-1.098822042764896167e+01
9.992556384927379076e-01,1.568453288305820648e+00,1.571324832941002780e+00,1.075293746622278501e+00,1.329765656703590038e+00,1.157522741883236961e+01,-1.098822042764896167e+01
9.979078795761384679e-01,1.569765576154724229e+00,1.571392692429857352e+00,1.075493897575964475e+00,1.329189604398147484e+00,1.157522741883236961e+01,-1.098822042764896167e+01
9.985244862832697299e-01,1.568773610536655427e+00,1.571010916459140816e+00,1.075725242433539730e+00,1.329957407198880004e+00,1.157522741883236961e+01,-1.098822042764896167e+01
9.994895657368045860e-01,1.568608282933643849e+00,1.570705519975021947e+00,1.076468867749007519e+00,1.330604974257892259e+00,1.157522741883236961e+01,-1.098822042764896167e+01
1.000431950876651710e+00,1.568494620206573487e+00,1.571553738017545720e+00,1.077148744161077865e+00,1.331404867077467635e+00,1.157522741883236961e+01,-1.098822042764896167e+01
1.000845990844238642e+00,1.569114726247234470e+00,1.571104092655337459e+00,1.076772742618832934e+00,1.331572867168376861e+00,1.157522741883236961e+01,-1.098822042764896167e+01
1.002224715995891913e+00,1.569165971839009410e+00,1.571969103579982541e+00,1.075772740429505436e+00,1.331452867157654651e+00,1.157522741883236961e+01,-1.098822042764896167e+01
1.003111228941991229e+00,1.569134865198883455e+00,1.572062404202322572e+00,1.076556742042916071e+00,1.329908865154044495e+00,1.157522741883236961e+01,-1.098822042764896167e+01
1.002624356119806270e+00,1.568566375667761026e+00,1.572173360638956074e+00,1.077684744453674570e+00,1.330028865335548316e+00,9.640987083796062507e+00,-1.015216246364028763e+01
1.003449897786451883e+00,1.567926187653672310e+00,1.571834918694460015e+00,1.077156742420899427e+00,1.330612866380411763e+00,9.640987083796062507e+00,-1.015216246364028763e+01
1.002845678347089375e+00,1.567801613070320732e+00,1.572165734149637339e+00,1.076076735532879081e+00,1.330084865842976027e+00,9.640987083796062507e+00,-1.015216246364028763e+01
1.001834684573554402e+00,1.567822081510727106e+00,1.572301366001705114e+00,1.077164743087364096e+00,1.330044865772198603e+00,9.640987083796062507e+00,-1.015216246364028763e+01
1.002845809770245511e+00,1.567439908426538242e+00,1.572149035473437095e+00,1.077468745169422926e+00,1.329708865054158418e+00,9.640987083796062507e+00,-1.015216246364028763e+01
1.002607286584448865e+00,1.568183069022040632e+00,1.572707729717825798e+00,1.077596746285843787e+00,1.329716865067970710e+00,9.640987083796062507e+00,-1.015216246364028763e+01
1.001578171890307178e+00,1.568409962949209868e+00,1.573029673767284198e+00,1.077508745820566105e+00,1.330228866832916745e+00,9.640987083796062507e+00,-1.015216246364028763e+01
1.003419937839349574e+00,1.567553145036264306e+00,1.572055076133074714e+00,1.078004748007423075e+00,1.330516868188122315e+00,9.640987083796062507e+00,-1.015216246364028763e+01
1.001144347598380557e+00,1.567235602530392402e+00,1.570453206230157717e+00,1.077468743642540083e+00,1.331188869192851509e+00,9.640987083796062507e+00,-1.015216246364028763e+01
9.991946672132836493e-01,1.567205180265911935e+00,1.569537341601852987e+00,1.077132740344295847e+00,1.331820869263043106e+00,9.640987083796062507e+00,-1.015216246364028763e+01
1.000300181867152416e+00,1.567174181340347250e+00,1.569961466739794309e+00,1.076612438514743975e+00,1.332853020337884109e+00,9.640987083796062507e+00,-1.015216246364028763e+01
9.991759117255448741e-01,1.567536045974778691e+00,1.569003015179765370e+00,1.076892441358922703e+00,1.333589020821759119e+00,9.640987083796062507e+00,-1.015216246364028763e+01
9.990520429165924421e-01,1.568311019113894922e+00,1.569469553959211172e+00,1.076780343454444511e+00,1.333917054957988180e+00,9.640987083796062507e+00,-1.015216246364028763e+01
1.001620999700505221e+00,1.567184724818379227e+00,1.569435623324456630e+00,1.075452591846408623e+00,1.333189518652612593e+00,9.640987083796062507e+00,-1.015216246364028763e+01
1.000491630473191895e+00,1.567671010282079891e+00,1.568697532372190784e+00,1.075140588695606692e+00,1.332821518009811523e+00,9.640987083796062507e+00,-1.015216246364028763e+01
1.000763200115892593e+00,1.568446134604142506e+00,1.568213911593756116e+00,1.075996595168943415e+00,1.332277515749447749e+00,9.640987083796062507e+00,-1.015216246364028763e+01
1.000213692610521399e+00,1.570181991782959141e+00,1.568399855676025245e+00,1.075932594895257610e+00,1.332229515447488133e+00,9.640987083796062507e+00,-1.015216246364028763e+01
9.983175864483075923e-01,1.569613563638133646e+00,1.569044524142661157e+00,1.075764594846168487e+00,1.332373516227554289e+00,9.640987083796062507e+00,-1.015216246364028763e+01
9.997200572988981238e-01,1.570026882645662258e+00,1.569740168030195671e+00,1.074900997480020992e+00,1.331774095923458523e+00,9.640987083796062507e+00,-1.015216246364028763e+01
9.985837941589902345e-01,1.570336871901308884e+00,1.569841951172940231e+00,1.074124934119670360e+00,1.332894140756869295e+00,9.640987083796062507e+00,-1.015216246364028763e+01
9.986350704110084076e-01,1.570667527107331818e+00,1.569146331168210784e+00,1.074613352575236158e+00,1.332141868477094482e+00,9.640987083796062507e+00,-1.015216246364028763e+01
1.001501858256438782e+00,1.569623896613321801e+00,1.569103915594718623e+00,1.074061305454925286e+00,1.332230163270618162e+00,9.640987083796062507e+00,-1.015216246364028763e+01
1.003487757934100388e+00,1.569127375393906343e+00,1.569774161635086651e+00,1.074309305718856189e+00,1.332246163313852261e+00,9.640987083796062507e+00,-1.015216246364028763e+01
1.003203954995435687e+00,1.570078461281321003e+00,1.569518447193842814e+00,1.074837306857492347e+00,1.331302162383132259e+00,9.640987083796062507e+00,-1.015216246364028763e+01
1.003681132790185115e+00,1.571668457466415481e+00,1.570304786318402313e+00,1.073517306330840526e+00,1.331150162148918348e+00,9.640987083796062507e+00,-1.015216246364028763e+01
1.003854220177954559e+00,1.571865179240143684e+00,1.570092545502930870e+00,1.073621306392083863e+00,1.331782162293013938e+00,9.640987083796062507e+00,-1.015216246364028763e+01
1.003329333236316012e+00,1.570554223838704910e+00,1.569407967748552624e+00,1.073453306243487670e+00,1.332006162397714411e+00,9.640987083796062507e+00,-1.015216246364028763e+01
1.001840132831431029e+00,1.570160566160154758e+00,1.570001973504516979e+00,1.074565306293950195e+00,1.332550163387175912e+00,9.640987083796062507e+00,-1.015216246364028763e+01
1.000762674423268050e+00,1.569085845657504086e+00,1.570096102681791672e+00,1.074933306409109557e+00,1.332950163625298723e+00,9.640987083796062507e+00,-1.015216246364028763e+01
1.000629636279504853e+00,1.569323568174129102e+00,1.569951842573233503e+00,1.074677305829224938e+00,1.332454163395890179e+00,9.640987083796062507e+00,-1.015216246364028763e+01
1.000256914690188292e+00,1.569613161963353098e+00,1.569239353777402313e+00,1.074285305170939564e+00,1.331606162825430095e+00,9.640987083796062507e+00,-1.015216246364028763e+01
9.990411876294003068e-01,1.569612830111474455e+00,1.570910178238900556e+00,1.074453305353020527e+00,1.332414164672994339e+00,9.640987083796062507e+00,-1.015216246364028763e+01
1.001855298665392136e+00,1.568672529369346647e+00,1.570452114028790813e+00,1.074237614581921241e+00,1.331542241215236455e+00,6.602420059394955132e+00,-1.009075200284782703e+01
1.002530447257956148e+00,1.568042944946574480e+00,1.569706413122477162e+00,1.074501615503845375e+00,1.331022241157110209e+00,6.602420059394955132e+00,-1.009075200284782703e+01
1.003759173604996446e+00,1.569457879523523447e+00,1.570230589718013547e+00,1.074765617053382805e+00,1.330910241031578289e+00,6.602420059394955132e+00,-1.009075200284782703e+01
1.005076950025844962e+00,1.569995389131501495e+00,1.570128021453669254e+00,1.075365617885562397e+00,1.330502240908350453e+00,6.602420059394955132e+00,-1.009075200284782703e+01
1.004366851274980599e+00,1.570799082636922916e+00,1.571024812218891897e+00,1.075365617885562397e+00,1.330062240722871492e+00,6.602420059394955132e+00,-1.009075200284782703e+01
1.003388509688881047e+00,1.571471957045163181e+00,1.570464127208337501e+00,1.075685617885564271e+00,1.329878240713806115e+00,6.602420059394955132e+00,-1.009075200284782703e+01
1.003261205197955697e+00,1.570955423689971431e+00,1.570397032730801667e+00,1.075349617766817811e+00,1.330078240734633210e+00,6.602420059394955132e+00,-1.009075200284782703e+01
1.001644963148457634e+00,1.570996137132724568e+00,1.570770012287056927e+00,1.074981617759606101e+00,1.330710240829714452e+00,6.602420059394955132e+00,-1.009075200284782703e+01
1.003352530693980116e+00,1.571481624439644786e+00,1.570956220746220211e+00,1.073701617720041135e+00,1.330582240829630836e+00,6.602420059394955132e+00,-1.009075200284782703e+01
1.002798055526059384e+00,1.571295543839259068e+00,1.571007348486617161e+00,1.074437617987649585e+00,1.331222240845070681e+00,6.602420059394955132e+00,-1.009075200284782703e+01
1.003051001104177331e+00,1.570746825988843298e+00,1.571754107983975413e+00,1.075573618206839610e+00,1.331766240867927609e+00,6.602420059394955132e+00,-1.009075200284782703e+01
1.002900367732432185e+00,1.570509470509154237e+00,1.571559410215401797e+00,1.075773618207219062e+00,1.331614240736357591e+00,6.602420059394955132e+00,-1.009075200284782703e+01
1.003242472258865758e+00,1.570272239094350208e+00,1.571271431215619518e+00,1.076605618260223940e+00,1.331054240428674040e+00,6.602420059394955132e+00,-1.009075200284782703e+01
1.004664464587483375e+00,1.571200712987371739e+00,1.572177330312270804e+00,1.076917618326571624e+00,1.330606240333252366e+00,6.602420059394955132e+00,-1.009075200284782703e+01
1.004096595863841701e+00,1.571873509955710402e+00,1.571684399310292024e+00,1.076717618301250345e+00,1.330822240722040473e+00,6.602420059394955132e+00,-1.009075200284782703e+01
1.003997238744114728e+00,1.571285228252984112e+00,1.571346309216212767e+00,1.076725618308437049e+00,1.331550241263874890e+00,6.602420059394955132e+00,-1.009075200284782703e+01
1.003756045866633473e+00,1.570695939095376970e+00,1.571499874609125769e+00,1.077413618435756337e+00,1.331958241380338581e+00,6.602420059394955132e+00,-1.009075200284782703e+01
1.004899180370487199e+00,1.570384741723507060e+00,1.572136174009286957e+00,1.077333618435132090e+00,1.333414242060431354e+00,6.602420059394955132e+00,-1.009075200284782703e+01
1.007236616755705416e+00,1.570478196647096869e+00,1.571949507564561976e+00,1.076325618302929055e+00,1.332862241125171598e+00,6.602420059394955132e+00,-1.009075200284782703e+01
1.004686152613218919e+00,1.570500384341027900e+00,1.571525754746312620e+00,1.075717618255288999e+00,1.332118240191105585e+00,6.602420059394955132e+00,-1.009075200284782703e+01
1.004635402053825510e+00,1.571211888291054848e+00,1.572151644930671610e+00,1.075701618254204073e+00,1.332318240291536116e+00,6.602420059394955132e+00,-1.009075200284782703e+01
1.002529989211277783e+00,1.571348189325665334e+00,1.571303727597253008e+00,1.075749618260621654e+00,1.331838239459404827e+00,6.602420059394955132e+00,-1.009075200284782703e+01
9.999334793256351439e-01,1.571357274067698873e+00,1.572261829419870693e+00,1.075709618251190047e+00,1.332606239645963475e+00,6.602420059394955132e+00,-1.009075200284782703e+01
9.969239583090060419e-01,1.571460579503958011e+00,1.572847062879763058e+00,1.075885618294066814e+00,1.332150238722231705e+00,6.602420059394955132e+00,-1.009075200284782703e+01
9.985757850839366290e-01,1.571987561238557207e+00,1.572558573282528460e+00,1.075910987068201319e+00,1.331086201869076335e+00,6.602420059394955132e+00,-1.009075200284782703e+01
9.983019400190198400e-01,1.571780901734792790e+00,1.571489692659131521e+00,1.075942682650559812e+00,1.331630185723076121e+00,6.602420059394955132e+00,-1.009075200284782703e+01
9.955033890864575241e-01,1.572731535452108753e+00,1.570632861263545177e+00,1.075535269806661587e+00,1.330766462433571773e+00,6.602420059394955132e+00,-1.009075200284782703e+01
9.977149215381708736e-01,1.572307883469391765e+00,1.569181661876703604e+00,1.076655215981720204e+00,1.330796321807591776e+00,6.602420059394955132e+00,-1.009075200284782703e+01
9.974564826048786248e-01,1.572318216444579919e+00,1.569970685196501625e+00,1.075887056293659327e+00,1.330965043068896625e+00,6.602420059394955132e+00,-1.009075200284782703e+01
9.989315234637545782e-01,1.571718903883663199e+00,1.569665246626008370e+00,1.075213867563178827e+00,1.332093752061372482e+00,6.602420059394955132e+00,-1.009075200284782703e+01
9.987440136836638338e-01,1.571284918925758056e+00,1.570343869863617847e+00,1.074614076717106848e+00,1.331573993249654198e+00,6.602420059394955132e+00,-1.009075200284782703e+01
9.985307456287322303e-01,1.570819935042288229e+00,1.570318420877009791e+00,1.074246787570715345e+00,1.330110171345131764e+00,6.602420059394955132e+00,-1.009075200284782703e+01
1.000218288552251478e+00,1.569342319590373069e+00,1.570445669309344039e+00,1.073278638896158599e+00,1.330366732431188082e+00,6.602420059394955132e+00,-1.009075200284782703e+01
9.987776721590512219e-01,1.569703850170995896e+00,1.571132608069427450e+00,1.074382640703196223e+00,1.329950732382939593e+00,6.602420059394955132e+00,-1.009075200284782703e+01
9.977120978746812918e-01,1.568567222900292046e+00,1.571777312932383541e+00,1.074174523693194550e+00,1.330198830401915000e+00,6.602420059394955132e+00,-1.009075200284782703e+01
9.984583070436028329e-01,1.569249199262714445e+00,1.571005257574670022e+00,1.073959026326155808e+00,1.329663032407580214e+00,6.602420059394955132e+00,-1.009075200284782703e+01
9.999861561350735784e-01,1.569290531163467284e+00,1.571904488230351893e+00,1.074503086228003168e+00,1.329566699788848894e+00,6.602420059394955132e+00,-1.009075200284782703e+01
1.001942073316984150e+00,1.569435279928934612e+00,1.570606789660679681e+00,1.074847086831890008e+00,1.329350699538658587e+00,6.602420059394955132e+00,-1.009075200284782703e+01
1.002508169762385659e+00,1.568619051821568577e+00,1.570531155442335347e+00,1.074807086774521858e+00,1.329838699555198289e+00,6.602420059394955132e+00,-1.009075200284782703e+01
1.004205933405965201e+00,1.569063019753107024e+00,1.570802009062412852e+00,1.074031083926436425e+00,1.329422699527599061e+00,6.602420059394955132e+00,-1.009075200284782703e+01
1.003873152186147255e+00,1.569940069454790477e+00,1.571393878340688888e+00,1.074359084689372246e+00,1.329566699527603424e+00,5.411465314615780287e+00,-9.478790478520306095e+00
1.001704973237256713e+00,1.570210634156501417e+00,1.570418543113854870e+00,1.074575084811982162e+00,1.328862699290384475e+00,5.411465314615780287e+00,-9.478790478520306095e+00
9.998333562156195287e-01,1.571254663071687707e+00,1.569976822681917072e+00,1.075135084960709753e+00,1.328646699261301078e+00,5.411465314615780287e+00,-9.478790478520306095e+00
1.000066386046241984e+00,1.570459023982194946e+00,1.570036195315382965e+00,1.075615090010002106e+00,1.327870695694749470e+00,5.411465314615780287e+00,-9.478790478520306095e+00
1.000781715305968156e+00,1.569601457218248619e+00,1.569374709074239593e+00,1.076047090048054988e+00,1.327422695450591883e+00,5.411465314615780287e+00,-9.478790478520306095e+00
1.000116130317683538e+00,1.569043364929929130e+00,1.569620859108691091e+00,1.075743089712023925e+00,1.327846696258918158e+00,5.411465314615780287e+00,-9.478790478520306095e+00
9.991694120824189396e-01,1.570417695941101144e+00,1.569272970848661242e+00,1.075911090111710378e+00,1.328046696519575187e+00,5.411465314615780287e+00,-9.478790478520306095e+00
9.990069171355295818e-01,1.571729983790004725e+00,1.569035459998349591e+00,1.076007214310267024e+00,1.327630666915273538e+00,5.411465314615780287e+00,-9.478790478520306095e+00
1.000772283124845119e+00,1.571378662633605261e+00,1.569790421012949411e+00,1.076263312197537125e+00,1.327366571387673444e+00,5.411465314615780287e+00,-9.478790478520306095e+00
9.993080750045126859e-01,1.571378826341109480e+00,1.569425747431155704e+00,1.076311312210139537e+00,1.327462571479304021e+00,5.411465314615780287e+00,-9.478790478520306095e+00
1.002297068255162626e+00,1.571936807001273140e+00,1.569434229809943959e+00,1.076119315948925292e+00,1.327446617050701549e+00,5.411465314615780287e+00,-9.478790478520306095e+00
1.001675625308637851e+00,1.572452891480929926e+00,1.569908556549864276e+00,1.076399316230892023e+00,1.327838617736886828e+00,5.411465314615780287e+00,-9.478790478520306095e+00
1.003009727823204189e+00,1.571305501415878991e+00,1.570392740703439705e+00,1.075559314446210113e+00,1.328606618307927478e+00,5.411465314615780287e+00,-9.478790478520306095e+00
1.001719132783265742e+00,1.571169883274169399e+00,1.571232267348268374e+00,1.075655314465479462e+00,1.328454618284566235e+00,5.411465314615780287e+00,-9.478790478520306095e+00
1.000763748357166305e+00,1.570880243791370035e+00,1.571580152993385937e+00,1.074575314348798383e+00,1.328198618238667361e+00,5.411465314615780287e+00,-9.478790478520306095e+00
1.001376525112856131e+00,1.570859773981618357e+00,1.571139159443836197e+00,1.073671314343869643e+00,1.328550618442670084e+00,5.411465314615780287e+00,-9.478790478520306095e+00
1.001944788105966211e+00,1.570518451968854423e+00,1.571588813787055061e+00,1.074031314344991550e+00,1.328550618442670084e+00,5.411465314615780287e+00,-9.478790478520306095e+00
1.002094786910579405e+00,1.570952765473514479e+00,1.571266229760882371e+00,1.073495314312949089e+00,1.330054619333821631e+00,5.411465314615780287e+00,-9.478790478520306095e+00
1.001667090540959260e+00,1.571418027432296860e+00,1.571011432962006626e+00,1.074479314331593383e+00,1.329454619208825905e+00,5.411465314615780287e+00,-9.478790478520306095e+00
1.001803827213007869e+00,1.571160092498257832e+00,1.570570670210470476e+00,1.073775314120924973e+00,1.330390619249684603e+00,5.411465314615780287e+00,-9.478790478520306095e+00
1.000799333082599052e+00,1.571045124665951365e+00,1.571944463858245156e+00,1.073375314079945353e+00,1.329718619217401310e+00,5.411465314615780287e+00,-9.478790478520306095e+00
1.002409578632946996e+00,1.571179802118802815e+00,1.571189626030353503e+00,1.074039314111767229e+00,1.329934619485995784e+00,5.411465314615780287e+00,-9.478790478520306095e+00
1.002252817338895374e+00,1.569650245534461641e+00,1.571411641639355095e+00,1.074415314154575363e+00,1.330014619497671413e+00,5.411465314615780287e+00,-9.478790478520306095e+00
1.002430260370730908e+00,1.569216646381236258e+00,1.571081369835603203e+00,1.073919313650173457e+00,1.329942619471951915e+00,5.411465314615780287e+00,-9.478790478520306095e+00
1.001878323471338650e+00,1.570033952230762475e+00,1.570283505239481459e+00,1.072887311656369302e+00,1.329350619426569402e+00,5.411465314615780287e+00,-9.478790478520306095e+00
1.001829213767029270e+00,1.569609706172055530e+00,1.570885898281630944e+00,1.072727311584371179e+00,1.328518619220139918e+00,6.337832606927259249e+00,-9.742561996556831971e+00
1.001737888271004850e+00,1.569701935956643313e+00,1.571682910360376884e+00,1.072255311069818084e+00,1.329198619225286926e+00,6.337832606927259249e+00,-9.742561996556831971e+00
9.999642503603231036e-01,1.569971153953228171e+00,1.571072167256629459e+00,1.073095311848730526e+00,1.329302619302409338e+00,6.337832606927259249e+00,-9.742561996556831971e+00
1.001048471257924399e+00,1.569547453576408680e+00,1.571928834744888093e+00,1.073871312257818067e+00,1.329414619310447243e+00,6.337832606927259249e+00,-9.742561996556831971e+00
1.001175009758561441e+00,1.570942044655183389e+00,1.572547242295779801e+00,1.073831312209516442e+00,1.329046618865201035e+00,6.337832606927259249e+00,-9.742561996556831971e+00
9.999367198072418583e-01,1.571675533100327815e+00,1.572784303826812558e+00,1.072831312193076814e+00,1.328710617893467782e+00,6.337832606927259249e+00,-9.742561996556831971e+00
9.982359147511579156e-01,1.571003924092471582e+00,1.571987048563744160e+00,1.073615312662281607e+00,1.329702621591263734e+00,6.337832606927259249e+00,-9.742561996556831971e+00
1.001615727963082625e+00,1.570363279630802023e+00,1.572555446508589139e+00,1.073311284131252208e+00,1.329742837261549626e+00,6.337832606927259249e+00,-9.742561996556831971e+00
9.993011173147081649e-01,1.571541217671998725e+00,1.572580056070698173e+00,1.073119284103375870e+00,1.329942837845428327e+00,6.337832606927259249e+00,-9.742561996556831971e+00
9.994449881970148830e-01,1.571675546349445618e+00,1.572088077659869798e+00,1.072567151042698175e+00,1.330494972325391823e+00,6.337832606927259249e+00,-9.742561996556831971e+00
9.990462454865449704e-01,1.570817909408823487e+00,1.571384052640972806e+00,1.073686967389019253e+00,1.331534775454118691e+00,6.337832606927259249e+00,-9.742561996556831971e+00
9.989734126319471663e-01,1.572801840644961313e+00,1.571511292616383892e+00,1.074110832007100003e+00,1.331918626084372281e+00,6.337832606927259249e+00,-9.742561996556831971e+00
9.993304426946781893e-01,1.572398854612620855e+00,1.572495290997481643e+00,1.074166829111868671e+00,1.331926604544086512e+00,6.337832606927259249e+00,-9.742561996556831971e+00
9.982977608954073379e-01,1.572739842793831944e+00,1.572003314445814315e+00,1.073798695405997261e+00,1.332510689944137683e+00,6.353388909095307291e+00,-1.098414300412612299e+01
9.971111189169257205e-01,1.572719176843455413e+00,1.571171933039561042e+00,1.073495201776867303e+00,1.331766895901251635e+00,6.353388909095307291e+00,-1.098414300412612299e+01
1.000254203769942674e+00,1.572791507669772937e+00,1.570824056933765256e+00,1.073670509000585360e+00,1.332342684899373131e+00,6.353388909095307291e+00,-1.098414300412612299e+01
1.000925259564752867e+00,1.572812284062697019e+00,1.570264284790593656e+00,1.074174510553903561e+00,1.332366684899390474e+00,6.353388909095307291e+00,-1.098414300412612299e+01
1.000353166620201240e+00,1.573442520258300226e+00,1.570408184568205634e+00,1.075302514103156915e+00,1.331454684655862142e+00,6.353388909095307291e+00,-1.098414300412612299e+01
1.000045749405755746e+00,1.573101600731808603e+00,1.570128372402549655e+00,1.074718510937076488e+00,1.331302684634261935e+00,6.353388909095307291e+00,-1.098414300412612299e+01
1.000275212131249036e+00,1.573194582842682543e+00,1.570281033380450220e+00,1.074142508567159204e+00,1.331678684792494183e+00,6.353388909095307291e+00,-1.098414300412612299e+01
1.003095056820078712e+00,1.573112022871667737e+00,1.569780649432673147e+00,1.074998512378963156e+00,1.332022684878651830e+00,6.353388909095307291e+00,-1.098414300412612299e+01
1.003108187529487161e+00,1.572925119527253557e+00,1.570357412188035040e+00,1.074118508725453447e+00,1.331982684839715603e+00,6.353388909095307291e+00,-1.098414300412612299e+01
1.003471214091368413e+00,1.572667774843445221e+00,1.569738835561130585e+00,1.074302509371031666e+00,1.332742684977867631e+00,6.353388909095307291e+00,-1.098414300412612299e+01
1.004300957430275254e+00,1.571985692286996583e+00,1.569799165492947512e+00,1.074686510412271145e+00,1.332326684538881478e+00,6.353388909095307291e+00,-1.098414300412612299e+01
1.004555543863477229e+00,1.573607242012972085e+00,1.570135364820488988e+00,1.075206510981774999e+00,1.332190684411261206e+00,6.353388909095307291e+00,-1.098414300412612299e+01
1.005000332317103506e+00,1.574195351634323892e+00,1.570515710965308065e+00,1.076070516267115140e+00,1.331630684180371560e+00,6.353388909095307291e+00,-1.098414300412612299e+01
1.004896510678802812e+00,1.573245434528420583e+00,1.570229471794377663e+00,1.075974515408410381e+00,1.332462684242206707e+00,6.353388909095307291e+00,-1.098414300412612299e+01
1.007210989904021137e+00,1.572481601516057870e+00,1.569900433583599542e+00,1.075614513736622202e+00,1.332422684230075927e+00,7.740654833689588621e+00,-1.208547569986284920e+01
1.006402671744537791e+00,1.572071340988502097e+00,1.569045786086066041e+00,1.074590511484973643e+00,1.331998683908793613e+00,7.740654833689588621e+00,-1.208547569986284920e+01
1.007404867904081902e+00,1.570873191819127657e+00,1.568896372585734111e+00,1.074318511142632326e+00,1.331302681895446316e+00,7.740654833689588621e+00,-1.208547569986284920e+01
1.008582077701440483e+00,1.571192085916412129e+00,1.569285196163879181e+00,1.074966511145596382e+00,1.331662683122343926e+00,7.740654833689588621e+00,-1.208547569986284920e+01
1.007286252152640227e+00,1.569722479571850515e+00,1.569832538866026139e+00,1.075694511233873829e+00,1.330870681414642043e+00,7.740654833689588621e+00,-1.208547569986284920e+01
1.007140083299468580e+00,1.570693054412330536e+00,1.570033030061426249e+00,1.076766512190932668e+00,1.331470681940812639e+00,1.054644033856707708e+01,-1.437947121195255917e+01
1.006265694774825858e+00,1.570775268571278360e+00,1.570159898919438302e+00,1.077782512199321863e+00,1.331702682068421018e+00,1.054644033856707708e+01,-1.437947121195255917e+01
1.006382406824871234e+00,1.571221070233702166e+00,1.569684169636753390e+00,1.078734512199648776e+00,1.331398681952188134e+00,1.054644033856707708e+01,-1.437947121195255917e+01
1.007340220644991735e+00,1.572461306637291667e+00,1.569596192675257296e+00,1.079038512242109560e+00,1.331934682578024054e+00,1.054644033856707708e+01,-1.437947121195255917e+01
1.006088908858771225e+00,1.572326019926530760e+00,1.569859279430268817e+00,1.079294512791545424e+00,1.331646682186401698e+00,1.054644033856707708e+01,-1.437947121195255917e+01
1.006479488522382226e+00,1.573101924248816452e+00,1.569552249558300749e+00,1.079062512371247395e+00,1.332598682975456805e+00,1.054644033856707708e+01,-1.437947121195255917e+01
1.005036859553278150e+00,1.572501596025414061e+00,1.569867395448945491e+00,1.079350513556525559e+00,1.332798683267665707e+00,1.054644033856707708e+01,-1.437947121195255917e+01
1.004363877508422931e+00,1.572643522944900507e+00,1.570952047349414293e+00,1.078838512403820671e+00,1.332734683215541782e+00,1.054644033856707708e+01,-1.437947121195255917e+01
1.003953798915433682e+00,1.572953327431401149e+00,1.571036258379403305e+00,1.077974510121362695e+00,1.333790683239707953e+00,1.054644033856707708e+01,-1.437947121195255917e+01
1.005410981700015416e+00,1.572301417795288758e+00,1.571503577498202686e+00,1.077894509833189129e+00,1.333750683237534984e+00,1.054644033856707708e+01,-1.437947121195255917e+01
1.005693012360439731e+00,1.571309583702212853e+00,1.571454922346552596e+00,1.077662509426300819e+00,1.333550683143109872e+00,1.054644033856707708e+01,-1.437947121195255917e+01
1.005233932937648289e+00,1.571359515640845972e+00,1.572065036525111204e+00,1.078246509545409459e+00,1.333958683310150883e+00,1.054644033856707708e+01,-1.437947121195255917e+01
1.004273712272155450e+00,1.570657823233544415e+00,1.571702078243147449e+00,1.077934509468792657e+00,1.333950683297997042e+00,1.054644033856707708e+01,-1.437947121195255917e+01
1.003004673834796634e+00,1.570532952117022374e+00,1.572109192869894478e+00,1.078846509482337623e+00,1.334566683774918383e+00,1.054644033856707708e+01,-1.437947121195255917e+01
1.002725838558681470e+00,1.571298464853481791e+00,1.571540180470071935e+00,1.078326509454411219e+00,1.333726682408767905e+00,1.054644033856707708e+01,-1.437947121195255917e+01
1.003488745542140625e+00,1.571338516690610199e+00,1.572455828707913561e+00,1.078342509457534737e+00,1.334566682847315722e+00,1.054644033856707708e+01,-1.437947121195255917e+01
1.004575001564294467e+00,1.572009022173247228e+00,1.573099169949716769e+00,1.078158509415656940e+00,1.333502680082268688e+00,1.054644033856707708e+01,-1.437947121195255917e+01
1.004495165922594690e+00,1.572072305236866585e+00,1.572539592603440894e+00,1.078478509780004480e+00,1.333886682004146174e+00,1.054644033856707708e+01,-1.437947121195255917e+01
1.005657187337343439e+00,1.571792605558050671e+00,1.572853749515481292e+00,1.078694510052276456e+00,1.334334683289036372e+00,9.888207370331338453e+00,-1.417362432790259952e+01
