1.021079999999999988e+00,1.038959999999999884e+00,1.007959999999999967e+00,1.000000000000000000e+00,1.000000000000000000e+00,1.000000000000000000e+00,1.051795042193689023e+00,1.005151329287554240e+00,9.987285215753384238e-01,1.000000000000000000e+00,1.000000000000000000e+00,1.000000000000000000e+00,1.054503015036859503e+00,9.820990653528092196e-01,9.780069843931052942e-01,9.667846890621104583e-01,9.370216872884534753e-01,9.913916260240598355e-01,1.000000000000000000e+00,1.000000000000000000e+00,1.000000000000000000e+00,1.050533361384519804e+00,1.055834302876743624e+00,1.003889479924406469e+00,1.000000000000000000e+00,1.000000000000000000e+00,1.000000000000000000e+00,1.071743452483189474e+00,1.096653734180775608e+00,1.091290998779337995e+00
1.013279999999999959e+00,1.046359999999999957e+00,9.863600000000000145e-01,1.000000000000000000e+00,1.000000000000000000e+00,1.000000000000000000e+00,1.099345718273558425e+00,1.003950599038739400e+00,1.008317054843954175e+00,1.000000000000000000e+00,1.000000000000000000e+00,1.000000000000000000e+00,1.100600292779777334e+00,9.471039596612036426e-01,9.711817336694686942e-01,9.537898920642665646e-01,8.873466417601163503e-01,9.966635619139282420e-01,1.000000000000000000e+00,1.000000000000000000e+00,1.000000000000000000e+00,1.120271129257326637e+00,1.127692079544879489e+00,1.000610734934786805e+00,1.000000000000000000e+00,1.000000000000000000e+00,1.000000000000000000e+00,1.174803239812255873e+00,1.201791111094952846e+00,1.201587354969795518e+00
9.687199999999999145e-01,1.017919999999999936e+00,9.434799999999999853e-01,1.000000000000000000e+00,1.000000000000000000e+00,1.000000000000000000e+00,1.139360816643484320e+00,1.001969197526427102e+00,1.031728088430937440e+00,1.000000000000000000e+00,1.000000000000000000e+00,1.000000000000000000e+00,1.123940180795245380e+00,9.221942177183883871e-01,9.712022567671237949e-01,9.587791621612169468e-01,8.711254363678302415e-01,1.004431979143621589e+00,1.000000000000000000e+00,1.000000000000000000e+00,1.000000000000000000e+00,1.221032594654769987e+00,1.212163438277279015e+00,9.973281514438370188e-01,1.000000000000000000e+00,1.000000000000000000e+00,1.000000000000000000e+00,1.306363347538216368e+00,1.307738087207565902e+00,1.317109855161372689e+00
8.851999999999998758e-01,9.473199999999999399e-01,8.857999999999999208e-01,1.000000000000000000e+00,1.000000000000000000e+00,1.000000000000000000e+00,1.164556691749447426e+00,1.014768905133833554e+00,1.060751729011816691e+00,1.000000000000000000e+00,1.000000000000000000e+00,1.000000000000000000e+00,1.161032847080792685e+00,8.935769682850067674e-01,9.716735772241698044e-01,9.890122451060233688e-01,9.066433043130051050e-01,1.030303552161374148e+00,1.000000000000000000e+00,1.000000000000000000e+00,1.000000000000000000e+00,1.355660082080306639e+00,1.292823676193234794e+00,1.014364725396232458e+00,1.000000000000000000e+00,1.000000000000000000e+00,1.000000000000000000e+00,1.427062005972048020e+00,1.403554829025128292e+00,1.436324388688158926e+00
7.675599999999997980e-01,8.417599999999999527e-01,8.249199999999998756e-01,1.000000000000000000e+00,1.000000000000000000e+00,1.000000000000000000e+00,1.169544803529996235e+00,1.047115950178294952e+00,1.092762163012523269e+00,1.000000000000000000e+00,1.000000000000000000e+00,1.000000000000000000e+00,1.176659436951514204e+00,8.839009591049361569e-01,9.991011942566156989e-01,1.058280696349707339e+00,9.826784425421025704e-01,1.063899567999553764e+00,1.000000000000000000e+00,1.000000000000000000e+00,1.000000000000000000e+00,1.496120693273395919e+00,1.369283769749958690e+00,1.040841183144626925e+00,1.000000000000000000e+00,1.000000000000000000e+00,1.000000000000000000e+00,1.522028008722246195e+00,1.474040600586486116e+00,1.528917258186018424e+00
6.480399999999997274e-01,7.230799999999999450e-01,7.536799999999999056e-01,1.000000000000000000e+00,1.000000000000000000e+00,1.000000000000000000e+00,1.153359710726181042e+00,1.099301985358069000e+00,1.135593980714065587e+00,1.000000000000000000e+00,1.000000000000000000e+00,1.000000000000000000e+00,1.198085609246106520e+00,9.183367762088292530e-01,1.012195115153480263e+00,1.135847290601164516e+00,1.078246185299611470e+00,1.124830676520327755e+00,1.000000000000000000e+00,1.000000000000000000e+00,1.000000000000000000e+00,1.591012155186053212e+00,1.415047159424805967e+00,1.065377592936894713e+00,1.000000000000000000e+00,1.000000000000000000e+00,1.000000000000000000e+00,1.573106436728244795e+00,1.519036622408991510e+00,1.578211317373604317e+00
5.441999999999997950e-01,6.252799999999999470e-01,6.936399999999999233e-01,1.000000000000000000e+00,1.000000000000000000e+00,1.000000000000000000e+00,1.132283662363239740e+00,1.194723653035089317e+00,1.185598290318186088e+00,1.000000000000000000e+00,1.000000000000000000e+00,1.000000000000000000e+00,1.219033297040329922e+00,1.002225722238068606e+00,1.011378386313467104e+00,1.237553788842918001e+00,1.160974148429784192e+00,1.195439821839423544e+00,1.000000000000000000e+00,1.000000000000000000e+00,1.000000000000000000e+00,1.633604949329300338e+00,1.445923126482296261e+00,1.088322609732890633e+00,1.000000000000000000e+00,1.000000000000000000e+00,1.000000000000000000e+00,1.594824768292158579e+00,1.540732535934181024e+00,1.618066512570681237e+00
4.695599999999997554e-01,5.559600000000000097e-01,6.615999999999999659e-01,1.000000000000000000e+00,1.000000000000000000e+00,1.000000000000000000e+00,1.098760583925268097e+00,1.287660254578524288e+00,1.267288148410751436e+00,1.000000000000000000e+00,1.000000000000000000e+00,1.000000000000000000e+00,1.240444654602037788e+00,1.078368403046597646e+00,1.035217757339794487e+00,1.336898288077901897e+00,1.237704585787491762e+00,1.273440389507194626e+00,1.000000000000000000e+00,1.000000000000000000e+00,1.000000000000000000e+00,1.630357908612067863e+00,1.461780823239209326e+00,1.127957470250215311e+00,1.000000000000000000e+00,1.000000000000000000e+00,1.000000000000000000e+00,1.618322259155985376e+00,1.560115079325518073e+00,1.642900228274212893e+00
4.303199999999997583e-01,5.079599999999999671e-01,6.454400000000000137e-01,1.000000000000000000e+00,1.000000000000000000e+00,1.000000000000000000e+00,1.077515033667616251e+00,1.371903744927821966e+00,1.353882153185662407e+00,1.000000000000000000e+00,1.000000000000000000e+00,1.000000000000000000e+00,1.252084826131148576e+00,1.175247671780751846e+00,1.061351436753602773e+00,1.408218973013007913e+00,1.314797525848088178e+00,1.355236682756737920e+00,1.000000000000000000e+00,1.000000000000000000e+00,1.000000000000000000e+00,1.600821846008644966e+00,1.473890044781350994e+00,1.182063980748208509e+00,1.000000000000000000e+00,1.000000000000000000e+00,1.000000000000000000e+00,1.633314507551197003e+00,1.581166345388039352e+00,1.669896666067922864e+00
4.123199999999997423e-01,4.951599999999999890e-01,6.488000000000000433e-01,1.000000000000000000e+00,1.000000000000000000e+00,1.000000000000000000e+00,1.023734793915731967e+00,1.424916275206532301e+00,1.443872507509355696e+00,1.000000000000000000e+00,1.000000000000000000e+00,1.000000000000000000e+00,1.315712722662228940e+00,1.241228133982377191e+00,1.052120246582906926e+00,1.467370943357213964e+00,1.376207963543217394e+00,1.429087518901676290e+00,1.000000000000000000e+00,1.000000000000000000e+00,1.000000000000000000e+00,1.556220612982208040e+00,1.478600803161792765e+00,1.252639347715656770e+00,1.000000000000000000e+00,1.000000000000000000e+00,1.000000000000000000e+00,1.640516496054391871e+00,1.646611303170479212e+00,1.670976380871628919e+00
4.140799999999997261e-01,4.927199999999999913e-01,6.577600000000000113e-01,1.000000000000000000e+00,1.000000000000000000e+00,1.000000000000000000e+00,1.017167130729853985e+00,1.431658978092697376e+00,1.500647783049812167e+00,1.000000000000000000e+00,1.000000000000000000e+00,1.000000000000000000e+00,1.348322247714804467e+00,1.310120160047203886e+00,1.039926141985983765e+00,1.520731598338197488e+00,1.430245228699988935e+00,1.499917704955209263e+00,1.000000000000000000e+00,1.000000000000000000e+00,1.000000000000000000e+00,1.530384282366327398e+00,1.469917671598717002e+00,1.293338768611242973e+00,1.000000000000000000e+00,1.000000000000000000e+00,1.000000000000000000e+00,1.667092909203500728e+00,1.655063476254753141e+00,1.697545516975654145e+00
4.241999999999997439e-01,5.095600000000000129e-01,6.733599999999999586e-01,1.000000000000000000e+00,1.000000000000000000e+00,1.000000000000000000e+00,9.855458503904330758e-01,1.425239923497437111e+00,1.549547057574518050e+00,1.000000000000000000e+00,1.000000000000000000e+00,1.000000000000000000e+00,1.376606092902132428e+00,1.337778850369543582e+00,1.035583425897937948e+00,1.570748153771302835e+00,1.475685714016080174e+00,1.549853129100462024e+00,1.000000000000000000e+00,1.000000000000000000e+00,1.000000000000000000e+00,1.494000609025782467e+00,1.465566395888583839e+00,1.332447799725052784e+00,1.000000000000000000e+00,1.000000000000000000e+00,1.000000000000000000e+00,1.690004413231795954e+00,1.661629466222250162e+00,1.720661942265145017e+00
4.357199999999997186e-01,5.254800000000000582e-01,6.911199999999999566e-01,1.000000000000000000e+00,1.000000000000000000e+00,1.000000000000000000e+00,9.883180511866950235e-01,1.416235405407669568e+00,1.573172877388110402e+00,1.000000000000000000e+00,1.000000000000000000e+00,1.000000000000000000e+00,1.429066589996547565e+00,1.349645123827041715e+00,1.009821653207870984e+00,1.600316103742124074e+00,1.515589968566456003e+00,1.601358680627402942e+00,1.000000000000000000e+00,1.000000000000000000e+00,1.000000000000000000e+00,1.462287121709457516e+00,1.454617387732508593e+00,1.364973337165390932e+00,1.000000000000000000e+00,1.000000000000000000e+00,1.000000000000000000e+00,1.719203586969519026e+00,1.668915896597435111e+00,1.726280997789671146e+00
4.480399999999997163e-01,5.457200000000000939e-01,7.110400000000000054e-01,1.000000000000000000e+00,1.000000000000000000e+00,1.000000000000000000e+00,9.518067654694013502e-01,1.403663031407679895e+00,1.602335047324465078e+00,1.000000000000000000e+00,1.000000000000000000e+00,1.000000000000000000e+00,1.403660271273862392e+00,1.349230899971769482e+00,1.045117694646209294e+00,1.634839825761308152e+00,1.549607699735826127e+00,1.642757079509555629e+00,1.000000000000000000e+00,1.000000000000000000e+00,1.000000000000000000e+00,1.427147822438020075e+00,1.431568701733991311e+00,1.400562179182618383e+00,1.000000000000000000e+00,1.000000000000000000e+00,1.000000000000000000e+00,1.750733950294273145e+00,1.680228922277239079e+00,1.718317624136059818e+00
4.635599999999996945e-01,5.636000000000001009e-01,7.256799999999999917e-01,1.000000000000000000e+00,1.000000000000000000e+00,1.000000000000000000e+00,9.259327422647269934e-01,1.401231897081307576e+00,1.597564232917977112e+00,1.000000000000000000e+00,1.000000000000000000e+00,1.000000000000000000e+00,1.434831623848398907e+00,1.361745115329241473e+00,1.022213393662197989e+00,1.657308280108832355e+00,1.583857551530905239e+00,1.687547013654650208e+00,1.000000000000000000e+00,1.000000000000000000e+00,1.000000000000000000e+00,1.403851351169531414e+00,1.412328994391313319e+00,1.421451056296414217e+00,1.000000000000000000e+00,1.000000000000000000e+00,1.000000000000000000e+00,1.787413906287361742e+00,1.687495375067482817e+00,1.705140626324249009e+00
4.775599999999997070e-01,5.827200000000001268e-01,7.399999999999999911e-01,1.000000000000000000e+00,1.000000000000000000e+00,1.000000000000000000e+00,9.129716110644520155e-01,1.395018630638297230e+00,1.614681307603047733e+00,1.000000000000000000e+00,1.000000000000000000e+00,1.000000000000000000e+00,1.449388179698148482e+00,1.359249782762280256e+00,1.032057195507233294e+00,1.685378259766627362e+00,1.618713931118153093e+00,1.724976130125870810e+00,1.000000000000000000e+00,1.000000000000000000e+00,1.000000000000000000e+00,1.375449403742744492e+00,1.390722733980114700e+00,1.440618449239263743e+00,1.000000000000000000e+00,1.000000000000000000e+00,1.000000000000000000e+00,1.861447938121284507e+00,1.656294042684575363e+00,1.687029080517323365e+00
4.881199999999997208e-01,6.026000000000001355e-01,7.560000000000000053e-01,1.000000000000000000e+00,1.000000000000000000e+00,1.000000000000000000e+00,9.158822383283607982e-01,1.385097729561112878e+00,1.617773068407335257e+00,1.000000000000000000e+00,1.000000000000000000e+00,1.000000000000000000e+00,1.466461436838864207e+00,1.361949566424315083e+00,1.015243607998975506e+00,1.704928643179047798e+00,1.645201258022790824e+00,1.760832353996363508e+00,1.000000000000000000e+00,1.000000000000000000e+00,1.000000000000000000e+00,1.352051834708302147e+00,1.379298971856175227e+00,1.454865908711421074e+00,1.000000000000000000e+00,1.000000000000000000e+00,1.000000000000000000e+00,1.880211105385383163e+00,1.688184987963309069e+00,1.662471858140394998e+00
4.972399999999997378e-01,6.278400000000001757e-01,7.743600000000000483e-01,1.000000000000000000e+00,1.000000000000000000e+00,1.000000000000000000e+00,8.969507236371263570e-01,1.375311728903820807e+00,1.625106166700171384e+00,1.000000000000000000e+00,1.000000000000000000e+00,1.000000000000000000e+00,1.440466826159634062e+00,1.374722223867085535e+00,1.039242870342777403e+00,1.725603740754008131e+00,1.668812235861910853e+00,1.791247018469813934e+00,1.000000000000000000e+00,1.000000000000000000e+00,1.000000000000000000e+00,1.322634827416889536e+00,1.362874008120271263e+00,1.478558533632238658e+00,1.000000000000000000e+00,1.000000000000000000e+00,1.000000000000000000e+00,1.868449267567316996e+00,1.684217980276553339e+00,1.702735199191223625e+00
5.040799999999997505e-01,6.437600000000001099e-01,7.892800000000000926e-01,1.000000000000000000e+00,1.000000000000000000e+00,1.000000000000000000e+00,9.058261281224364581e-01,1.368133981263617294e+00,1.618862343094348955e+00,1.000000000000000000e+00,1.000000000000000000e+00,1.000000000000000000e+00,1.464499161882735212e+00,1.371099717874742385e+00,1.029926745877872474e+00,1.743068939365313152e+00,1.694654914505278054e+00,1.826724748719942504e+00,1.000000000000000000e+00,1.000000000000000000e+00,1.000000000000000000e+00,1.312991473984062907e+00,1.337072712543627029e+00,1.496531442001766132e+00,1.000000000000000000e+00,1.000000000000000000e+00,1.000000000000000000e+00,1.897574999329112444e+00,1.667986794384354265e+00,1.711908593575315551e+00
5.118799999999997796e-01,6.703200000000001380e-01,8.002800000000001024e-01,1.000000000000000000e+00,1.000000000000000000e+00,1.000000000000000000e+00,8.885290884173637771e-01,1.356053610857726799e+00,1.629418358387223487e+00,1.000000000000000000e+00,1.000000000000000000e+00,1.000000000000000000e+00,1.446032001816266233e+00,1.388095672484340515e+00,1.038362693635297207e+00,1.755997731052597377e+00,1.715516798877410265e+00,1.856370965179868326e+00,1.000000000000000000e+00,1.000000000000000000e+00,1.000000000000000000e+00,1.297632970326589641e+00,1.323506868627440491e+00,1.505877984367641309e+00,1.000000000000000000e+00,1.000000000000000000e+00,1.000000000000000000e+00,1.851905207557943855e+00,1.764256320730762440e+00,1.678961980394695575e+00
5.254799999999997251e-01,6.876000000000001000e-01,8.207600000000000451e-01,1.000000000000000000e+00,1.000000000000000000e+00,1.000000000000000000e+00,8.849114401426760868e-01,1.347982550354370757e+00,1.636402734632063094e+00,1.000000000000000000e+00,1.000000000000000000e+00,1.000000000000000000e+00,1.465814670957486410e+00,1.380712904983288691e+00,1.033097506995075632e+00,1.769203181825949267e+00,1.741498942252199145e+00,1.876260886786886850e+00,1.000000000000000000e+00,1.000000000000000000e+00,1.000000000000000000e+00,1.287603830039042441e+00,1.311469575057860659e+00,1.514780935799897810e+00,1.000000000000000000e+00,1.000000000000000000e+00,1.000000000000000000e+00,1.946355257145967910e+00,1.650411252709923504e+00,1.714436563273446623e+00
5.290799999999997727e-01,7.042000000000000481e-01,8.283599999999999852e-01,1.000000000000000000e+00,1.000000000000000000e+00,1.000000000000000000e+00,8.767459189223338889e-01,1.349625164003147804e+00,1.634821312941392657e+00,1.000000000000000000e+00,1.000000000000000000e+00,1.000000000000000000e+00,1.474067600492844132e+00,1.378025578166941711e+00,1.034575761883566258e+00,1.787121556176383574e+00,1.758021136506521032e+00,1.901548009376087256e+00,1.000000000000000000e+00,1.000000000000000000e+00,1.000000000000000000e+00,1.274142910079902880e+00,1.301632700655048325e+00,1.523708051862975088e+00,1.000000000000000000e+00,1.000000000000000000e+00,1.000000000000000000e+00,1.987645136995246808e+00,1.685506721479540282e+00,1.656586137188267749e+00
5.353599999999997250e-01,7.238400000000000389e-01,8.405199999999999338e-01,1.000000000000000000e+00,1.000000000000000000e+00,1.000000000000000000e+00,8.696951919656610297e-01,1.344270740730753255e+00,1.637848221700295870e+00,1.000000000000000000e+00,1.000000000000000000e+00,1.000000000000000000e+00,1.491716486001666508e+00,1.378938389896344763e+00,1.021285419982046250e+00,1.795336763828585092e+00,1.775339876834144848e+00,1.920590901684954055e+00,1.000000000000000000e+00,1.000000000000000000e+00,1.000000000000000000e+00,1.254434986661725482e+00,1.285504683982457319e+00,1.548583071331691929e+00,1.000000000000000000e+00,1.000000000000000000e+00,1.000000000000000000e+00,2.035267120619585590e+00,1.738216489547587784e+00,1.568482427192732898e+00
5.395999999999997465e-01,7.365600000000001035e-01,8.469599999999999351e-01,1.000000000000000000e+00,1.000000000000000000e+00,1.000000000000000000e+00,8.573061745032199976e-01,1.351154142479102926e+00,1.639620596457199264e+00,1.000000000000000000e+00,1.000000000000000000e+00,1.000000000000000000e+00,1.473753469129034599e+00,1.380914912051892651e+00,1.040608077599518788e+00,1.808554934312090579e+00,1.790203246796008285e+00,1.949276216047775456e+00,1.000000000000000000e+00,1.000000000000000000e+00,1.000000000000000000e+00,1.249593916501348101e+00,1.279645035396560715e+00,1.547987462108748380e+00,1.000000000000000000e+00,1.000000000000000000e+00,1.000000000000000000e+00,1.937934445249946736e+00,1.856289928705142422e+00,1.559254668873708116e+00
5.407999999999997254e-01,7.463200000000000944e-01,8.591599999999999238e-01,1.000000000000000000e+00,1.000000000000000000e+00,1.000000000000000000e+00,8.636436115820220749e-01,1.347754115064891733e+00,1.635559347058039625e+00,1.000000000000000000e+00,1.000000000000000000e+00,1.000000000000000000e+00,1.443586413784107902e+00,1.396542481111969991e+00,1.056809341029966598e+00,1.819558745810293532e+00,1.810342827662574150e+00,1.963876419851339872e+00,1.000000000000000000e+00,1.000000000000000000e+00,1.000000000000000000e+00,1.237172811988626497e+00,1.276729584477464430e+00,1.555867140183419650e+00,1.000000000000000000e+00,1.000000000000000000e+00,1.000000000000000000e+00,1.863158126924602254e+00,1.888548701693641307e+00,1.615756966700188535e+00
5.449199999999997379e-01,7.570800000000000862e-01,8.683599999999999097e-01,1.000000000000000000e+00,1.000000000000000000e+00,1.000000000000000000e+00,8.838390420535502390e-01,1.349757191236204079e+00,1.619860565664908547e+00,1.000000000000000000e+00,1.000000000000000000e+00,1.000000000000000000e+00,1.461059342152071006e+00,1.397657959491792168e+00,1.041426116785375333e+00,1.822970333279632094e+00,1.826474402609794767e+00,1.982838799435030719e+00,1.000000000000000000e+00,1.000000000000000000e+00,1.000000000000000000e+00,1.240805056009430363e+00,1.264779717376686152e+00,1.559059439647216383e+00,1.000000000000000000e+00,1.000000000000000000e+00,1.000000000000000000e+00,1.912591061124464753e+00,1.820432511562570133e+00,1.647363018425454628e+00
5.461599999999997568e-01,7.705600000000001337e-01,8.781199999999999006e-01,1.000000000000000000e+00,1.000000000000000000e+00,1.000000000000000000e+00,8.728351999405637995e-01,1.347283518481508624e+00,1.627574303083428875e+00,1.000000000000000000e+00,1.000000000000000000e+00,1.000000000000000000e+00,1.447988537413093857e+00,1.404420714370334222e+00,1.049030201303313481e+00,1.832839829429691703e+00,1.835124276983074676e+00,1.992759352019503716e+00,1.000000000000000000e+00,1.000000000000000000e+00,1.000000000000000000e+00,1.235922661030278480e+00,1.261917527020451457e+00,1.556570625343530745e+00,1.000000000000000000e+00,1.000000000000000000e+00,1.000000000000000000e+00,1.962823210992114875e+00,1.741618081349360248e+00,1.688751258923909537e+00
5.517599999999998062e-01,7.782400000000001539e-01,8.835999999999999410e-01,1.000000000000000000e+00,1.000000000000000000e+00,1.000000000000000000e+00,8.759929246376827461e-01,1.348179743487264881e+00,1.629643559264411401e+00,1.000000000000000000e+00,1.000000000000000000e+00,1.000000000000000000e+00,1.452261739069127255e+00,1.405363723787438790e+00,1.053855346291016959e+00,1.842104945891916534e+00,1.851810421746984181e+00,2.015279953335615382e+00,1.000000000000000000e+00,1.000000000000000000e+00,1.000000000000000000e+00,1.226972647918064929e+00,1.263443578080073237e+00,1.549460968863201726e+00,1.000000000000000000e+00,1.000000000000000000e+00,1.000000000000000000e+00,1.458055712501289847e+00,1.874804733406020052e+00,2.069366782025098495e+00
5.544399999999998219e-01,7.834000000000002073e-01,8.945199999999999818e-01,1.000000000000000000e+00,1.000000000000000000e+00,1.000000000000000000e+00,8.732302314138903343e-01,1.348187310747326562e+00,1.619725643005937687e+00,1.000000000000000000e+00,1.000000000000000000e+00,1.000000000000000000e+00,1.452751239377524817e+00,1.388344006987785484e+00,1.061125760232249027e+00,1.855905412393450193e+00,1.860090148401012833e+00,2.027521473712994737e+00,1.000000000000000000e+00,1.000000000000000000e+00,1.000000000000000000e+00,1.204573564792422946e+00,1.259804403646962223e+00,1.568996899486250207e+00,1.000000000000000000e+00,1.000000000000000000e+00,1.000000000000000000e+00,1.168629990309288713e+00,2.171039477787406025e+00,2.075778090524746489e+00
5.632399999999998519e-01,7.946800000000002751e-01,8.969599999999999795e-01,1.000000000000000000e+00,1.000000000000000000e+00,1.000000000000000000e+00,8.813421466568291951e-01,1.345824288724647655e+00,1.616896160477412359e+00,1.000000000000000000e+00,1.000000000000000000e+00,1.000000000000000000e+00,1.448161225627070614e+00,1.383150022452617867e+00,1.076019318485983645e+00,1.859983422118540952e+00,1.873179043010438471e+00,2.044403614145414938e+00,1.000000000000000000e+00,1.000000000000000000e+00,1.000000000000000000e+00,1.198338797706355097e+00,1.260941307617849283e+00,1.569874486484124754e+00,1.000000000000000000e+00,1.000000000000000000e+00,1.000000000000000000e+00,1.231906113309143569e+00,2.298258966313642571e+00,1.895613450243703202e+00
5.713999999999999080e-01,8.040000000000002700e-01,9.065600000000000325e-01,1.000000000000000000e+00,1.000000000000000000e+00,1.000000000000000000e+00,8.821862353862124362e-01,1.350945687143904284e+00,1.613710865826753160e+00,1.000000000000000000e+00,1.000000000000000000e+00,1.000000000000000000e+00,1.443804846950657694e+00,1.385105169786664758e+00,1.085878388137093919e+00,1.870601590331962605e+00,1.885416843341040316e+00,2.054848030606748033e+00,1.000000000000000000e+00,1.000000000000000000e+00,1.000000000000000000e+00,1.199123449272605946e+00,1.256388220004695855e+00,1.567936890844161768e+00,1.000000000000000000e+00,1.000000000000000000e+00,1.000000000000000000e+00,1.431653957425399248e+00,2.040942677802632055e+00,1.958334748171739692e+00
5.785199999999999232e-01,8.121200000000002861e-01,9.127600000000000158e-01,1.000000000000000000e+00,1.000000000000000000e+00,1.000000000000000000e+00,8.844001940543725349e-01,1.345039821645912514e+00,1.615374357869295840e+00,1.000000000000000000e+00,1.000000000000000000e+00,1.000000000000000000e+00,1.442786207906253670e+00,1.380766766806924339e+00,1.089879679890001674e+00,1.875240081264778036e+00,1.894000807727996394e+00,2.063214610174513020e+00,1.000000000000000000e+00,1.000000000000000000e+00,1.000000000000000000e+00,1.201215091860758921e+00,1.261003319375296972e+00,1.560895479195115287e+00,1.000000000000000000e+00,1.000000000000000000e+00,1.000000000000000000e+00,1.896390786027791098e+00,1.845087427239438194e+00,1.697015743126414122e+00
5.765999999999998904e-01,8.168000000000003036e-01,9.220000000000000417e-01,1.000000000000000000e+00,1.000000000000000000e+00,1.000000000000000000e+00,8.949096299091927609e-01,1.346589430567858292e+00,1.608067474816363251e+00,1.000000000000000000e+00,1.000000000000000000e+00,1.000000000000000000e+00,1.456029202026373426e+00,1.381764443738634496e+00,1.076777829612275639e+00,1.882599310433682227e+00,1.902851189220375883e+00,2.080633869109101752e+00,1.000000000000000000e+00,1.000000000000000000e+00,1.000000000000000000e+00,1.188884157440764033e+00,1.259668003536386971e+00,1.568757521224507068e+00,1.000000000000000000e+00,1.000000000000000000e+00,1.000000000000000000e+00,2.239876929271669148e+00,1.757523748185416013e+00,1.448695116143035921e+00
5.819999999999998508e-01,8.229200000000003179e-01,9.348000000000000753e-01,1.000000000000000000e+00,1.000000000000000000e+00,1.000000000000000000e+00,8.881067187209934488e-01,1.352046736111758740e+00,1.609577232777054112e+00,1.000000000000000000e+00,1.000000000000000000e+00,1.000000000000000000e+00,1.453693861498128737e+00,1.389088227795896691e+00,1.078312103974721659e+00,1.894109165457697141e+00,1.908222269711464580e+00,2.087676555876294415e+00,1.000000000000000000e+00,1.000000000000000000e+00,1.000000000000000000e+00,1.189531910138014847e+00,1.256057404642572983e+00,1.569306002579271553e+00,1.000000000000000000e+00,1.000000000000000000e+00,1.000000000000000000e+00,1.858911280145606915e+00,2.032715071851584288e+00,1.559531134830664856e+00
5.816399999999998238e-01,8.262800000000003475e-01,9.341600000000001014e-01,1.000000000000000000e+00,1.000000000000000000e+00,1.000000000000000000e+00,8.834285912317731970e-01,1.352273655299891519e+00,1.612028988924576245e+00,1.000000000000000000e+00,1.000000000000000000e+00,1.000000000000000000e+00,1.430003081752828864e+00,1.397393444859774458e+00,1.090308606884004661e+00,1.897800340564153920e+00,1.914568301444555365e+00,2.098523344544184877e+00,1.000000000000000000e+00,1.000000000000000000e+00,1.000000000000000000e+00,1.185084659400868157e+00,1.260245032077779603e+00,1.566530724678265374e+00,1.000000000000000000e+00,1.000000000000000000e+00,1.000000000000000000e+00,1.674846847028407915e+00,2.189073587404841703e+00,1.594260080606237251e+00
5.839999999999998526e-01,8.229200000000003179e-01,9.410800000000001386e-01,1.000000000000000000e+00,1.000000000000000000e+00,1.000000000000000000e+00,8.880884119536012200e-01,1.350071890928036700e+00,1.613351193311592047e+00,1.000000000000000000e+00,1.000000000000000000e+00,1.000000000000000000e+00,1.434145334991300702e+00,1.396908970797875238e+00,1.087265501413458901e+00,1.898354957068835613e+00,1.929384804182234125e+00,2.103809883954042004e+00,1.000000000000000000e+00,1.000000000000000000e+00,1.000000000000000000e+00,1.180976603929661195e+00,1.253650515033866375e+00,1.575117730216907264e+00,1.000000000000000000e+00,1.000000000000000000e+00,1.000000000000000000e+00,7.950866497662643084e-01,2.280102307243059290e+00,2.393141990485274206e+00
5.841999999999998305e-01,8.318800000000002859e-01,9.417600000000001526e-01,1.000000000000000000e+00,1.000000000000000000e+00,1.000000000000000000e+00,8.829019442153203112e-01,1.355146962873807537e+00,1.607290576066721544e+00,1.000000000000000000e+00,1.000000000000000000e+00,1.000000000000000000e+00,1.430327528899208556e+00,1.410286737508706034e+00,1.084349228888386918e+00,1.912669226569520209e+00,1.932842782255392411e+00,2.117144508830588023e+00,1.000000000000000000e+00,1.000000000000000000e+00,1.000000000000000000e+00,1.176150806221804013e+00,1.253497118394288234e+00,1.572739884553642220e+00,1.000000000000000000e+00,1.000000000000000000e+00,1.000000000000000000e+00,6.895523067299736963e-01,2.785555852506868657e+00,1.995616432183632494e+00
5.865199999999998193e-01,8.362400000000003164e-01,9.485600000000001808e-01,1.000000000000000000e+00,1.000000000000000000e+00,1.000000000000000000e+00,8.863545164189464698e-01,1.347429910682207188e+00,1.610276506239837424e+00,1.000000000000000000e+00,1.000000000000000000e+00,1.000000000000000000e+00,1.442098770608238656e+00,1.392983001392604558e+00,1.088036528004850290e+00,1.908615002294932639e+00,1.940185311363801013e+00,2.124030815789487381e+00,1.000000000000000000e+00,1.000000000000000000e+00,1.000000000000000000e+00,1.188524391627802768e+00,1.253130440390785694e+00,1.560100323416673929e+00,1.000000000000000000e+00,1.000000000000000000e+00,1.000000000000000000e+00,2.904746826924106129e-01,2.287488356585894778e+00,2.899836360217647346e+00
5.815599999999998548e-01,8.414800000000003388e-01,9.533200000000001673e-01,1.000000000000000000e+00,1.000000000000000000e+00,1.000000000000000000e+00,8.909344174624507229e-01,1.353498334243252721e+00,1.608348019835717624e+00,1.000000000000000000e+00,1.000000000000000000e+00,1.000000000000000000e+00,1.444731657673279157e+00,1.389034062989269458e+00,1.095507978900387203e+00,1.916349805967889619e+00,1.942617506316027143e+00,2.127554942000132510e+00,1.000000000000000000e+00,1.000000000000000000e+00,1.000000000000000000e+00,1.184953111141448856e+00,1.244564447403026408e+00,1.570253903025504938e+00,1.000000000000000000e+00,1.000000000000000000e+00,1.000000000000000000e+00,1.103562434826646510e-01,2.344171616716395512e+00,3.027530372613015608e+00
5.866399999999998283e-01,8.494000000000003769e-01,9.612400000000002054e-01,1.000000000000000000e+00,1.000000000000000000e+00,1.000000000000000000e+00,8.844422179979741783e-01,1.351121228964572873e+00,1.600376015604946467e+00,1.000000000000000000e+00,1.000000000000000000e+00,1.000000000000000000e+00,1.434642108430379759e+00,1.390377509700753800e+00,1.103976891203682031e+00,1.927038019336370089e+00,1.946244610159272304e+00,2.135846521666961095e+00,1.000000000000000000e+00,1.000000000000000000e+00,1.000000000000000000e+00,1.178934050396827304e+00,1.243211465596794962e+00,1.577000924952318250e+00,1.000000000000000000e+00,1.000000000000000000e+00,1.000000000000000000e+00,5.765255573302132674e-01,2.201981071352841823e+00,2.707228791281492519e+00
5.904399999999998538e-01,8.491600000000003590e-01,9.622800000000002463e-01,1.000000000000000000e+00,1.000000000000000000e+00,1.000000000000000000e+00,8.977656032946087494e-01,1.353164969223356939e+00,1.589659309388212538e+00,1.000000000000000000e+00,1.000000000000000000e+00,1.000000000000000000e+00,1.435258414879459377e+00,1.398984199007060614e+00,1.101894485678128977e+00,1.929293045050204825e+00,1.947439254666635922e+00,2.145782909582773623e+00,1.000000000000000000e+00,1.000000000000000000e+00,1.000000000000000000e+00,1.192421776488316043e+00,1.235377419411483935e+00,1.566749985983806326e+00,1.000000000000000000e+00,1.000000000000000000e+00,1.000000000000000000e+00,2.888478120073374900e+00,1.599311564467152502e+00,9.995172779449612577e-01
5.910799999999998278e-01,8.516800000000003257e-01,9.643600000000002170e-01,1.000000000000000000e+00,1.000000000000000000e+00,1.000000000000000000e+00,9.038367459513949598e-01,1.339072388472232644e+00,1.592962569809819540e+00,1.000000000000000000e+00,1.000000000000000000e+00,1.000000000000000000e+00,1.436549198887725920e+00,1.394775714120471299e+00,1.103466073746714571e+00,1.932478328354479302e+00,1.952859458915445545e+00,2.155392292881432859e+00,1.000000000000000000e+00,1.000000000000000000e+00,1.000000000000000000e+00,1.184616503196178838e+00,1.240135451171876957e+00,1.567552749098449549e+00,1.000000000000000000e+00,1.000000000000000000e+00,1.000000000000000000e+00,2.035120759705851157e+00,1.676336294347129163e+00,1.784829055644397755e+00
5.891199999999998660e-01,8.492400000000003280e-01,9.728800000000001891e-01,1.000000000000000000e+00,1.000000000000000000e+00,1.000000000000000000e+00,9.140499041209433351e-01,1.341600898648705575e+00,1.594001934449741809e+00,1.000000000000000000e+00,1.000000000000000000e+00,1.000000000000000000e+00,1.431865247100561955e+00,1.403484835101145300e+00,1.104068210476649714e+00,1.937431005453851940e+00,1.956198517540216120e+00,2.155432334925449389e+00,1.000000000000000000e+00,1.000000000000000000e+00,1.000000000000000000e+00,1.175234919591570559e+00,1.235062965110653277e+00,1.577353034269971754e+00,1.000000000000000000e+00,1.000000000000000000e+00,1.000000000000000000e+00,1.229282103330530340e+00,1.604625008858572510e+00,2.669499459855877443e+00
5.953599999999998893e-01,8.529600000000003845e-01,9.774000000000001576e-01,1.000000000000000000e+00,1.000000000000000000e+00,1.000000000000000000e+00,9.053482548110056705e-01,1.344404351231392791e+00,1.594905219607266833e+00,1.000000000000000000e+00,1.000000000000000000e+00,1.000000000000000000e+00,1.418971905240824949e+00,1.405079417692923993e+00,1.111854563183209743e+00,1.935273983553186916e+00,1.960804990613160159e+00,2.165081808293225496e+00,1.000000000000000000e+00,1.000000000000000000e+00,1.000000000000000000e+00,1.182181429058004385e+00,1.233702167481548706e+00,1.571426988636623001e+00,1.000000000000000000e+00,1.000000000000000000e+00,1.000000000000000000e+00,6.919806925888449811e-01,1.982990091414734035e+00,2.834042179232534320e+00
5.926399999999998336e-01,8.550000000000004263e-01,9.812000000000001831e-01,1.000000000000000000e+00,1.000000000000000000e+00,1.000000000000000000e+00,9.053085355962526837e-01,1.348597969804937735e+00,1.599598327108545437e+00,1.000000000000000000e+00,1.000000000000000000e+00,1.000000000000000000e+00,1.432819103060469779e+00,1.404117495954827488e+00,1.101189168835076115e+00,1.934636154635699157e+00,1.962201962435818237e+00,2.173014692393688385e+00,1.000000000000000000e+00,1.000000000000000000e+00,1.000000000000000000e+00,1.179445725241009546e+00,1.240878484665902448e+00,1.567275909811156831e+00,1.000000000000000000e+00,1.000000000000000000e+00,1.000000000000000000e+00,1.609936448150087518e+00,1.422610446583408628e+00,2.479024160091613638e+00
5.864799999999998903e-01,8.545200000000003904e-01,9.840000000000002078e-01,1.000000000000000000e+00,1.000000000000000000e+00,1.000000000000000000e+00,8.992511505633475899e-01,1.350058110884531759e+00,1.593340327733000272e+00,1.000000000000000000e+00,1.000000000000000000e+00,1.000000000000000000e+00,1.417531431748248139e+00,1.400350081729647256e+00,1.117394786382775562e+00,1.942605854761839668e+00,1.969186508700761618e+00,2.174656920515340541e+00,1.000000000000000000e+00,1.000000000000000000e+00,1.000000000000000000e+00,1.179879170046829628e+00,1.240740505614720268e+00,1.565616044193229417e+00,1.000000000000000000e+00,1.000000000000000000e+00,1.000000000000000000e+00,1.865000333268545196e+00,1.704240240571930576e+00,1.943864087703273125e+00
5.891199999999998660e-01,8.578000000000003400e-01,9.883600000000002384e-01,1.000000000000000000e+00,1.000000000000000000e+00,1.000000000000000000e+00,8.953855280095639468e-01,1.346704134337608272e+00,1.601499163881386911e+00,1.000000000000000000e+00,1.000000000000000000e+00,1.000000000000000000e+00,1.430575337579156114e+00,1.400717422186884331e+00,1.110049893804558208e+00,1.942563310322492409e+00,1.968898869015842434e+00,2.183232694039667798e+00,1.000000000000000000e+00,1.000000000000000000e+00,1.000000000000000000e+00,1.177156600271610953e+00,1.232069682399683730e+00,1.576654890055799285e+00,1.000000000000000000e+00,1.000000000000000000e+00,1.000000000000000000e+00,4.471324808633765358e+00,5.149010235301347826e-01,5.265933749909430528e-01
5.906399999999998318e-01,8.642400000000003413e-01,9.934000000000002828e-01,1.000000000000000000e+00,1.000000000000000000e+00,1.000000000000000000e+00,9.060466795938948437e-01,1.349919819443430757e+00,1.592792589832359162e+00,1.000000000000000000e+00,1.000000000000000000e+00,1.000000000000000000e+00,1.432189235852411979e+00,1.400308991319418217e+00,1.110503867462818928e+00,1.941587059466050702e+00,1.968405161766131561e+00,2.188723735615917931e+00,1.000000000000000000e+00,1.000000000000000000e+00,1.000000000000000000e+00,1.182660774227937361e+00,1.223365317765086058e+00,1.582689121742946403e+00,1.000000000000000000e+00,1.000000000000000000e+00,1.000000000000000000e+00,4.275526630909046055e+00,9.388358208723517340e-01,3.015307477947658521e-01
5.901599999999997959e-01,8.675600000000003309e-01,1.000760000000000316e+00,1.000000000000000000e+00,1.000000000000000000e+00,1.000000000000000000e+00,9.090481786243445050e-01,1.351943346057233208e+00,1.595217798293497857e+00,1.000000000000000000e+00,1.000000000000000000e+00,1.000000000000000000e+00,1.416610323285710571e+00,1.409311111688116736e+00,1.116363998650603762e+00,1.946922597269344246e+00,1.970994012996376776e+00,2.194011933040913132e+00,1.000000000000000000e+00,1.000000000000000000e+00,1.000000000000000000e+00,1.183293621475471014e+00,1.222148888668626476e+00,1.582481687935219927e+00,1.000000000000000000e+00,1.000000000000000000e+00,1.000000000000000000e+00,5.781959146308116360e+00,-7.215032717274441065e-01,4.586151572728157655e-01
5.928399999999998116e-01,8.700000000000003286e-01,1.002320000000000322e+00,1.000000000000000000e+00,1.000000000000000000e+00,1.000000000000000000e+00,9.135991475680559359e-01,1.343196068825383893e+00,1.593739019706313931e+00,1.000000000000000000e+00,1.000000000000000000e+00,1.000000000000000000e+00,1.417421923198419531e+00,1.401459831881372686e+00,1.120754913570925604e+00,1.945054684735215700e+00,1.970911976229577922e+00,2.198060095687297988e+00,1.000000000000000000e+00,1.000000000000000000e+00,1.000000000000000000e+00,1.184746035412921339e+00,1.230787807321509941e+00,1.573318080782861061e+00,1.000000000000000000e+00,1.000000000000000000e+00,1.000000000000000000e+00,3.740893254733750783e+00,-1.127607138510582807e+00,2.915444719774785920e+00
5.900799999999998269e-01,8.678400000000002779e-01,1.004000000000000226e+00,1.000000000000000000e+00,1.000000000000000000e+00,1.000000000000000000e+00,9.042678051831685160e-01,1.356605075201628097e+00,1.591618509481378396e+00,1.000000000000000000e+00,1.000000000000000000e+00,1.000000000000000000e+00,1.408842703382176653e+00,1.406058963097903014e+00,1.128513827394098001e+00,1.952215184736144415e+00,1.972310771481927461e+00,2.201667723630051032e+00,1.000000000000000000e+00,1.000000000000000000e+00,1.000000000000000000e+00,1.181420063829718758e+00,1.226980935603780631e+00,1.575213488912722726e+00,1.000000000000000000e+00,1.000000000000000000e+00,1.000000000000000000e+00,3.851544785962069728e+00,-9.532409799846056631e-01,2.628751807844288635e+00
5.885999999999997900e-01,8.736400000000003052e-01,1.006360000000000143e+00,1.000000000000000000e+00,1.000000000000000000e+00,1.000000000000000000e+00,9.129808974856640225e-01,1.351111367892436910e+00,1.588768917268462033e+00,1.000000000000000000e+00,1.000000000000000000e+00,1.000000000000000000e+00,1.432392780227380369e+00,1.392731855080271863e+00,1.119438761120487680e+00,1.950937596574601196e+00,1.976410007851479023e+00,2.204675730022584546e+00,1.000000000000000000e+00,1.000000000000000000e+00,1.000000000000000000e+00,1.188189152159257356e+00,1.232399952304067181e+00,1.568117419026565651e+00,1.000000000000000000e+00,1.000000000000000000e+00,1.000000000000000000e+00,3.877929501390421585e+00,3.600962364486638423e-01,1.293971553563100452e+00
5.889199999999997770e-01,8.732800000000002782e-01,1.012800000000000145e+00,1.000000000000000000e+00,1.000000000000000000e+00,1.000000000000000000e+00,8.996378345306348390e-01,1.366737130337611461e+00,1.588357863127754399e+00,1.000000000000000000e+00,1.000000000000000000e+00,1.000000000000000000e+00,1.420092051599384897e+00,1.392916995335029329e+00,1.134120022387768101e+00,1.954908237877515997e+00,1.975381479392817274e+00,2.210686613427053082e+00,1.000000000000000000e+00,1.000000000000000000e+00,1.000000000000000000e+00,1.187483102294509596e+00,1.224711438152298548e+00,1.571758445694321882e+00,1.000000000000000000e+00,1.000000000000000000e+00,1.000000000000000000e+00,1.372500852542722249e+00,5.791691940814361894e-01,3.580239033806315696e+00
5.919999999999997486e-01,8.774400000000002198e-01,1.017920000000000158e+00,1.000000000000000000e+00,1.000000000000000000e+00,1.000000000000000000e+00,9.098569901922055614e-01,1.359866679950479940e+00,1.583566319296331848e+00,1.000000000000000000e+00,1.000000000000000000e+00,1.000000000000000000e+00,1.422735369932394134e+00,1.388919653677278543e+00,1.134186384255735591e+00,1.958694628480985633e+00,1.978867059328478950e+00,2.214458223545300530e+00,1.000000000000000000e+00,1.000000000000000000e+00,1.000000000000000000e+00,1.177643391783285365e+00,1.225870640630062569e+00,1.579595429783536398e+00,1.000000000000000000e+00,1.000000000000000000e+00,1.000000000000000000e+00,1.773036688699790808e+00,7.521052561643370993e-01,3.013012116129420548e+00
5.939199999999997814e-01,8.730000000000002203e-01,1.011400000000000077e+00,1.000000000000000000e+00,1.000000000000000000e+00,1.000000000000000000e+00,9.097050846349565845e-01,1.364426213875008731e+00,1.579626095550533016e+00,1.000000000000000000e+00,1.000000000000000000e+00,1.000000000000000000e+00,1.409049204942086408e+00,1.400623763663793264e+00,1.141537293200488357e+00,1.960051464428896217e+00,1.978825988874949759e+00,2.224685085394184636e+00,1.000000000000000000e+00,1.000000000000000000e+00,1.000000000000000000e+00,1.174644933692041926e+00,1.221573603624469984e+00,1.581986828570050019e+00,1.000000000000000000e+00,1.000000000000000000e+00,1.000000000000000000e+00,-6.065961618707396141e-01,1.088341832109789076e+00,5.061193785775836673e+00
5.940799999999998304e-01,8.741600000000002701e-01,1.014360000000000150e+00,1.000000000000000000e+00,1.000000000000000000e+00,1.000000000000000000e+00,9.160754557194529246e-01,1.355446352682434075e+00,1.582982340183759273e+00,1.000000000000000000e+00,1.000000000000000000e+00,1.000000000000000000e+00,1.412475506005686166e+00,1.381159570108277501e+00,1.150451358898483933e+00,1.964012007328243881e+00,1.981158819068189025e+00,2.222960150850081806e+00,1.000000000000000000e+00,1.000000000000000000e+00,1.000000000000000000e+00,1.169982871963176407e+00,1.220932914198090469e+00,1.586754503547878059e+00,1.000000000000000000e+00,1.000000000000000000e+00,1.000000000000000000e+00,-1.436919952061630923e+00,4.370832817883743004e-01,6.549205463540138439e+00
5.914799999999997837e-01,8.753600000000002490e-01,1.022120000000000140e+00,1.000000000000000000e+00,1.000000000000000000e+00,1.000000000000000000e+00,9.168939284368945453e-01,1.362148957761767809e+00,1.578527010934824393e+00,1.000000000000000000e+00,1.000000000000000000e+00,1.000000000000000000e+00,1.414503378931929678e+00,1.381466589780573573e+00,1.153536141921574831e+00,1.971015880420162070e+00,1.975726134113774846e+00,2.226211759145574121e+00,1.000000000000000000e+00,1.000000000000000000e+00,1.000000000000000000e+00,1.171243583824820300e+00,1.227518552386544171e+00,1.577998107251137094e+00,1.000000000000000000e+00,1.000000000000000000e+00,1.000000000000000000e+00,1.115540688021863680e+00,-1.469209684447406516e+00,5.903009316191798916e+00
5.965599999999997571e-01,8.714800000000002544e-01,1.026360000000000161e+00,1.000000000000000000e+00,1.000000000000000000e+00,1.000000000000000000e+00,9.216663018094458648e-01,1.365917687459086816e+00,1.576406832813588732e+00,1.000000000000000000e+00,1.000000000000000000e+00,1.000000000000000000e+00,1.406505898030927293e+00,1.390979962082541377e+00,1.152642924590899121e+00,1.964863029284575013e+00,1.977040832120859681e+00,2.234681325535504914e+00,1.000000000000000000e+00,1.000000000000000000e+00,1.000000000000000000e+00,1.169381732128402129e+00,1.214052194755536718e+00,1.590156837691665270e+00,1.000000000000000000e+00,1.000000000000000000e+00,1.000000000000000000e+00,2.508224314547483402e+00,-4.216397400087761316e-01,3.464621384023955031e+00
5.951599999999998003e-01,8.679600000000002868e-01,1.035080000000000222e+00,1.000000000000000000e+00,1.000000000000000000e+00,1.000000000000000000e+00,9.366399364177616649e-01,1.359756675789385083e+00,1.577224406666684065e+00,1.000000000000000000e+00,1.000000000000000000e+00,1.000000000000000000e+00,1.405402169594441864e+00,1.379236919530325123e+00,1.160886351105450354e+00,1.961119744792467534e+00,1.978187516209949148e+00,2.234199758475216679e+00,1.000000000000000000e+00,1.000000000000000000e+00,1.000000000000000000e+00,1.158704910459611215e+00,1.225044741020713035e+00,1.590914717953822555e+00,1.000000000000000000e+00,1.000000000000000000e+00,1.000000000000000000e+00,4.706513295225462024e+00,-2.720186348676262078e+00,3.569440211214613079e+00
5.944799999999997864e-01,8.727600000000003133e-01,1.033640000000000114e+00,1.000000000000000000e+00,1.000000000000000000e+00,1.000000000000000000e+00,9.325032550837771828e-01,1.365867360366835648e+00,1.578942103576578493e+00,1.000000000000000000e+00,1.000000000000000000e+00,1.000000000000000000e+00,1.395494908732209938e+00,1.381591623132942814e+00,1.169631724526288830e+00,1.966333801663128877e+00,1.976544353383542063e+00,2.241826470021689666e+00,1.000000000000000000e+00,1.000000000000000000e+00,1.000000000000000000e+00,1.147608945084203524e+00,1.237022596679667519e+00,1.587193779992124743e+00,1.000000000000000000e+00,1.000000000000000000e+00,1.000000000000000000e+00,3.803417432329004200e+00,-1.656518073601745300e+00,3.409582964007074946e+00
5.936399999999998345e-01,8.708400000000002805e-01,1.036080000000000112e+00,1.000000000000000000e+00,1.000000000000000000e+00,1.000000000000000000e+00,9.330334889422603473e-01,1.367285755945470305e+00,1.576466147468850165e+00,1.000000000000000000e+00,1.000000000000000000e+00,1.000000000000000000e+00,1.400658427507593728e+00,1.383198242886010565e+00,1.161299759853897884e+00,1.963952259811114320e+00,1.979047337678778273e+00,2.240862017065603951e+00,1.000000000000000000e+00,1.000000000000000000e+00,1.000000000000000000e+00,1.142955971314799868e+00,1.226279099149846452e+00,1.606317961053574273e+00,1.000000000000000000e+00,1.000000000000000000e+00,1.000000000000000000e+00,6.299269662675062165e+00,-3.297114837993479597e+00,2.553835775832722366e+00
5.961999999999998412e-01,8.681600000000002648e-01,1.039080000000000226e+00,1.000000000000000000e+00,1.000000000000000000e+00,1.000000000000000000e+00,9.294740979272825276e-01,1.366053617196284486e+00,1.573372657775462091e+00,1.000000000000000000e+00,1.000000000000000000e+00,1.000000000000000000e+00,1.400215245200665537e+00,1.380704090913181581e+00,1.168044060360096559e+00,1.965141799648316479e+00,1.973922809522617561e+00,2.247887720331140482e+00,1.000000000000000000e+00,1.000000000000000000e+00,1.000000000000000000e+00,1.157566523635350286e+00,1.227196839055199717e+00,1.592494170235594586e+00,1.000000000000000000e+00,1.000000000000000000e+00,1.000000000000000000e+00,6.515322831467787346e+00,-3.206292423933740920e+00,2.248400286322554287e+00
5.927199999999998026e-01,8.704400000000003246e-01,1.040440000000000254e+00,1.000000000000000000e+00,1.000000000000000000e+00,1.000000000000000000e+00,9.238299932853418772e-01,1.370368376660961118e+00,1.575961559988822591e+00,1.000000000000000000e+00,1.000000000000000000e+00,1.000000000000000000e+00,1.395873110287763064e+00,1.387826066593913721e+00,1.164068226332637401e+00,1.972756262237288505e+00,1.976751729508274380e+00,2.252305356026831795e+00,1.000000000000000000e+00,1.000000000000000000e+00,1.000000000000000000e+00,1.154131128162515507e+00,1.229903893294413075e+00,1.592619112452639429e+00,1.000000000000000000e+00,1.000000000000000000e+00,1.000000000000000000e+00,4.510725395513745184e+00,-2.966232858175326115e+00,4.018812700053170595e+00
5.907999999999997698e-01,8.703600000000003556e-01,1.045280000000000209e+00,1.000000000000000000e+00,1.000000000000000000e+00,1.000000000000000000e+00,9.269582757444417842e-01,1.366787818204036054e+00,1.574487460892150414e+00,1.000000000000000000e+00,1.000000000000000000e+00,1.000000000000000000e+00,1.402584145027464313e+00,1.388344447709807694e+00,1.157532480072292813e+00,1.971392456402632609e+00,1.986616989834482538e+00,2.252104547139810897e+00,1.000000000000000000e+00,1.000000000000000000e+00,1.000000000000000000e+00,1.161548255770326499e+00,1.225674812649407919e+00,1.586517228738124841e+00,1.000000000000000000e+00,1.000000000000000000e+00,1.000000000000000000e+00,7.505723467876781463e+00,-4.953160122965482692e+00,3.014494758521686357e+00
5.940799999999998304e-01,8.756800000000003470e-01,1.045720000000000205e+00,1.000000000000000000e+00,1.000000000000000000e+00,1.000000000000000000e+00,9.430270491203734951e-01,1.362510340755153759e+00,1.573039890274952279e+00,1.000000000000000000e+00,1.000000000000000000e+00,1.000000000000000000e+00,1.397704728219975046e+00,1.390085003565837418e+00,1.162201197693826904e+00,1.969480187244701641e+00,1.984528449262426886e+00,2.253228201636491512e+00,1.000000000000000000e+00,1.000000000000000000e+00,1.000000000000000000e+00,1.171802691429535637e+00,1.218238223859912983e+00,1.581481302378962006e+00,1.000000000000000000e+00,1.000000000000000000e+00,1.000000000000000000e+00,8.102895110798494116e+00,-7.383028463043902256e+00,4.848017225325339297e+00
5.925999999999997936e-01,8.734000000000003983e-01,1.050640000000000240e+00,1.000000000000000000e+00,1.000000000000000000e+00,1.000000000000000000e+00,9.511703246271785428e-01,1.354791204621317524e+00,1.575228373764839818e+00,1.000000000000000000e+00,1.000000000000000000e+00,1.000000000000000000e+00,1.398368290995840590e+00,1.384876990920354434e+00,1.161912924941675973e+00,1.974523887686999268e+00,1.991657019402783613e+00,2.252104472497205911e+00,1.000000000000000000e+00,1.000000000000000000e+00,1.000000000000000000e+00,1.166911264566310447e+00,1.217613059870830128e+00,1.587782260676725565e+00,1.000000000000000000e+00,1.000000000000000000e+00,1.000000000000000000e+00,7.521651158873011056e+00,-6.417223426353751314e+00,4.463844852262360163e+00
5.935199999999998255e-01,8.720400000000003704e-01,1.047720000000000207e+00,1.000000000000000000e+00,1.000000000000000000e+00,1.000000000000000000e+00,9.385061825428522297e-01,1.364017539806204438e+00,1.576014614837536021e+00,1.000000000000000000e+00,1.000000000000000000e+00,1.000000000000000000e+00,1.389754683601251539e+00,1.384390382420211063e+00,1.171094724803174225e+00,1.977609595024507172e+00,1.985660887503827299e+00,2.260049634224005288e+00,1.000000000000000000e+00,1.000000000000000000e+00,1.000000000000000000e+00,1.143517208553799236e+00,1.225226633616163907e+00,1.597272859089681196e+00,1.000000000000000000e+00,1.000000000000000000e+00,1.000000000000000000e+00,5.244373856753018259e+00,-5.203148968545215247e+00,5.527752132496985382e+00
6.021599999999998065e-01,8.702800000000003866e-01,1.047280000000000211e+00,1.000000000000000000e+00,1.000000000000000000e+00,1.000000000000000000e+00,9.431712540385057686e-01,1.357998434373228314e+00,1.578280050898384745e+00,1.000000000000000000e+00,1.000000000000000000e+00,1.000000000000000000e+00,1.408565456583819264e+00,1.371811721238270776e+00,1.163977538950836221e+00,1.973698214772071635e+00,1.985455876994613567e+00,2.264910561841863679e+00,1.000000000000000000e+00,1.000000000000000000e+00,1.000000000000000000e+00,1.149837251649600489e+00,1.230992518847094264e+00,1.590277608826267119e+00,1.000000000000000000e+00,1.000000000000000000e+00,1.000000000000000000e+00,4.705813392661376326e+00,-3.856520257080410907e+00,4.721457518306566570e+00
6.033599999999997854e-01,8.711600000000003785e-01,1.052560000000000162e+00,1.000000000000000000e+00,1.000000000000000000e+00,1.000000000000000000e+00,9.295687022129509591e-01,1.367602518089295671e+00,1.576794525483973253e+00,1.000000000000000000e+00,1.000000000000000000e+00,1.000000000000000000e+00,1.401648977769667237e+00,1.375555332438965994e+00,1.171279918702682110e+00,1.981021458996720996e+00,1.985579270921744355e+00,2.261055569578428237e+00,1.000000000000000000e+00,1.000000000000000000e+00,1.000000000000000000e+00,1.162316700223414490e+00,1.223930868522243864e+00,1.579991616249493358e+00,1.000000000000000000e+00,1.000000000000000000e+00,1.000000000000000000e+00,7.790931383263569820e+00,-5.477984874701599338e+00,3.252795056718673639e+00
6.023999999999998245e-01,8.730000000000004423e-01,1.057680000000000176e+00,1.000000000000000000e+00,1.000000000000000000e+00,1.000000000000000000e+00,9.290302771766288936e-01,1.365810672383095836e+00,1.569123391671354506e+00,1.000000000000000000e+00,1.000000000000000000e+00,1.000000000000000000e+00,1.410615208853048141e+00,1.374510897304453749e+00,1.154198412759399162e+00,1.982681602909108998e+00,1.983569562656456897e+00,2.267446513388235108e+00,1.000000000000000000e+00,1.000000000000000000e+00,1.000000000000000000e+00,1.161609400303471373e+00,1.214230103003460792e+00,1.592798416938805417e+00,1.000000000000000000e+00,1.000000000000000000e+00,1.000000000000000000e+00,6.038695157435486571e+00,-3.122408639876914194e+00,2.655072781982055208e+00
6.001599999999998047e-01,8.766000000000003789e-01,1.060400000000000231e+00,1.000000000000000000e+00,1.000000000000000000e+00,1.000000000000000000e+00,9.287291723614564676e-01,1.364026190013190254e+00,1.580962119648901876e+00,1.000000000000000000e+00,1.000000000000000000e+00,1.000000000000000000e+00,1.405942116527327590e+00,1.374358498704811637e+00,1.166085471553547359e+00,1.984210212093159065e+00,1.984840813901711520e+00,2.269291735451514747e+00,1.000000000000000000e+00,1.000000000000000000e+00,1.000000000000000000e+00,1.153603582562988006e+00,1.209628562147471165e+00,1.599121007443405018e+00,1.000000000000000000e+00,1.000000000000000000e+00,1.000000000000000000e+00,4.748788258123648021e+00,-1.955020408705627544e+00,2.777778116250853913e+00
6.072399999999997799e-01,8.747600000000004261e-01,1.059840000000000337e+00,1.000000000000000000e+00,1.000000000000000000e+00,1.000000000000000000e+00,9.447205202444620697e-01,1.367753261809699472e+00,1.574749070451157529e+00,1.000000000000000000e+00,1.000000000000000000e+00,1.000000000000000000e+00,1.402391219157945512e+00,1.369534718535884821e+00,1.168721852493273206e+00,1.992066965438282322e+00,1.982663669616002933e+00,2.272466955915301678e+00,1.000000000000000000e+00,1.000000000000000000e+00,1.000000000000000000e+00,1.161150167369238373e+00,1.203918128330699222e+00,1.600175468736176443e+00,1.000000000000000000e+00,1.000000000000000000e+00,1.000000000000000000e+00,4.783384516256981911e+00,-3.109022981028882082e+00,3.900464578286766404e+00
6.065999999999998060e-01,8.781200000000004557e-01,1.060840000000000227e+00,1.000000000000000000e+00,1.000000000000000000e+00,1.000000000000000000e+00,9.483223777702011192e-01,1.367082523935765348e+00,1.581418159367376619e+00,1.000000000000000000e+00,1.000000000000000000e+00,1.000000000000000000e+00,1.395398338313415421e+00,1.375423618854045182e+00,1.166009050119969803e+00,1.990199620806080372e+00,1.980939897859682608e+00,2.278211569739581499e+00,1.000000000000000000e+00,1.000000000000000000e+00,1.000000000000000000e+00,1.159532375512071445e+00,1.215506749740886461e+00,1.590258094820308443e+00,1.000000000000000000e+00,1.000000000000000000e+00,1.000000000000000000e+00,4.418974423861783407e+00,-2.132885421008643867e+00,3.292520015593407567e+00
6.006399999999998407e-01,8.738000000000004652e-01,1.064920000000000311e+00,1.000000000000000000e+00,1.000000000000000000e+00,1.000000000000000000e+00,9.499327539709883084e-01,1.374538284964890389e+00,1.578075146072629664e+00,1.000000000000000000e+00,1.000000000000000000e+00,1.000000000000000000e+00,1.404776132763838836e+00,1.367043295337917019e+00,1.164437054834520202e+00,1.992534598356077158e+00,1.982704426737823322e+00,2.285404967060694403e+00,1.000000000000000000e+00,1.000000000000000000e+00,1.000000000000000000e+00,1.150701207916089874e+00,1.225049016698497306e+00,1.585921270477545608e+00,1.000000000000000000e+00,1.000000000000000000e+00,1.000000000000000000e+00,2.108265399089617187e+00,-3.636247109971613156e-02,3.505760912339901392e+00
5.980399999999997940e-01,8.736400000000004162e-01,1.070920000000000316e+00,1.000000000000000000e+00,1.000000000000000000e+00,1.000000000000000000e+00,9.448881429151907430e-01,1.374042591024233317e+00,1.581630617317460796e+00,1.000000000000000000e+00,1.000000000000000000e+00,1.000000000000000000e+00,1.396860211118346573e+00,1.372851016879550690e+00,1.165280217179648581e+00,1.991941426031153206e+00,1.983073681067975658e+00,2.283356677554628789e+00,1.000000000000000000e+00,1.000000000000000000e+00,1.000000000000000000e+00,1.154045660713032495e+00,1.226724828809042211e+00,1.582238342733296887e+00,1.000000000000000000e+00,1.000000000000000000e+00,1.000000000000000000e+00,1.290030869097881672e+00,1.326267270878095816e+00,2.965226982627005903e+00
5.958799999999998542e-01,8.696800000000004527e-01,1.073040000000000216e+00,1.000000000000000000e+00,1.000000000000000000e+00,1.000000000000000000e+00,9.452288379557579612e-01,1.377490082697379048e+00,1.578237713687039134e+00,1.000000000000000000e+00,1.000000000000000000e+00,1.000000000000000000e+00,1.391654557317443031e+00,1.377979280631422165e+00,1.163829331617520557e+00,1.990709848081651856e+00,1.984016705076223630e+00,2.284722799993134323e+00,1.000000000000000000e+00,1.000000000000000000e+00,1.000000000000000000e+00,1.165802393998955688e+00,1.224803611180635965e+00,1.574803754757932328e+00,1.000000000000000000e+00,1.000000000000000000e+00,1.000000000000000000e+00,1.959525229736423624e+00,1.151168412796231610e+00,2.473980046313017489e+00
5.936799999999998745e-01,8.719600000000004014e-01,1.073600000000000110e+00,1.000000000000000000e+00,1.000000000000000000e+00,1.000000000000000000e+00,9.429254380287998005e-01,1.374692768383324104e+00,1.580446752233928498e+00,1.000000000000000000e+00,1.000000000000000000e+00,1.000000000000000000e+00,1.397841974423318812e+00,1.379054272382782775e+00,1.160531915043418127e+00,1.990369562366238965e+00,1.982379904585841901e+00,2.282634537958950549e+00,1.000000000000000000e+00,1.000000000000000000e+00,1.000000000000000000e+00,1.161350162093098382e+00,1.221363791735704085e+00,1.577801453105607710e+00,1.000000000000000000e+00,1.000000000000000000e+00,1.000000000000000000e+00,1.695388958941447921e+00,-2.558727745315959812e+00,6.448128316897418166e+00
5.903199999999998449e-01,8.684400000000004338e-01,1.081479999999999997e+00,1.000000000000000000e+00,1.000000000000000000e+00,1.000000000000000000e+00,9.480032142130698780e-01,1.371413510286302539e+00,1.582120070788054278e+00,1.000000000000000000e+00,1.000000000000000000e+00,1.000000000000000000e+00,1.409489128108945888e+00,1.389854630760602783e+00,1.135923303351892955e+00,1.994402956426416518e+00,1.980168619260354923e+00,2.283036099867828295e+00,1.000000000000000000e+00,1.000000000000000000e+00,1.000000000000000000e+00,1.157887436501412681e+00,1.215427686440528676e+00,1.586490663062268602e+00,1.000000000000000000e+00,1.000000000000000000e+00,1.000000000000000000e+00,1.921462442373557122e+00,-1.872239233031429473e+00,5.538581417821944797e+00
5.963599999999998902e-01,8.725600000000004464e-01,1.084079999999999933e+00,1.000000000000000000e+00,1.000000000000000000e+00,1.000000000000000000e+00,9.451673509417877206e-01,1.378043727259766538e+00,1.586909814388705042e+00,1.000000000000000000e+00,1.000000000000000000e+00,1.000000000000000000e+00,1.405521650298228620e+00,1.372374931125498687e+00,1.152556160511370775e+00,1.990175014330913372e+00,1.977674029709269199e+00,2.292455210911828356e+00,1.000000000000000000e+00,1.000000000000000000e+00,1.000000000000000000e+00,1.170454918318631909e+00,1.214166052876046731e+00,1.573690288461677023e+00,1.000000000000000000e+00,1.000000000000000000e+00,1.000000000000000000e+00,2.233135342845645965e+00,-1.540347381150371175e+00,4.894489224116651549e+00
5.967599999999998461e-01,8.736400000000004162e-01,1.085080000000000044e+00,1.000000000000000000e+00,1.000000000000000000e+00,1.000000000000000000e+00,9.458549744007601623e-01,1.374721293756679508e+00,1.583868134345781220e+00,1.000000000000000000e+00,1.000000000000000000e+00,1.000000000000000000e+00,1.408524180825381000e+00,1.364305294593874063e+00,1.152455787102385054e+00,1.992973153329452352e+00,1.980829552730948295e+00,2.287275146852464136e+00,1.000000000000000000e+00,1.000000000000000000e+00,1.000000000000000000e+00,1.161810220741818167e+00,1.213629212782490363e+00,1.580346573225246853e+00,1.000000000000000000e+00,1.000000000000000000e+00,1.000000000000000000e+00,1.206511303022163917e+00,-1.879386061933879581e+00,6.264541884749936784e+00
5.942799999999998084e-01,8.730000000000004423e-01,1.085199999999999942e+00,1.000000000000000000e+00,1.000000000000000000e+00,1.000000000000000000e+00,9.568793380007170057e-01,1.378749547787567753e+00,1.586694283671477246e+00,1.000000000000000000e+00,1.000000000000000000e+00,1.000000000000000000e+00,1.399920442284556366e+00,1.363516592756922607e+00,1.164622908021256897e+00,1.994201085575045163e+00,1.982389677801866146e+00,2.286994140699639910e+00,1.000000000000000000e+00,1.000000000000000000e+00,1.000000000000000000e+00,1.157166623995169008e+00,1.200670970579517105e+00,1.593413689273068368e+00,1.000000000000000000e+00,1.000000000000000000e+00,1.000000000000000000e+00,3.690417914330439420e-01,-2.361288881814058271e+00,7.582683419570956929e+00
5.968799999999997441e-01,8.715200000000004055e-01,1.076880000000000059e+00,1.000000000000000000e+00,1.000000000000000000e+00,1.000000000000000000e+00,9.558690099159619091e-01,1.379463610030927212e+00,1.586337158333266162e+00,1.000000000000000000e+00,1.000000000000000000e+00,1.000000000000000000e+00,1.389819499435112737e+00,1.357819313228921798e+00,1.173462656045997754e+00,1.992295798546755536e+00,1.980542639353042977e+00,2.290128674388701047e+00,1.000000000000000000e+00,1.000000000000000000e+00,1.000000000000000000e+00,1.161524465490703761e+00,1.212642286848405249e+00,1.580408146750681642e+00,1.000000000000000000e+00,1.000000000000000000e+00,1.000000000000000000e+00,2.926880215482484671e-01,-1.260400061223653667e+00,6.561465212327211916e+00
5.939999999999997504e-01,8.638800000000004253e-01,1.081080000000000041e+00,1.000000000000000000e+00,1.000000000000000000e+00,1.000000000000000000e+00,9.542034502914064076e-01,1.389477954742430299e+00,1.571995027493923391e+00,1.000000000000000000e+00,1.000000000000000000e+00,1.000000000000000000e+00,1.399849686579312857e+00,1.364681149469374244e+00,1.158509913321210671e+00,1.990639408021594337e+00,1.979762081786164085e+00,2.285342473690308740e+00,1.000000000000000000e+00,1.000000000000000000e+00,1.000000000000000000e+00,1.156741680194850241e+00,1.207565886311594339e+00,1.591215686685707009e+00,1.000000000000000000e+00,1.000000000000000000e+00,1.000000000000000000e+00,5.899293433205903270e-01,-2.054196073826843882e-01,5.208166155308767031e+00
5.951599999999998003e-01,8.699600000000003996e-01,1.080680000000000085e+00,1.000000000000000000e+00,1.000000000000000000e+00,1.000000000000000000e+00,9.600140903509276624e-01,1.383065422688345647e+00,1.574521507352043548e+00,1.000000000000000000e+00,1.000000000000000000e+00,1.000000000000000000e+00,1.392897952580756327e+00,1.367373859941608094e+00,1.165271617874225951e+00,1.993780924137573018e+00,1.977308764689052145e+00,2.285904085161807320e+00,1.000000000000000000e+00,1.000000000000000000e+00,1.000000000000000000e+00,1.157412328116502076e+00,1.214842391667459109e+00,1.586782642923856068e+00,1.000000000000000000e+00,1.000000000000000000e+00,1.000000000000000000e+00,1.915850980001175374e+00,-1.970949481862441344e+00,5.648848127535095465e+00
5.943199999999998484e-01,8.677200000000003799e-01,1.079640000000000155e+00,1.000000000000000000e+00,1.000000000000000000e+00,1.000000000000000000e+00,9.540213557658517862e-01,1.384191301598053814e+00,1.581101609953118547e+00,1.000000000000000000e+00,1.000000000000000000e+00,1.000000000000000000e+00,1.389518340984615463e+00,1.358359747306372878e+00,1.177720212444288705e+00,1.988054165605837253e+00,1.975794157051449451e+00,2.291242992859387595e+00,1.000000000000000000e+00,1.000000000000000000e+00,1.000000000000000000e+00,1.161172402886128996e+00,1.216165572405430551e+00,1.577280486613315436e+00,1.000000000000000000e+00,1.000000000000000000e+00,1.000000000000000000e+00,8.992226554330917665e-01,2.396168336007307165e-01,4.454543367321425862e+00
5.984799999999999010e-01,8.663200000000004231e-01,1.082080000000000153e+00,1.000000000000000000e+00,1.000000000000000000e+00,1.000000000000000000e+00,9.602359256899098972e-01,1.382626906567550273e+00,1.575621059009471026e+00,1.000000000000000000e+00,1.000000000000000000e+00,1.000000000000000000e+00,1.381995984076200834e+00,1.366577580771747513e+00,1.172740473510665238e+00,1.992007967970109261e+00,1.978049992562929127e+00,2.289634460670523453e+00,1.000000000000000000e+00,1.000000000000000000e+00,1.000000000000000000e+00,1.150676390564895124e+00,1.210583778840774727e+00,1.594060898504617185e+00,1.000000000000000000e+00,1.000000000000000000e+00,1.000000000000000000e+00,-7.949068427095677958e-01,2.398532500646179066e+00,3.993984810310855504e+00
5.979599999999998250e-01,8.749200000000003641e-01,1.076920000000000099e+00,1.000000000000000000e+00,1.000000000000000000e+00,1.000000000000000000e+00,9.538599371464164811e-01,1.384615761105977283e+00,1.579984450591392475e+00,1.000000000000000000e+00,1.000000000000000000e+00,1.000000000000000000e+00,1.384251330820316594e+00,1.364869907083971379e+00,1.175095513085711030e+00,1.993795423294281166e+00,1.975962462921084795e+00,2.292325842592520591e+00,1.000000000000000000e+00,1.000000000000000000e+00,1.000000000000000000e+00,1.149247117705716414e+00,1.213105160902341328e+00,1.589840962743609643e+00,1.000000000000000000e+00,1.000000000000000000e+00,1.000000000000000000e+00,-1.677340091892363549e+00,2.468245015684091381e+00,4.805198353753618257e+00
5.997599999999998488e-01,8.698800000000003196e-01,1.082720000000000127e+00,1.000000000000000000e+00,1.000000000000000000e+00,1.000000000000000000e+00,9.778312467438334821e-01,1.372480620675882612e+00,1.576459885499881031e+00,1.000000000000000000e+00,1.000000000000000000e+00,1.000000000000000000e+00,1.386871878011594950e+00,1.359427814497142561e+00,1.177330906461141469e+00,1.993752858819598073e+00,1.983459954842291983e+00,2.294376533225961801e+00,1.000000000000000000e+00,1.000000000000000000e+00,1.000000000000000000e+00,1.157163869064859352e+00,1.213649418122654255e+00,1.579547061478517422e+00,1.000000000000000000e+00,1.000000000000000000e+00,1.000000000000000000e+00,-1.666772259812941970e+00,2.322143639317913344e+00,4.943802296855514200e+00
6.043599999999997863e-01,8.669600000000002860e-01,1.080560000000000187e+00,1.000000000000000000e+00,1.000000000000000000e+00,1.000000000000000000e+00,9.776559963267114073e-01,1.373515611712628814e+00,1.576188093169479387e+00,1.000000000000000000e+00,1.000000000000000000e+00,1.000000000000000000e+00,1.377990270038417009e+00,1.365977224131045720e+00,1.178319456231209816e+00,1.992145419922030980e+00,1.980215482745122824e+00,2.295782612206762607e+00,1.000000000000000000e+00,1.000000000000000000e+00,1.000000000000000000e+00,1.162662787279181709e+00,1.206339622968215064e+00,1.577791835496985984e+00,1.000000000000000000e+00,1.000000000000000000e+00,1.000000000000000000e+00,-2.229229556919631872e+00,2.316656699176326217e+00,5.512812168220653675e+00
6.001199999999997647e-01,8.693600000000002437e-01,1.083520000000000261e+00,1.000000000000000000e+00,1.000000000000000000e+00,1.000000000000000000e+00,9.841246243586470044e-01,1.380191997994592468e+00,1.574168764740341953e+00,1.000000000000000000e+00,1.000000000000000000e+00,1.000000000000000000e+00,1.377304819434963523e+00,1.370624939849297119e+00,1.179621784798084105e+00,2.001777450405071157e+00,1.982716272838711546e+00,2.290197893177182920e+00,1.000000000000000000e+00,1.000000000000000000e+00,1.000000000000000000e+00,1.174277727377045499e+00,1.206832198251611032e+00,1.565311733063875277e+00,1.000000000000000000e+00,1.000000000000000000e+00,1.000000000000000000e+00,-4.918949928596550336e+00,6.838210022779291464e+00,3.682676180444445002e+00
6.008399999999997076e-01,8.708400000000002805e-01,1.084120000000000195e+00,1.000000000000000000e+00,1.000000000000000000e+00,1.000000000000000000e+00,9.872350770896354266e-01,1.379308545326632496e+00,1.566816214139159724e+00,1.000000000000000000e+00,1.000000000000000000e+00,1.000000000000000000e+00,1.366109450303123252e+00,1.376301569345218967e+00,1.181177302920404903e+00,2.004617109689926124e+00,1.981325098039620869e+00,2.297027133777852725e+00,1.000000000000000000e+00,1.000000000000000000e+00,1.000000000000000000e+00,1.169141036449246274e+00,1.218641076298520032e+00,1.563661290845043794e+00,1.000000000000000000e+00,1.000000000000000000e+00,1.000000000000000000e+00,-7.462790178442752165e+00,9.817624342203082222e+00,3.250628271444762962e+00
6.014399999999997526e-01,8.736400000000003052e-01,1.085000000000000187e+00,1.000000000000000000e+00,1.000000000000000000e+00,1.000000000000000000e+00,9.983688582926817379e-01,1.370793815692577855e+00,1.573850279973540545e+00,1.000000000000000000e+00,1.000000000000000000e+00,1.000000000000000000e+00,1.369911667115932596e+00,1.381814268987556549e+00,1.178437131910296864e+00,2.003640566801428324e+00,1.980426208603787153e+00,2.294658296534373143e+00,1.000000000000000000e+00,1.000000000000000000e+00,1.000000000000000000e+00,1.168200002954717931e+00,1.194619262299451590e+00,1.584471784819388995e+00,1.000000000000000000e+00,1.000000000000000000e+00,1.000000000000000000e+00,-6.930463925206423959e+00,9.711527314918868115e+00,2.822202686446030562e+00
6.032799999999997054e-01,8.730000000000003313e-01,1.086320000000000174e+00,1.000000000000000000e+00,1.000000000000000000e+00,1.000000000000000000e+00,9.979031762900271163e-01,1.366949019847163660e+00,1.576149954462478409e+00,1.000000000000000000e+00,1.000000000000000000e+00,1.000000000000000000e+00,1.381370074418781568e+00,1.368148242544862558e+00,1.177926038306377432e+00,2.005712074330050942e+00,1.980139842294827757e+00,2.297870742046729475e+00,1.000000000000000000e+00,1.000000000000000000e+00,1.000000000000000000e+00,1.162163871159623163e+00,1.186239166991931659e+00,1.597614415030181867e+00,1.000000000000000000e+00,1.000000000000000000e+00,1.000000000000000000e+00,-9.566138427956271784e+00,1.003135350490710742e+01,5.142242311830687029e+00
6.088399999999997148e-01,8.720800000000002994e-01,1.083400000000000141e+00,1.000000000000000000e+00,1.000000000000000000e+00,1.000000000000000000e+00,9.887983637205035592e-01,1.371947645445693365e+00,1.581917465888284857e+00,1.000000000000000000e+00,1.000000000000000000e+00,1.000000000000000000e+00,1.373870345288812134e+00,1.376542087015469429e+00,1.179888248921402205e+00,2.008705878177664328e+00,1.979483202445406986e+00,2.299758324726308256e+00,1.000000000000000000e+00,1.000000000000000000e+00,1.000000000000000000e+00,1.155093829684094020e+00,1.190292258376571821e+00,1.596272139976925741e+00,1.000000000000000000e+00,1.000000000000000000e+00,1.000000000000000000e+00,-8.674520318245471984e+00,1.152940299545396030e+01,2.752558551816316257e+00
6.046399999999997332e-01,8.680000000000003268e-01,1.084440000000000071e+00,1.000000000000000000e+00,1.000000000000000000e+00,1.000000000000000000e+00,9.867974711334666083e-01,1.364546215676080143e+00,1.581515767778914894e+00,1.000000000000000000e+00,1.000000000000000000e+00,1.000000000000000000e+00,1.381114002250908301e+00,1.372553624719427434e+00,1.172238664488459259e+00,2.003070160437194325e+00,1.977353795527827085e+00,2.296340947204118077e+00,1.000000000000000000e+00,1.000000000000000000e+00,1.000000000000000000e+00,1.162956149088403279e+00,1.195338231540367557e+00,1.587036695852398482e+00,1.000000000000000000e+00,1.000000000000000000e+00,1.000000000000000000e+00,-1.108144293526382285e+01,1.412858633722737522e+01,2.561319076347816193e+00
6.033599999999997854e-01,8.740400000000002612e-01,1.088560000000000194e+00,1.000000000000000000e+00,1.000000000000000000e+00,1.000000000000000000e+00,9.835738509537391705e-01,1.364022267781014985e+00,1.584052077650702772e+00,1.000000000000000000e+00,1.000000000000000000e+00,1.000000000000000000e+00,1.383999825488718027e+00,1.356377973456814212e+00,1.182595049919978658e+00,2.014695775616920592e+00,1.978133437386428106e+00,2.291882576368488245e+00,1.000000000000000000e+00,1.000000000000000000e+00,1.000000000000000000e+00,1.160640509317092173e+00,1.200928654497609216e+00,1.582872932732632743e+00,1.000000000000000000e+00,1.000000000000000000e+00,1.000000000000000000e+00,-1.220752165824602287e+01,1.607564787629648251e+01,1.741139728745632942e+00
6.097599999999997467e-01,8.646400000000002972e-01,1.086640000000000272e+00,1.000000000000000000e+00,1.000000000000000000e+00,1.000000000000000000e+00,9.898559375843160035e-01,1.367275528426772357e+00,1.579132264964861143e+00,1.000000000000000000e+00,1.000000000000000000e+00,1.000000000000000000e+00,1.377802363702232302e+00,1.366202523403456270e+00,1.182435827110966287e+00,2.010851820451240890e+00,1.975415101035913112e+00,2.293250098877990695e+00,1.000000000000000000e+00,1.000000000000000000e+00,1.000000000000000000e+00,1.148742449518580955e+00,1.202708761322459852e+00,1.587171916467467581e+00,1.000000000000000000e+00,1.000000000000000000e+00,1.000000000000000000e+00,-1.309448030221155612e+01,1.974331438083686407e+01,-1.038037841862856192e+00
6.127199999999997093e-01,8.662000000000003030e-01,1.085560000000000302e+00,1.000000000000000000e+00,1.000000000000000000e+00,1.000000000000000000e+00,9.859799927395113128e-01,1.370574118082557913e+00,1.580111606504631006e+00,1.000000000000000000e+00,1.000000000000000000e+00,1.000000000000000000e+00,1.373233542245424044e+00,1.356496033510903532e+00,1.194406697358592728e+00,2.006067749853975180e+00,1.975004805778086681e+00,2.295701854149572174e+00,1.000000000000000000e+00,1.000000000000000000e+00,1.000000000000000000e+00,1.144251178946806835e+00,1.213431429555457797e+00,1.582855258678647736e+00,1.000000000000000000e+00,1.000000000000000000e+00,1.000000000000000000e+00,-1.512832389673917888e+01,2.060290177959426927e+01,1.369793168003843320e-01
6.114799999999996905e-01,8.658800000000003161e-01,1.092360000000000220e+00,1.000000000000000000e+00,1.000000000000000000e+00,1.000000000000000000e+00,9.884498856657676358e-01,1.374844742878247539e+00,1.573091080640052875e+00,1.000000000000000000e+00,1.000000000000000000e+00,1.000000000000000000e+00,1.367779452281728814e+00,1.362915314571366832e+00,1.192346673144137226e+00,2.006449742526886126e+00,1.975045885116128552e+00,2.290871348470329583e+00,1.000000000000000000e+00,1.000000000000000000e+00,1.000000000000000000e+00,1.138700799547070375e+00,1.207631683489756469e+00,1.596984337685735333e+00,1.000000000000000000e+00,1.000000000000000000e+00,1.000000000000000000e+00,-1.519535948752265853e+01,2.333824962212549181e+01,-2.531131454301473127e+00
6.141599999999997062e-01,8.603200000000003067e-01,1.088920000000000110e+00,1.000000000000000000e+00,1.000000000000000000e+00,1.000000000000000000e+00,9.969889880889324374e-01,1.376920799238596560e+00,1.572899359711832368e+00,1.000000000000000000e+00,1.000000000000000000e+00,1.000000000000000000e+00,1.365958587712419625e+00,1.372171169038036931e+00,1.185249435028682630e+00,2.009806661920424897e+00,1.977135136116467962e+00,2.292278850344370067e+00,1.000000000000000000e+00,1.000000000000000000e+00,1.000000000000000000e+00,1.149391326010208436e+00,1.212075193901822390e+00,1.581389070309068279e+00,1.000000000000000000e+00,1.000000000000000000e+00,1.000000000000000000e+00,-1.435046536706032860e+01,2.205694340202199655e+01,-2.096065845954425466e+00
