1.001179999999999959e+00,1.002682499999999921e+00,1.000359999999999916e+00,9.976380046916963895e-01,9.974847653794262081e-01,9.982078143955820382e-01,1.002685000000000048e+00,1.000490000000000101e+00,1.000882499999999897e+00,9.976054043135366145e-01,9.951887766536180457e-01,9.962432685809395894e-01,1.001719999999999944e+00,1.000615000000000032e+00,1.000452499999999967e+00,9.982149999999999634e-01,9.963250000000000162e-01,9.997025000000000494e-01,1.002635952377915585e+00,1.001407133566217578e+00,1.003127565562128787e+00,1.002864999999999895e+00,1.003575000000000106e+00,1.001535000000000064e+00,1.001566074628262637e+00,9.986690029803660940e-01,1.002152058123968237e+00,1.006452499999999972e+00,1.006594999999999906e+00,1.006447499999999939e+00
1.002672499999999856e+00,1.005190000000000028e+00,1.000529999999999919e+00,9.951022656966851399e-01,9.947410795955394791e-01,9.962967486956629815e-01,1.005217500000000097e+00,1.000937500000000036e+00,1.001672499999999966e+00,9.950965408601202267e-01,9.901710063196695888e-01,9.926189743462144888e-01,1.003247499999999848e+00,1.000835000000000141e+00,1.000947499999999879e+00,9.964925000000000033e-01,9.923325000000000617e-01,9.991450000000000609e-01,1.005175982226669706e+00,1.002742592664418897e+00,1.006374355781353813e+00,1.006087499999999801e+00,1.007452500000000084e+00,1.003030000000000088e+00,1.003363403720697100e+00,9.973813835309162101e-01,1.004558152458038922e+00,1.013057499999999944e+00,1.013019999999999810e+00,1.012920000000000043e+00
1.003874999999999851e+00,1.007377500000000037e+00,1.000889999999999835e+00,9.927562126233507867e-01,9.921590054640043732e-01,9.944817293071140929e-01,1.007750000000000146e+00,1.001354999999999995e+00,1.002494999999999914e+00,9.924264660523887116e-01,9.851915938500973580e-01,9.888985512786467869e-01,1.004759999999999875e+00,1.001090000000000035e+00,1.001387499999999875e+00,9.949075000000000557e-01,9.888575000000000559e-01,9.988600000000000811e-01,1.008189534982745217e+00,1.004190634284092720e+00,1.009569828720742413e+00,1.009504999999999875e+00,1.011667500000000164e+00,1.004720000000000057e+00,1.005518774750064237e+00,9.963555407767630268e-01,1.007158941642130046e+00,1.019752499999999840e+00,1.019764999999999810e+00,1.019479999999999942e+00
1.004982499999999890e+00,1.009452500000000086e+00,1.001224999999999810e+00,9.903385389693211138e-01,9.896144205550051476e-01,9.928172213722257222e-01,1.010430000000000161e+00,1.001894999999999980e+00,1.003199999999999870e+00,9.897812548358637663e-01,9.802493475963941494e-01,9.850972290859666414e-01,1.006179999999999852e+00,1.001142500000000046e+00,1.001674999999999871e+00,9.935000000000000497e-01,9.853725000000000955e-01,9.982300000000000617e-01,1.011121915796121318e+00,1.005526708912355405e+00,1.012975143696409175e+00,1.013054999999999817e+00,1.015810000000000102e+00,1.006460000000000132e+00,1.007377577236936439e+00,9.955116416099719645e-01,1.009644364709697761e+00,1.026692499999999786e+00,1.026542499999999913e+00,1.026505000000000001e+00
1.006117499999999998e+00,1.011597500000000149e+00,1.001362499999999711e+00,9.878317231796677200e-01,9.869047531245334071e-01,9.910353714010592396e-01,1.013180000000000192e+00,1.002240000000000020e+00,1.003867499999999913e+00,9.869351337167621141e-01,9.752682732853903413e-01,9.813357920394214506e-01,1.007384999999999753e+00,1.001327500000000148e+00,1.002094999999999958e+00,9.922325000000000728e-01,9.818150000000001043e-01,9.978600000000000803e-01,1.013994842244671180e+00,1.007055671212069958e+00,1.016509421289049531e+00,1.017004999999999715e+00,1.020175000000000054e+00,1.008247500000000185e+00,1.009401033313093166e+00,9.947014448691522404e-01,1.012211157095302294e+00,1.033844999999999681e+00,1.033590000000000009e+00,1.033555000000000001e+00
1.006967500000000015e+00,1.013667500000000166e+00,1.001174999999999704e+00,9.853248553518139108e-01,9.840349295794603712e-01,9.892140436610175058e-01,1.015735000000000277e+00,1.002442500000000125e+00,1.004610000000000003e+00,9.841809795890714696e-01,9.701503379084969181e-01,9.776804641199109414e-01,1.008749999999999813e+00,1.001125000000000043e+00,1.002252499999999991e+00,9.908775000000000777e-01,9.785475000000001256e-01,9.975975000000000259e-01,1.017096196452484946e+00,1.008717487001723478e+00,1.019965800432773850e+00,1.020772499999999638e+00,1.024750000000000050e+00,1.010147500000000198e+00,1.011426852980456426e+00,9.942035596813386666e-01,1.014804790840988513e+00,1.041079999999999783e+00,1.040722499999999995e+00,1.040960000000000107e+00
1.007707499999999978e+00,1.015512500000000262e+00,1.001064999999999650e+00,9.824370166548392902e-01,9.814273852550009503e-01,9.875183333001578134e-01,1.018372500000000347e+00,1.002790000000000070e+00,1.005447500000000050e+00,9.812378412894789959e-01,9.649070795249367061e-01,9.737238512529565737e-01,1.010067499999999896e+00,1.000932500000000003e+00,1.002455000000000096e+00,9.894625000000000226e-01,9.754400000000000848e-01,9.973125000000000462e-01,1.020384610950646476e+00,1.010534449977634530e+00,1.023583862972858194e+00,1.024647499999999711e+00,1.029484999999999983e+00,1.012215000000000309e+00,1.013516396628719507e+00,9.936988097293945055e-01,1.017531897304916111e+00,1.048504999999999798e+00,1.047989999999999977e+00,1.048122500000000068e+00
1.008499999999999952e+00,1.017395000000000271e+00,1.000817499999999693e+00,9.797714787334066422e-01,9.784443294768808697e-01,9.858493494455148332e-01,1.020835000000000381e+00,1.003030000000000088e+00,1.006555000000000089e+00,9.783367112420336964e-01,9.598757342454665720e-01,9.698486812971679472e-01,1.011355000000000004e+00,1.000734999999999930e+00,1.002372500000000111e+00,9.879875000000000185e-01,9.725275000000001002e-01,9.972125000000000572e-01,1.024038588940668904e+00,1.012511840036613098e+00,1.027236286578832036e+00,1.028787499999999744e+00,1.033927499999999888e+00,1.014227500000000282e+00,1.015658678913056168e+00,9.932974176418265522e-01,1.020119389591175096e+00,1.055987499999999857e+00,1.055385000000000018e+00,1.055665000000000076e+00
1.009127499999999955e+00,1.019057500000000172e+00,1.000292499999999585e+00,9.769960664433031683e-01,9.757148397159388642e-01,9.839714747179065801e-01,1.023445000000000382e+00,1.003142500000000048e+00,1.007442500000000019e+00,9.752327797428500533e-01,9.547969212983890008e-01,9.658386064894364242e-01,1.012567500000000065e+00,1.000410000000000021e+00,1.002242500000000147e+00,9.871324999999999683e-01,9.696425000000000738e-01,9.975225000000000897e-01,1.027690851201938926e+00,1.014411396311460711e+00,1.031287620763579049e+00,1.032907499999999645e+00,1.038942499999999880e+00,1.016160000000000174e+00,1.017924057021646567e+00,9.931148409849746006e-01,1.023056975176370731e+00,1.063744999999999941e+00,1.063290000000000068e+00,1.063370000000000148e+00
1.009692499999999882e+00,1.020315000000000083e+00,9.999374999999995905e-01,9.742596922124225900e-01,9.730634260734425389e-01,9.819948455261264808e-01,1.026125000000000398e+00,1.003130000000000077e+00,1.008404999999999996e+00,9.719984193114782345e-01,9.496354630141743414e-01,9.618265970226864692e-01,1.013845000000000107e+00,9.999750000000000583e-01,1.002190000000000136e+00,9.861999999999999655e-01,9.667950000000000710e-01,9.976300000000001278e-01,1.031329190257851192e+00,1.016431546561441523e+00,1.035138107861413914e+00,1.037052499999999711e+00,1.044137499999999941e+00,1.018137500000000140e+00,1.020239487168437265e+00,9.932216882096768229e-01,1.026230386293550012e+00,1.071620000000000017e+00,1.070995000000000141e+00,1.071217500000000156e+00
1.010284999999999878e+00,1.021610000000000129e+00,9.993524999999996439e-01,9.714701593416237291e-01,9.700301513650565477e-01,9.802415310888659139e-01,1.028987500000000388e+00,1.003295000000000048e+00,1.009292499999999926e+00,9.686920721828875536e-01,9.440162445389574941e-01,9.577928933821123758e-01,1.014947500000000113e+00,9.995325000000000459e-01,1.001967500000000122e+00,9.852075000000000138e-01,9.640450000000000408e-01,9.978050000000001640e-01,1.035021827563988417e+00,1.018600964578375345e+00,1.039296260002193772e+00,1.041722499999999663e+00,1.049112499999999892e+00,1.020150000000000112e+00,1.022707155275105473e+00,9.934237956253811896e-01,1.029551713716332806e+00,1.079767499999999991e+00,1.079085000000000072e+00,1.079075000000000228e+00
1.010527499999999801e+00,1.022772500000000084e+00,9.987349999999995953e-01,9.686448421995774716e-01,9.672274509259958242e-01,9.782357077232616271e-01,1.031395000000000284e+00,1.003465000000000051e+00,1.010167499999999885e+00,9.653700448594503269e-01,9.384749765508572095e-01,9.538039492563440414e-01,1.015935000000000032e+00,9.989800000000000901e-01,1.001672500000000188e+00,9.845949999999999980e-01,9.614624999999999977e-01,9.982475000000001764e-01,1.038753187001904887e+00,1.020744765216127226e+00,1.043415510492544218e+00,1.046539999999999582e+00,1.054539999999999811e+00,1.022487500000000216e+00,1.025132312604309481e+00,9.936162260477523489e-01,1.032964265120015490e+00,1.087682499999999886e+00,1.087155000000000094e+00,1.087302500000000283e+00
1.010622499999999757e+00,1.023645000000000138e+00,9.982299999999996176e-01,9.658690440871425809e-01,9.644707967983052743e-01,9.764302809574529896e-01,1.033822500000000311e+00,1.003310000000000146e+00,1.010999999999999899e+00,9.620061044319230259e-01,9.328293367194030461e-01,9.499286555183467096e-01,1.016917500000000141e+00,9.984350000000000724e-01,1.001275000000000137e+00,9.841524999999999856e-01,9.588524999999999965e-01,9.984375000000001998e-01,1.042715163819003310e+00,1.023079224493797179e+00,1.047596936127107359e+00,1.051202499999999596e+00,1.059859999999999802e+00,1.024930000000000119e+00,1.027782647603043165e+00,9.940851190870970688e-01,1.036263415549464995e+00,1.095859999999999834e+00,1.095542500000000086e+00,1.095495000000000330e+00
1.010697499999999804e+00,1.024595000000000145e+00,9.971024999999996696e-01,9.630646476251372157e-01,9.616265798549500365e-01,9.745183789480860170e-01,1.036357500000000265e+00,1.003155000000000241e+00,1.011959999999999971e+00,9.586437020636185968e-01,9.274192298965379111e-01,9.461759874116785207e-01,1.017772500000000191e+00,9.978325000000001221e-01,1.001140000000000141e+00,9.834924999999999917e-01,9.565749999999999531e-01,9.990300000000001956e-01,1.046933028983749958e+00,1.025531108329217789e+00,1.052105452535290198e+00,1.055734999999999646e+00,1.065507499999999830e+00,1.027160000000000073e+00,1.030726002983781031e+00,9.945861244549898394e-01,1.039852041898669199e+00,1.104292499999999899e+00,1.103972500000000023e+00,1.103737500000000260e+00
1.010377499999999706e+00,1.025072500000000053e+00,9.960024999999996798e-01,9.601318735929477155e-01,9.588074777654598257e-01,9.724499299511525363e-01,1.038795000000000357e+00,1.002775000000000194e+00,1.012912499999999882e+00,9.552038732884429173e-01,9.219796363764539704e-01,9.420431434846012753e-01,1.018565000000000165e+00,9.968450000000000921e-01,1.000932500000000225e+00,9.830149999999999721e-01,9.545949999999999713e-01,9.995375000000001897e-01,1.050765192398721792e+00,1.027889478185660899e+00,1.056604272244332066e+00,1.060944999999999583e+00,1.071059999999999901e+00,1.029395000000000060e+00,1.033489505550776455e+00,9.953426197216148630e-01,1.043399277374908118e+00,1.112744999999999873e+00,1.112302499999999972e+00,1.112370000000000303e+00
1.009964999999999780e+00,1.025279999999999969e+00,9.948249999999996263e-01,9.572715887832939918e-01,9.561339086845586088e-01,9.706179346428489563e-01,1.041025000000000311e+00,1.002515000000000267e+00,1.013539999999999885e+00,9.518867742209973226e-01,9.167422072231184993e-01,9.377547037332704116e-01,1.019432500000000186e+00,9.956575000000000841e-01,1.000540000000000207e+00,9.829649999999999777e-01,9.526175000000000059e-01,1.000447500000000156e+00,1.054785765716270252e+00,1.030261936290406855e+00,1.061268592629570184e+00,1.066162499999999680e+00,1.076732499999999870e+00,1.031784999999999952e+00,1.036256292389019507e+00,9.960591239165835775e-01,1.047091010325830185e+00,1.121339999999999781e+00,1.121022500000000033e+00,1.121002500000000346e+00
1.009449999999999736e+00,1.025487499999999885e+00,9.933574999999996713e-01,9.545836047491822463e-01,9.533857488300376826e-01,9.689295681673879557e-01,1.043252500000000360e+00,1.002050000000000329e+00,1.014057499999999834e+00,9.484042785537561970e-01,9.112762856457338190e-01,9.335179276724916431e-01,1.020220000000000127e+00,9.946150000000001379e-01,9.998350000000002513e-01,9.827474999999999961e-01,9.508250000000000313e-01,1.001372500000000221e+00,1.058942195049074497e+00,1.032857082842146612e+00,1.065863205538203129e+00,1.071604999999999697e+00,1.082424999999999971e+00,1.034059999999999979e+00,1.039101175051516002e+00,9.969819453913887353e-01,1.050770210944359739e+00,1.129842499999999861e+00,1.129847500000000116e+00,1.129772500000000290e+00
1.008734999999999715e+00,1.025444999999999940e+00,9.918524999999996927e-01,9.514971498459496857e-01,9.508315103317540595e-01,9.671329174206795276e-01,1.045497500000000413e+00,1.001540000000000319e+00,1.014944999999999764e+00,9.447848374500324997e-01,9.060737219327255065e-01,9.295120399593611582e-01,1.021097500000000213e+00,9.937450000000001005e-01,9.994150000000002754e-01,9.829875000000000140e-01,9.494750000000000689e-01,1.002510000000000234e+00,1.062971197975007609e+00,1.035444142497976339e+00,1.070487944078165388e+00,1.077007499999999673e+00,1.088354999999999961e+00,1.036347499999999977e+00,1.042160219555444245e+00,9.984548887992821253e-01,1.054793458550455698e+00,1.138547499999999824e+00,1.138525000000000009e+00,1.138425000000000242e+00
1.007842499999999752e+00,1.025342500000000046e+00,9.904849999999997268e-01,9.484007577583817294e-01,9.481398041658630760e-01,9.654156708497174666e-01,1.047617500000000312e+00,1.001132500000000425e+00,1.015832499999999694e+00,9.410222592613188830e-01,9.008348714231527721e-01,9.254742175872122667e-01,1.021707500000000213e+00,9.926925000000000887e-01,9.989350000000002394e-01,9.828949999999999632e-01,9.487400000000000277e-01,1.003595000000000237e+00,1.067326957890429417e+00,1.038177803028693669e+00,1.074909491645816839e+00,1.082314999999999694e+00,1.094459999999999988e+00,1.038532500000000081e+00,1.045573655608534214e+00,9.998334495863574478e-01,1.058528254993238660e+00,1.147467499999999863e+00,1.147402500000000103e+00,1.147322500000000245e+00
1.006782499999999692e+00,1.024882500000000141e+00,9.888124999999997611e-01,9.457344894530225199e-01,9.455126259579271775e-01,9.633504540858309761e-01,1.050065000000000248e+00,1.000690000000000524e+00,1.016509999999999803e+00,9.370582597163680250e-01,8.956128102354613540e-01,9.213948266725684455e-01,1.022462500000000274e+00,9.914425000000001154e-01,9.984425000000002326e-01,9.830574999999999175e-01,9.475075000000000580e-01,1.004602500000000287e+00,1.071454873244256145e+00,1.041129641905137015e+00,1.079639113482793400e+00,1.087894999999999612e+00,1.100279999999999925e+00,1.040812500000000140e+00,1.048812624670212967e+00,1.001289311148974681e+00,1.062566857938394005e+00,1.156152499999999916e+00,1.156397500000000189e+00,1.156230000000000313e+00
1.005649999999999711e+00,1.024035000000000251e+00,9.872974999999997170e-01,9.427460998907715162e-01,9.428559394978439645e-01,9.616263769322512811e-01,1.051985000000000170e+00,1.000115000000000531e+00,1.017362499999999725e+00,9.331713312392290183e-01,8.903847978844570132e-01,9.175480290568612807e-01,1.023007500000000292e+00,9.901800000000000601e-01,9.979200000000002513e-01,9.836874999999999369e-01,9.468075000000000241e-01,1.006017500000000231e+00,1.076196341988675975e+00,1.044326186409065160e+00,1.084697238521283413e+00,1.093392499999999545e+00,1.106609999999999872e+00,1.043005000000000182e+00,1.051963989655490872e+00,1.002890118824271148e+00,1.066501726125185456e+00,1.164999999999999813e+00,1.165645000000000264e+00,1.165442500000000381e+00
1.004292499999999810e+00,1.023162500000000197e+00,9.853799999999997006e-01,9.397957738203815969e-01,9.403921711924847493e-01,9.597715980288966664e-01,1.054185000000000150e+00,9.999000000000005661e-01,1.018127499999999630e+00,9.294640779063026992e-01,8.848434079632685467e-01,9.135874661995181389e-01,1.023550000000000182e+00,9.887075000000000724e-01,9.973075000000002355e-01,9.842424999999999091e-01,9.463550000000000573e-01,1.007455000000000211e+00,1.080700448991009921e+00,1.047209708681868578e+00,1.089503701718341766e+00,1.099064999999999515e+00,1.112979999999999858e+00,1.045265000000000111e+00,1.055189329884327121e+00,1.004601981739281280e+00,1.070522504214553416e+00,1.173967499999999831e+00,1.174682500000000296e+00,1.174240000000000395e+00
1.002882499999999899e+00,1.022110000000000296e+00,9.832924999999996807e-01,9.370268906611572968e-01,9.380515507495795768e-01,9.579175100978527535e-01,1.056385000000000129e+00,9.992825000000005176e-01,1.018709999999999560e+00,9.257079444778752997e-01,8.795882096905872638e-01,9.095194769353037723e-01,1.023972500000000174e+00,9.871475000000000666e-01,9.967675000000002505e-01,9.848749999999999449e-01,9.462375000000000647e-01,1.008952500000000141e+00,1.085073750167167894e+00,1.050353543183874416e+00,1.094628050737731506e+00,1.104697499999999444e+00,1.119074999999999820e+00,1.047615000000000185e+00,1.058686457585924279e+00,1.006627984940794640e+00,1.074706566575168942e+00,1.183172499999999738e+00,1.183302500000000368e+00,1.183287500000000492e+00
1.001074999999999937e+00,1.020915000000000239e+00,9.811049999999996718e-01,9.341786464360434250e-01,9.355710559380036040e-01,9.558997305183016824e-01,1.058077500000000226e+00,9.984075000000005584e-01,1.019399999999999640e+00,9.217642285279754599e-01,8.742642353988058224e-01,9.056820314571425445e-01,1.024490000000000123e+00,9.858125000000000915e-01,9.960750000000002657e-01,9.858374999999999222e-01,9.463175000000000336e-01,1.010835000000000150e+00,1.089755836290769775e+00,1.053413549628579693e+00,1.099995872475362457e+00,1.110574999999999424e+00,1.125317499999999749e+00,1.050022500000000081e+00,1.061982300340077456e+00,1.008823975515723337e+00,1.078937364370344820e+00,1.191949999999999843e+00,1.192285000000000261e+00,1.192217500000000596e+00
9.992749999999999133e-01,1.019302500000000222e+00,9.788074999999997194e-01,9.315217607515021703e-01,9.328945687023785238e-01,9.542914268585053206e-01,1.060035000000000283e+00,9.977450000000005481e-01,1.020077499999999748e+00,9.178790893727177824e-01,8.687785472273923393e-01,9.016537604469976319e-01,1.025075000000000180e+00,9.840150000000000841e-01,9.956200000000002825e-01,9.868149999999998867e-01,9.467875000000000041e-01,1.012590000000000101e+00,1.094384679403860527e+00,1.056571965975861671e+00,1.105195325571153075e+00,1.116664999999999353e+00,1.131667499999999826e+00,1.052362500000000090e+00,1.065294763674925926e+00,1.011094671718136828e+00,1.083110391197054323e+00,1.200879999999999947e+00,1.201355000000000173e+00,1.200937500000000657e+00
9.970699999999999008e-01,1.017572500000000213e+00,9.768199999999996885e-01,9.284991967212349318e-01,9.307104844695757162e-01,9.526354347517150822e-01,1.061765000000000292e+00,9.972475000000005085e-01,1.020754999999999857e+00,9.138033239099344618e-01,8.633842499289441363e-01,8.977107299220470349e-01,1.025817500000000271e+00,9.823650000000000437e-01,9.952375000000003302e-01,9.878649999999998821e-01,9.472774999999999945e-01,1.014397500000000063e+00,1.098988888633474659e+00,1.059848636111119013e+00,1.110300961387107321e+00,1.122514999999999263e+00,1.137859999999999872e+00,1.054537500000000128e+00,1.068624517007852326e+00,1.013348925009384560e+00,1.087383292392434697e+00,1.209829999999999961e+00,1.210447500000000121e+00,1.209757500000000707e+00
9.946724999999998484e-01,1.015375000000000139e+00,9.741674999999997420e-01,9.258945292907632130e-01,9.283241730543597692e-01,9.511653202151089115e-01,1.063262500000000221e+00,9.964775000000004601e-01,1.021569999999999867e+00,9.099455914557400549e-01,8.580295344757719045e-01,8.939999373569738061e-01,1.026425000000000365e+00,9.809050000000000269e-01,9.949275000000002978e-01,9.889024999999999066e-01,9.480324999999999447e-01,1.016557500000000003e+00,1.103579248250859735e+00,1.063411097596846933e+00,1.115398458268951121e+00,1.128307499999999353e+00,1.144129999999999869e+00,1.056977500000000125e+00,1.072171833156443155e+00,1.015787946743781589e+00,1.091619822420657693e+00,1.218750000000000000e+00,1.219315000000000149e+00,1.218637500000000706e+00
9.922049999999998926e-01,1.013130000000000086e+00,9.715824999999997935e-01,9.232288155489213333e-01,9.262152144528862374e-01,9.494940552907318310e-01,1.064992500000000231e+00,9.953725000000004375e-01,1.022354999999999903e+00,9.061138837579874039e-01,8.529306445545834503e-01,8.899637177088328688e-01,1.027037500000000270e+00,9.790775000000000450e-01,9.946025000000002780e-01,9.903849999999999598e-01,9.491574999999999873e-01,1.018477499999999925e+00,1.108292692915034294e+00,1.066597713844783302e+00,1.120532932919670044e+00,1.134404999999999442e+00,1.150339999999999918e+00,1.059072500000000083e+00,1.075641679788306160e+00,1.018341245173475462e+00,1.096056707787939954e+00,1.227589999999999959e+00,1.228170000000000206e+00,1.227695000000000647e+00
9.895599999999998841e-01,1.010545000000000027e+00,9.690524999999997613e-01,9.205032902540732920e-01,9.237527526498993113e-01,9.479142853157208615e-01,1.066635000000000222e+00,9.943950000000004730e-01,1.023064999999999891e+00,9.021307331490691084e-01,8.477918802647241847e-01,8.862782392220827088e-01,1.027290000000000258e+00,9.772675000000000667e-01,9.942050000000002274e-01,9.920324999999999838e-01,9.506000000000000005e-01,1.020319999999999894e+00,1.113234725151315274e+00,1.069919863101308710e+00,1.125401101068016718e+00,1.140302499999999331e+00,1.156672499999999992e+00,1.060965000000000158e+00,1.079164329721028048e+00,1.021326121074007887e+00,1.100602735290846068e+00,1.236407499999999882e+00,1.237165000000000292e+00,1.236255000000000548e+00
9.866024999999999379e-01,1.007587500000000080e+00,9.660274999999998169e-01,9.179284756373439214e-01,9.216601525889984714e-01,9.462676022366197648e-01,1.068417500000000242e+00,9.934650000000004866e-01,1.023892499999999872e+00,8.978995387540976703e-01,8.426161185001819209e-01,8.826712639368459179e-01,1.027632500000000171e+00,9.755575000000000774e-01,9.937375000000002734e-01,9.938025000000000331e-01,9.523175000000000390e-01,1.022457499999999797e+00,1.117996768165060439e+00,1.073736685652926459e+00,1.130341684845770356e+00,1.146272499999999361e+00,1.162962499999999899e+00,1.063070000000000181e+00,1.082576383829496391e+00,1.024439781921984149e+00,1.105091158717351307e+00,1.245029999999999859e+00,1.245817500000000244e+00,1.244967500000000449e+00
9.837199999999999278e-01,1.004435000000000189e+00,9.631149999999998323e-01,9.152327511180379238e-01,9.197124897124329124e-01,9.444055853733878125e-01,1.069610000000000172e+00,9.925900000000005274e-01,1.024607499999999893e+00,8.936351964966721129e-01,8.376191327547398702e-01,8.792757423402389749e-01,1.027900000000000258e+00,9.739150000000000862e-01,9.934225000000003192e-01,9.958299999999999930e-01,9.544175000000000297e-01,1.024774999999999769e+00,1.122805160791034540e+00,1.077229827333501033e+00,1.135496943767736910e+00,1.152219999999999356e+00,1.169692499999999802e+00,1.065205000000000179e+00,1.086228604830030031e+00,1.027438265100430792e+00,1.109450994571750115e+00,1.253714999999999913e+00,1.254677500000000334e+00,1.253637500000000404e+00
9.808999999999998831e-01,1.001262500000000166e+00,9.601674999999998406e-01,9.127973927152553957e-01,9.178492722723500252e-01,9.427790584088880932e-01,1.070770000000000222e+00,9.915900000000005265e-01,1.025469999999999882e+00,8.894928517139296664e-01,8.324965404075799214e-01,8.754931407474765281e-01,1.028417500000000206e+00,9.722375000000000878e-01,9.931025000000003322e-01,9.980850000000000000e-01,9.564650000000000096e-01,1.026912499999999673e+00,1.127711534387397352e+00,1.081101543959597233e+00,1.140570393662014181e+00,1.158149999999999347e+00,1.175844999999999807e+00,1.067320000000000269e+00,1.089954591072199719e+00,1.030802270510002172e+00,1.113756300619073381e+00,1.262332499999999857e+00,1.263335000000000319e+00,1.262180000000000302e+00
9.772374999999998701e-01,9.978225000000001677e-01,9.569724999999998927e-01,9.104343350880148567e-01,9.157328657090768598e-01,9.411818207662696611e-01,1.072080000000000144e+00,9.910825000000005325e-01,1.026189999999999936e+00,8.851803400391217158e-01,8.273878712657778411e-01,8.720743241021579051e-01,1.028750000000000275e+00,9.706550000000000455e-01,9.928425000000002942e-01,1.000337500000000102e+00,9.588275000000000547e-01,1.029209999999999736e+00,1.132338044392553478e+00,1.084952151458658864e+00,1.145570424725371073e+00,1.164174999999999294e+00,1.182264999999999899e+00,1.069147500000000361e+00,1.093707219449993273e+00,1.034289517080964282e+00,1.118479095888932351e+00,1.270907499999999857e+00,1.271890000000000409e+00,1.270727500000000232e+00
9.732349999999998502e-01,9.941925000000001456e-01,9.536224999999999286e-01,9.082065681350485198e-01,9.135876292393825260e-01,9.396914549670051242e-01,1.073310000000000208e+00,9.902650000000005059e-01,1.026884999999999826e+00,8.808651094340478327e-01,8.223443062003766846e-01,8.685576628952441647e-01,1.029125000000000290e+00,9.690425000000000288e-01,9.924675000000002800e-01,1.002612500000000129e+00,9.615225000000000577e-01,1.031812499999999799e+00,1.137149846921104324e+00,1.088908794491626253e+00,1.150586051612981553e+00,1.169874999999999332e+00,1.188199999999999923e+00,1.070755000000000345e+00,1.097376281810608756e+00,1.037876908989063374e+00,1.123068795334537739e+00,1.279209999999999958e+00,1.280290000000000372e+00,1.279107500000000286e+00
9.695724999999998373e-01,9.900050000000001349e-01,9.504424999999999679e-01,9.060593773005278795e-01,9.118793274287066986e-01,9.382131494580882025e-01,1.074467500000000131e+00,9.892750000000004595e-01,1.027724999999999778e+00,8.766238020343317672e-01,8.173277601645868584e-01,8.649023944104161643e-01,1.029707500000000220e+00,9.674400000000000777e-01,9.922025000000003203e-01,1.005370000000000097e+00,9.644275000000001041e-01,1.034437499999999899e+00,1.141623941296853406e+00,1.093109924221812523e+00,1.155579095979119453e+00,1.175677499999999265e+00,1.194067499999999837e+00,1.072820000000000329e+00,1.101096013588606759e+00,1.041681632155976533e+00,1.127387983326482601e+00,1.287385000000000002e+00,1.288492500000000263e+00,1.287472500000000242e+00
9.655999999999997918e-01,9.861250000000001403e-01,9.470124999999999238e-01,9.037923946188090030e-01,9.099526246437977806e-01,9.368733902605413943e-01,1.075570000000000137e+00,9.883225000000004368e-01,1.028449999999999864e+00,8.728722827835729836e-01,8.121515389845843647e-01,8.617330339790443272e-01,1.029805000000000303e+00,9.658650000000000846e-01,9.918825000000003334e-01,1.008577500000000127e+00,9.675675000000001358e-01,1.037502499999999994e+00,1.146237732371743645e+00,1.097327873757152350e+00,1.160227318014787068e+00,1.181204999999999172e+00,1.200209999999999777e+00,1.074525000000000396e+00,1.104777428762964586e+00,1.045408175128043071e+00,1.131905048212415110e+00,1.295719999999999983e+00,1.296837500000000309e+00,1.295662500000000161e+00
9.613299999999997958e-01,9.819750000000001533e-01,9.433149999999999036e-01,9.017614474709960692e-01,9.083243317614655421e-01,9.352131913533422436e-01,1.076430000000000220e+00,9.872875000000004286e-01,1.029184999999999794e+00,8.686535579053294986e-01,8.072115614912894754e-01,8.586680866517626409e-01,1.030250000000000332e+00,9.643400000000000860e-01,9.916600000000003190e-01,1.011565000000000047e+00,9.705675000000001384e-01,1.040405000000000024e+00,1.150827654128597111e+00,1.101202653875109627e+00,1.164806943550004803e+00,1.186822499999999225e+00,1.205954999999999888e+00,1.076160000000000450e+00,1.108459064716708964e+00,1.049487645183177165e+00,1.136208536303705330e+00,1.303747500000000059e+00,1.304965000000000375e+00,1.303772500000000223e+00
9.568274999999998309e-01,9.776575000000001792e-01,9.397849999999998705e-01,8.998624242047373878e-01,9.066292495572519927e-01,9.340461295311329737e-01,1.077340000000000186e+00,9.862850000000004114e-01,1.030097499999999888e+00,8.646275627348161130e-01,8.026258517649476065e-01,8.555058905871394392e-01,1.030545000000000266e+00,9.630050000000001109e-01,9.916375000000002826e-01,1.014855000000000063e+00,9.740400000000001279e-01,1.043104999999999949e+00,1.155689488989540603e+00,1.105620057775275722e+00,1.169108055106244937e+00,1.192602499999999122e+00,1.211667499999999897e+00,1.077767500000000434e+00,1.112166946206281537e+00,1.053651413488536415e+00,1.140838205266038630e+00,1.311762500000000164e+00,1.313205000000000400e+00,1.311822500000000113e+00
9.523899999999998478e-01,9.729575000000001417e-01,9.361424999999998775e-01,8.978567175421187097e-01,9.047028608506662017e-01,9.328768171224616212e-01,1.078135000000000288e+00,9.853900000000004322e-01,1.030657499999999782e+00,8.602943296044253119e-01,7.977816065046997585e-01,8.523210276304507005e-01,1.031030000000000335e+00,9.612150000000001526e-01,9.914175000000002846e-01,1.018395000000000161e+00,9.779250000000001553e-01,1.046079999999999899e+00,1.160253719774083203e+00,1.109858958473928459e+00,1.173862565787597623e+00,1.198277499999999218e+00,1.217239999999999878e+00,1.079062500000000480e+00,1.116026500314749814e+00,1.057808225579948802e+00,1.145097499183504786e+00,1.319727500000000164e+00,1.320832500000000298e+00,1.319750000000000201e+00
9.478449999999998266e-01,9.680550000000001098e-01,9.322424999999998629e-01,8.957639182567598279e-01,9.033836041784363280e-01,9.316408320948945665e-01,1.078902500000000320e+00,9.844775000000004495e-01,1.031314999999999760e+00,8.560617354081448971e-01,7.929330737716910882e-01,8.490641671990789563e-01,1.031072500000000280e+00,9.598400000000001375e-01,9.914125000000002519e-01,1.021805000000000074e+00,9.818325000000001079e-01,1.049102499999999827e+00,1.165105734153676798e+00,1.113804659271926623e+00,1.178319368316148585e+00,1.203784999999999217e+00,1.223029999999999839e+00,1.080112500000000475e+00,1.119598690832011467e+00,1.062221008540481959e+00,1.149390003779089620e+00,1.327397500000000230e+00,1.328722500000000251e+00,1.327372500000000288e+00
9.431774999999997799e-01,9.633875000000000632e-01,9.285124999999998519e-01,8.938130948911555684e-01,9.020740010954908517e-01,9.302436769737486566e-01,1.079470000000000374e+00,9.836900000000003974e-01,1.031957499999999861e+00,8.519674775213124107e-01,7.882345176346335913e-01,8.459962604563370236e-01,1.031607500000000233e+00,9.582275000000001208e-01,9.913350000000002993e-01,1.025517500000000082e+00,9.856225000000000680e-01,1.052284999999999915e+00,1.169655499795928977e+00,1.118197167248493606e+00,1.182730908804576764e+00,1.209362499999999230e+00,1.228829999999999867e+00,1.081317500000000376e+00,1.123102921933812892e+00,1.066555622083632748e+00,1.153820781868457601e+00,1.334952500000000208e+00,1.336090000000000222e+00,1.334612500000000201e+00
9.383024999999998172e-01,9.581625000000000281e-01,9.244649999999998702e-01,8.918346979324225376e-01,9.004686460736904818e-01,9.288095961219279273e-01,1.080510000000000304e+00,9.828325000000004419e-01,1.032972499999999849e+00,8.476472576937027492e-01,7.838184525692324378e-01,8.430112610908548909e-01,1.031922500000000298e+00,9.569800000000001639e-01,9.912175000000003067e-01,1.029342500000000049e+00,9.896450000000001079e-01,1.055464999999999876e+00,1.173875778740962161e+00,1.122790459496308069e+00,1.187259552693209486e+00,1.214782499999999210e+00,1.233969999999999789e+00,1.082360000000000433e+00,1.126353545757700081e+00,1.070911019898030947e+00,1.158091728699011558e+00,1.342197500000000154e+00,1.343562500000000215e+00,1.341762500000000191e+00
9.332774999999998711e-01,9.529575000000000129e-01,9.205574999999999175e-01,8.902960694168388089e-01,8.991882802744258774e-01,9.276972094439314143e-01,1.080915000000000292e+00,9.821225000000004535e-01,1.033239999999999936e+00,8.435897567963590582e-01,7.793758691504162339e-01,8.400855796814056253e-01,1.032347500000000196e+00,9.555275000000001961e-01,9.911900000000003486e-01,1.033237500000000031e+00,9.942075000000001328e-01,1.059109999999999774e+00,1.178271779141578213e+00,1.127455257470952654e+00,1.191481367848345130e+00,1.219802499999999235e+00,1.239239999999999897e+00,1.083415000000000461e+00,1.129898959579665130e+00,1.075518330816519263e+00,1.162401410287929648e+00,1.349465000000000137e+00,1.351210000000000244e+00,1.348960000000000159e+00
9.283099999999998575e-01,9.474924999999999597e-01,9.162774999999999670e-01,8.889151490540568856e-01,8.979900160262451747e-01,9.263799160648715780e-01,1.081382500000000357e+00,9.811375000000004398e-01,1.034102499999999925e+00,8.395941492972974762e-01,7.746614246657104186e-01,8.371003182758007810e-01,1.032640000000000224e+00,9.544350000000001444e-01,9.912925000000003539e-01,1.037260000000000071e+00,9.989825000000001065e-01,1.062509999999999843e+00,1.182577770613850721e+00,1.131947377776067576e+00,1.195712660772355829e+00,1.224764999999999215e+00,1.244622499999999965e+00,1.084432500000000354e+00,1.133238337867724210e+00,1.080275808627072953e+00,1.166430935762246435e+00,1.356585000000000152e+00,1.358205000000000329e+00,1.356110000000000149e+00
9.232249999999998513e-01,9.417774999999999341e-01,9.120650000000000146e-01,8.874253073350376608e-01,8.967685410999458595e-01,9.255106969551368801e-01,1.081850000000000422e+00,9.800800000000003953e-01,1.034677499999999917e+00,8.354219104400764095e-01,7.701513412468942166e-01,8.342249509446746369e-01,1.032842500000000330e+00,9.532050000000001910e-01,9.914450000000003538e-01,1.041395000000000071e+00,1.003580000000000139e+00,1.066224999999999756e+00,1.186753480340192679e+00,1.136122229638033110e+00,1.199904822338207167e+00,1.229472499999999302e+00,1.249447500000000044e+00,1.085225000000000328e+00,1.136858574020159551e+00,1.084843578961021349e+00,1.170599571039794284e+00,1.363695000000000102e+00,1.364900000000000224e+00,1.362852500000000244e+00
9.180424999999998725e-01,9.360674999999999413e-01,9.079650000000000221e-01,8.859106217306196296e-01,8.954642502462029086e-01,9.245939061013939142e-01,1.082195000000000462e+00,9.792050000000004362e-01,1.035320000000000018e+00,8.312727566296447268e-01,7.654618555014520709e-01,8.317633901159207088e-01,1.032965000000000355e+00,9.520600000000002394e-01,9.916750000000003062e-01,1.045410000000000172e+00,1.008655000000000079e+00,1.070117499999999833e+00,1.191083100645307757e+00,1.140727686252595907e+00,1.203914568274651486e+00,1.234187499999999327e+00,1.254550000000000054e+00,1.085755000000000248e+00,1.140544206772390545e+00,1.089806065699918891e+00,1.174733866806380922e+00,1.370427500000000132e+00,1.371520000000000294e+00,1.369622500000000187e+00
9.127874999999998629e-01,9.304999999999999938e-01,9.032900000000000373e-01,8.848073879657110119e-01,8.941163521145457649e-01,9.233039673851969331e-01,1.082660000000000400e+00,9.785850000000004822e-01,1.036259999999999959e+00,8.274425457303787868e-01,7.610134465506521728e-01,8.290740475412362587e-01,1.033210000000000406e+00,9.509175000000001932e-01,9.917950000000003152e-01,1.049792500000000128e+00,1.013792500000000096e+00,1.073929999999999829e+00,1.195268422700197730e+00,1.145528361797424788e+00,1.207868280526310345e+00,1.238854999999999373e+00,1.259392500000000137e+00,1.086280000000000356e+00,1.144047257003149021e+00,1.094326869042456352e+00,1.178710590828959237e+00,1.376892500000000075e+00,1.378167500000000212e+00,1.376025000000000276e+00
9.075249999999999151e-01,9.246174999999999811e-01,8.987450000000000161e-01,8.836357227432972694e-01,8.927290085464060221e-01,9.221926987625788108e-01,1.082765000000000422e+00,9.776850000000004703e-01,1.037339999999999929e+00,8.237026578377795172e-01,7.566225052674596663e-01,8.262415050658973303e-01,1.033500000000000307e+00,9.499925000000002395e-01,9.920650000000003077e-01,1.054475000000000051e+00,1.018865000000000132e+00,1.077787499999999898e+00,1.199369855731242884e+00,1.150053818411987727e+00,1.211713688800913902e+00,1.243222499999999453e+00,1.264015000000000111e+00,1.086965000000000403e+00,1.147459659371453444e+00,1.099409479563562497e+00,1.182504197472355578e+00,1.383485000000000076e+00,1.384615000000000151e+00,1.382240000000000357e+00
9.019699999999999385e-01,9.186124999999999430e-01,8.943750000000000311e-01,8.825131063575706314e-01,8.917968300212112398e-01,9.212500177120670486e-01,1.082947500000000396e+00,9.768700000000004602e-01,1.038417499999999993e+00,8.195647387857117883e-01,7.518936369011995913e-01,8.236611054023785794e-01,1.033735000000000293e+00,9.490075000000002259e-01,9.923600000000003529e-01,1.059092499999999992e+00,1.024257500000000043e+00,1.081899999999999862e+00,1.203430526045969007e+00,1.154470018037061951e+00,1.215481053289464208e+00,1.247497499999999482e+00,1.268012500000000209e+00,1.087102500000000305e+00,1.150619918927937801e+00,1.104309466302459963e+00,1.186573023046017861e+00,1.389642500000000114e+00,1.390745000000000120e+00,1.388590000000000435e+00
8.962474999999999747e-01,9.127999999999999448e-01,8.898924999999999752e-01,8.814196105525393676e-01,8.909219217882863306e-01,9.200545853988968403e-01,1.083410000000000428e+00,9.762500000000005063e-01,1.039272500000000043e+00,8.156034403143394007e-01,7.475052907660643120e-01,8.207534480731746296e-01,1.033922500000000300e+00,9.478775000000002615e-01,9.929150000000003251e-01,1.063979999999999926e+00,1.029487500000000111e+00,1.085757499999999931e+00,1.207238778882167685e+00,1.158997168825449009e+00,1.219230207099895935e+00,1.251787499999999387e+00,1.272337500000000121e+00,1.087517500000000359e+00,1.154149047802458972e+00,1.109305194202748091e+00,1.190491566873749685e+00,1.395557500000000006e+00,1.397057500000000063e+00,1.394600000000000506e+00
8.906724999999999781e-01,9.065074999999999106e-01,8.854674999999999629e-01,8.804186667857084592e-01,8.897959367607192194e-01,9.190569043483850509e-01,1.083665000000000322e+00,9.760025000000005502e-01,1.040147500000000003e+00,8.118102053348280611e-01,7.431084503577592981e-01,8.184079640390629073e-01,1.034157500000000285e+00,9.471500000000002695e-01,9.934225000000003192e-01,1.068945000000000034e+00,1.034907500000000091e+00,1.089650000000000007e+00,1.211337963175871391e+00,1.163550721264265508e+00,1.222678892566523734e+00,1.256002499999999467e+00,1.276762500000000022e+00,1.087802500000000450e+00,1.157326346094362579e+00,1.114404353560541239e+00,1.194603761089252369e+00,1.401447499999999957e+00,1.402775000000000105e+00,1.400742500000000446e+00
8.849924999999999597e-01,9.002149999999998764e-01,8.808749999999999636e-01,8.794177642796138228e-01,8.887597829919661185e-01,9.180394009674028855e-01,1.083932500000000410e+00,9.756300000000005523e-01,1.040732500000000060e+00,8.080406404488955641e-01,7.387090471337897091e-01,8.159654717528038725e-01,1.034550000000000303e+00,9.466850000000002208e-01,9.937600000000003098e-01,1.073652500000000121e+00,1.040432500000000093e+00,1.093667500000000015e+00,1.215295370774278405e+00,1.168129033217887747e+00,1.226159187836382669e+00,1.260079999999999423e+00,1.280847499999999917e+00,1.087677500000000519e+00,1.160515381669947166e+00,1.119714327672854060e+00,1.198318028221687426e+00,1.407352500000000006e+00,1.408497500000000180e+00,1.406460000000000488e+00
8.794324999999999504e-01,8.943224999999999092e-01,8.763075000000000170e-01,8.785275096359732583e-01,8.877833043674256963e-01,9.172359769063799240e-01,1.084262500000000351e+00,9.750925000000005838e-01,1.041775000000000118e+00,8.041217880902022941e-01,7.342102092508016042e-01,8.134695587865039546e-01,1.035057500000000408e+00,9.459875000000002032e-01,9.941625000000002821e-01,1.078870000000000218e+00,1.046117500000000033e+00,1.097452499999999942e+00,1.219252683224628209e+00,1.172859299536336275e+00,1.229516523690781460e+00,1.263747499999999357e+00,1.284884999999999833e+00,1.087817500000000548e+00,1.163643496565490709e+00,1.124801457223571610e+00,1.202302462246187975e+00,1.413059999999999983e+00,1.414267500000000233e+00,1.412000000000000588e+00
8.739424999999999555e-01,8.881249999999999423e-01,8.714950000000000196e-01,8.776443996532733438e-01,8.867392324439486995e-01,9.162053669236800424e-01,1.084380000000000344e+00,9.747675000000005641e-01,1.042552500000000215e+00,8.003998488355991148e-01,7.298145712684680486e-01,8.112093457208585656e-01,1.035030000000000339e+00,9.452750000000001984e-01,9.946800000000002306e-01,1.083692500000000170e+00,1.051930000000000032e+00,1.101419999999999844e+00,1.223161650437186498e+00,1.177467999161410317e+00,1.232950137413401093e+00,1.267264999999999420e+00,1.289157499999999734e+00,1.087495000000000545e+00,1.166705514960584278e+00,1.129926316482019244e+00,1.205836835304144428e+00,1.418192499999999967e+00,1.419937500000000297e+00,1.417440000000000477e+00
8.681474999999999609e-01,8.821799999999999642e-01,8.668449999999999767e-01,8.770464870459109274e-01,8.857078274125371742e-01,9.151063685933318315e-01,1.084345000000000336e+00,9.740850000000005338e-01,1.043847500000000261e+00,7.965685269601778806e-01,7.253859523157458744e-01,8.089633268290372659e-01,1.035377500000000284e+00,9.449400000000002242e-01,9.951425000000002630e-01,1.088685000000000125e+00,1.058062500000000128e+00,1.105472499999999858e+00,1.226739749007904390e+00,1.182276540822762678e+00,1.236330445309844706e+00,1.270699999999999497e+00,1.292787499999999756e+00,1.087240000000000650e+00,1.169777992771138031e+00,1.134935213799689757e+00,1.209393353023041628e+00,1.423727500000000035e+00,1.425115000000000354e+00,1.422645000000000381e+00
8.625599999999999934e-01,8.763774999999999205e-01,8.621874999999999956e-01,8.762216810402663203e-01,8.844210473362583702e-01,9.142342725896094313e-01,1.084535000000000249e+00,9.737075000000005032e-01,1.044535000000000213e+00,7.928319645995623999e-01,7.210566639456412741e-01,8.069161467719808689e-01,1.035707500000000225e+00,9.446525000000002281e-01,9.957050000000002843e-01,1.093957500000000138e+00,1.064147500000000024e+00,1.109702499999999814e+00,1.230349260006516010e+00,1.187058899763951514e+00,1.239666015246410957e+00,1.273604999999999432e+00,1.296372499999999706e+00,1.087240000000000650e+00,1.172800429320955518e+00,1.140188597814579152e+00,1.213039357439157584e+00,1.429010000000000113e+00,1.430332500000000451e+00,1.427822500000000439e+00
8.566025000000000444e-01,8.703449999999999243e-01,8.572849999999999637e-01,8.754337881387117548e-01,8.835567133726586198e-01,9.133541112449055088e-01,1.084705000000000252e+00,9.735825000000004614e-01,1.045427500000000176e+00,7.891627353468814166e-01,7.167143407178272474e-01,8.047598766175011464e-01,1.036352500000000232e+00,9.442975000000002339e-01,9.963675000000002946e-01,1.099275000000000224e+00,1.070359999999999978e+00,1.113867499999999788e+00,1.233908918191385151e+00,1.191499252302113510e+00,1.242800666352056993e+00,1.276684999999999404e+00,1.299872499999999764e+00,1.087015000000000731e+00,1.176017436938584959e+00,1.145418561149427639e+00,1.216623364380590600e+00,1.434380000000000210e+00,1.435262500000000552e+00,1.432785000000000419e+00
8.510800000000000587e-01,8.643899999999998807e-01,8.529099999999999460e-01,8.748478406736398538e-01,8.828069289219424576e-01,9.125447449489132445e-01,1.084482500000000238e+00,9.736800000000004340e-01,1.046445000000000070e+00,7.854537358019305637e-01,7.126563804050233264e-01,8.026915982108742131e-01,1.036930000000000129e+00,9.440425000000002287e-01,9.969150000000003287e-01,1.104435000000000278e+00,1.076337499999999947e+00,1.117867499999999792e+00,1.237572081426888237e+00,1.195747345325469890e+00,1.245991541438602690e+00,1.279362499999999514e+00,1.303212499999999663e+00,1.086880000000000734e+00,1.178834320774005739e+00,1.150592447689634090e+00,1.220044422684027685e+00,1.439132500000000148e+00,1.440237500000000503e+00,1.437955000000000316e+00
8.453325000000000422e-01,8.582949999999999191e-01,8.479524999999999979e-01,8.743355328188747722e-01,8.819223436956843409e-01,9.120085893310396763e-01,1.084622500000000267e+00,9.736900000000003885e-01,1.047502500000000003e+00,7.818652800430327954e-01,7.084014010626079605e-01,8.003909974737768440e-01,1.037382500000000096e+00,9.440550000000001996e-01,9.976475000000003535e-01,1.109785000000000244e+00,1.082377499999999992e+00,1.121782499999999683e+00,1.240758028257442191e+00,1.200354790486372281e+00,1.248904333327479632e+00,1.282064999999999566e+00,1.306264999999999565e+00,1.086422500000000735e+00,1.182038306160510421e+00,1.155769221901292276e+00,1.223465262057198855e+00,1.444007500000000110e+00,1.445097500000000590e+00,1.442725000000000257e+00
8.396125000000000949e-01,8.522649999999999393e-01,8.434699999999999420e-01,8.739369489450093953e-01,8.812483542936797587e-01,9.111721107064992831e-01,1.084740000000000260e+00,9.736700000000003685e-01,1.048567500000000097e+00,7.785040514665482192e-01,7.040761812349982662e-01,7.984612114911990854e-01,1.038010000000000099e+00,9.438625000000001597e-01,9.986000000000003762e-01,1.115445000000000242e+00,1.088362499999999899e+00,1.126042499999999613e+00,1.244124256833926800e+00,1.204937768655863550e+00,1.251578622014843045e+00,1.285069999999999490e+00,1.309239999999999515e+00,1.085870000000000779e+00,1.184763809900430065e+00,1.161074969507388310e+00,1.226841937739817867e+00,1.448782500000000084e+00,1.449720000000000564e+00,1.447315000000000351e+00
8.338500000000000911e-01,8.462874999999999703e-01,8.387774999999999537e-01,8.735050466183835738e-01,8.804366136290167066e-01,9.103449518871122859e-01,1.084917500000000201e+00,9.737200000000003630e-01,1.049540000000000139e+00,7.748980957076504472e-01,7.002175083949551126e-01,7.963985162822410091e-01,1.038552499999999990e+00,9.437750000000001416e-01,9.997275000000003242e-01,1.121102500000000335e+00,1.094672499999999937e+00,1.130162499999999515e+00,1.247556888909961303e+00,1.209400642748953869e+00,1.254042063615294467e+00,1.288137499999999491e+00,1.312127499999999447e+00,1.085412500000000779e+00,1.187732649949797548e+00,1.166312705659823701e+00,1.230158383714706760e+00,1.453452500000000036e+00,1.453977500000000589e+00,1.451802500000000329e+00
8.280425000000001257e-01,8.403625000000000123e-01,8.342874999999999597e-01,8.733762204102034632e-01,8.798239935450490323e-01,9.095598838413450071e-01,1.084877500000000161e+00,9.735375000000003887e-01,1.050690000000000124e+00,7.712893868369737893e-01,6.960528951690632127e-01,7.944629441792951940e-01,1.039015000000000022e+00,9.440125000000001432e-01,1.000515000000000265e+00,1.126877500000000420e+00,1.100444999999999895e+00,1.134487499999999427e+00,1.251073693604891623e+00,1.213930085384539170e+00,1.256730515993210062e+00,1.290324999999999500e+00,1.315029999999999477e+00,1.085112500000000813e+00,1.190670025533070886e+00,1.171434688024283632e+00,1.233492487653317538e+00,1.457510000000000083e+00,1.458230000000000581e+00,1.456307500000000310e+00
8.223800000000001109e-01,8.343675000000000397e-01,8.296574999999999367e-01,8.730746213844364778e-01,8.790449736597724106e-01,9.088529959904243505e-01,1.084870000000000223e+00,9.735650000000003468e-01,1.051695000000000046e+00,7.679506456339044718e-01,6.921347445601448989e-01,7.925000515949995883e-01,1.039447500000000080e+00,9.440525000000001832e-01,1.001697500000000352e+00,1.132425000000000459e+00,1.106559999999999988e+00,1.138789999999999525e+00,1.254370112477490640e+00,1.218472309766055028e+00,1.259194732936565364e+00,1.292679999999999607e+00,1.317327499999999540e+00,1.084477500000000871e+00,1.193354797039943405e+00,1.176428637380154685e+00,1.236480651206079528e+00,1.461762500000000076e+00,1.462457500000000632e+00,1.460517500000000357e+00
8.166075000000001527e-01,8.287950000000000594e-01,8.248799999999999466e-01,8.731859512908576315e-01,8.780484842577678251e-01,9.080154602770497130e-01,1.084740000000000260e+00,9.733300000000003616e-01,1.052677500000000155e+00,7.647116747231050837e-01,6.880143883237418434e-01,7.909244363821970047e-01,1.039982500000000032e+00,9.440275000000001304e-01,1.002745000000000442e+00,1.137992500000000407e+00,1.112787500000000041e+00,1.142939999999999623e+00,1.257640454555447374e+00,1.222981240947979664e+00,1.261590769685073887e+00,1.295184999999999587e+00,1.319847499999999618e+00,1.083580000000000876e+00,1.196211576798963172e+00,1.181513643824859905e+00,1.239451921360559261e+00,1.465934999999999988e+00,1.466672500000000712e+00,1.464650000000000452e+00
8.107400000000001272e-01,8.229850000000000776e-01,8.202049999999999619e-01,8.731335984771152470e-01,8.771447873791580196e-01,9.076817812551272180e-01,1.084207500000000213e+00,9.737275000000004122e-01,1.053855000000000208e+00,7.614550997359048612e-01,6.837722446145779731e-01,7.892615939869812580e-01,1.040785000000000071e+00,9.437875000000001124e-01,1.003602500000000397e+00,1.143545000000000478e+00,1.118912499999999977e+00,1.146829999999999572e+00,1.260754238868373456e+00,1.227176731744055616e+00,1.263939622361026194e+00,1.297382499999999661e+00,1.322629999999999528e+00,1.082920000000000771e+00,1.198878128699373491e+00,1.186537813960117260e+00,1.242768295591439864e+00,1.469894999999999952e+00,1.470712500000000755e+00,1.468755000000000477e+00
8.053825000000001122e-01,8.176425000000000498e-01,8.154150000000000009e-01,8.730048027522071541e-01,8.765080359370307495e-01,9.067487950546360143e-01,1.083897500000000180e+00,9.735825000000004614e-01,1.055220000000000269e+00,7.583481980437968284e-01,6.796893147850461281e-01,7.874488664456306131e-01,1.041247500000000104e+00,9.439775000000001359e-01,1.004802500000000487e+00,1.148955000000000393e+00,1.125097500000000084e+00,1.150804999999999634e+00,1.263681129783017276e+00,1.231504952247861606e+00,1.266226195816364752e+00,1.299329999999999652e+00,1.324997499999999606e+00,1.082165000000000710e+00,1.201385768171890023e+00,1.191597883220487208e+00,1.245863352542484037e+00,1.473797499999999872e+00,1.474580000000000668e+00,1.472670000000000368e+00
8.001350000000001517e-01,8.119025000000000825e-01,8.106124999999999581e-01,8.728985787713073874e-01,8.757604786687276377e-01,9.057175784702182764e-01,1.083825000000000260e+00,9.735900000000005106e-01,1.056575000000000264e+00,7.551563071291530482e-01,6.756885600997269981e-01,7.858537950188811960e-01,1.041680000000000161e+00,9.443800000000001083e-01,1.005732500000000584e+00,1.154407500000000475e+00,1.131407500000000121e+00,1.154944999999999666e+00,1.266677518172344197e+00,1.235981918287495818e+00,1.268537255968922306e+00,1.301034999999999719e+00,1.326774999999999594e+00,1.081232500000000707e+00,1.204045656381748097e+00,1.196658266559180284e+00,1.248824288912832925e+00,1.477737499999999926e+00,1.478622500000000617e+00,1.476565000000000349e+00
7.947150000000001713e-01,8.062900000000000622e-01,8.059849999999999515e-01,8.731863281848453173e-01,8.748069074214470664e-01,9.050635351808927753e-01,1.083707500000000268e+00,9.736750000000005123e-01,1.057750000000000190e+00,7.521887055363906116e-01,6.716771055137533697e-01,7.841618301938496627e-01,1.042342500000000172e+00,9.447800000000000642e-01,1.006972500000000492e+00,1.160175000000000400e+00,1.137532500000000057e+00,1.158694999999999586e+00,1.269668876078398956e+00,1.240109103257395873e+00,1.270528777386060515e+00,1.302684999999999649e+00,1.328957499999999570e+00,1.080287500000000733e+00,1.206777145466493728e+00,1.201332479804294362e+00,1.252053498776964924e+00,1.481565000000000021e+00,1.482272500000000548e+00,1.480465000000000364e+00
7.893000000000002236e-01,8.007550000000001056e-01,8.012874999999999304e-01,8.735486074054589212e-01,8.740061286975611132e-01,9.044623167473545555e-01,1.083597500000000213e+00,9.738550000000004703e-01,1.059095000000000120e+00,7.491616997678817169e-01,6.677984003413176550e-01,7.826712670192474963e-01,1.042960000000000109e+00,9.452125000000000110e-01,1.007940000000000502e+00,1.166007500000000308e+00,1.143735000000000168e+00,1.162469999999999670e+00,1.272440549911897367e+00,1.244034197453676382e+00,1.272504401527206674e+00,1.304302499999999698e+00,1.330767499999999659e+00,1.079452500000000814e+00,1.209042098341136962e+00,1.206455718482046802e+00,1.254884770780565262e+00,1.484987500000000127e+00,1.485890000000000599e+00,1.483805000000000263e+00
7.841175000000002449e-01,7.951125000000001108e-01,7.963624999999999732e-01,8.735315991533116886e-01,8.731468772554339397e-01,9.037665792842048962e-01,1.083145000000000246e+00,9.741925000000004609e-01,1.060350000000000126e+00,7.459540873976550079e-01,6.640061901182481297e-01,7.811764881158927976e-01,1.043167500000000025e+00,9.455675000000000052e-01,1.008817500000000589e+00,1.171785000000000299e+00,1.149927500000000213e+00,1.166397499999999754e+00,1.275197390637461181e+00,1.248405901453187861e+00,1.274221334019845608e+00,1.305447499999999650e+00,1.332442499999999752e+00,1.078802500000000775e+00,1.211565114707641388e+00,1.211118393667938165e+00,1.257363104923633790e+00,1.488292500000000018e+00,1.489647500000000679e+00,1.487130000000000285e+00
7.791100000000001913e-01,7.898075000000001067e-01,7.916425000000000267e-01,8.740694203108578808e-01,8.724060357158833767e-01,9.032802961858815705e-01,1.083480000000000221e+00,9.742750000000004462e-01,1.061830000000000052e+00,7.431566095871012800e-01,6.603046403842173229e-01,7.794944909584686776e-01,1.043732499999999952e+00,9.459349999999999703e-01,1.009665000000000479e+00,1.177597500000000297e+00,1.156240000000000157e+00,1.169934999999999725e+00,1.278092223110877779e+00,1.252431550212985689e+00,1.275668946707331219e+00,1.306902499999999634e+00,1.334399999999999809e+00,1.077407500000000740e+00,1.214245202141957636e+00,1.215810860701027840e+00,1.260221333141180899e+00,1.491929999999999978e+00,1.493165000000000742e+00,1.490520000000000289e+00
7.738350000000001616e-01,7.844775000000001608e-01,7.872474999999999890e-01,8.744874406928622168e-01,8.719177569919974724e-01,9.026229883311164270e-01,1.083147500000000152e+00,9.747550000000004822e-01,1.063435000000000130e+00,7.402158672111078808e-01,6.564741782222929256e-01,7.779349005021078955e-01,1.044254999999999933e+00,9.464124999999999899e-01,1.010960000000000525e+00,1.183167500000000372e+00,1.162410000000000165e+00,1.173799999999999732e+00,1.280961416650184148e+00,1.256621382369143447e+00,1.277533797354694078e+00,1.308274999999999633e+00,1.336047499999999832e+00,1.076340000000000741e+00,1.216291987448339107e+00,1.220346393075099067e+00,1.262954834176314822e+00,1.495155000000000012e+00,1.496362500000000706e+00,1.493620000000000392e+00
7.690250000000001807e-01,7.798125000000001306e-01,7.826925000000000132e-01,8.746071463203469731e-01,8.712968526367823596e-01,9.018237261115250591e-01,1.082965000000000177e+00,9.748250000000004967e-01,1.064680000000000071e+00,7.371548951273844130e-01,6.527100136343970682e-01,7.765136032453382464e-01,1.045054999999999845e+00,9.468324999999999658e-01,1.012060000000000626e+00,1.188755000000000450e+00,1.168355000000000254e+00,1.177662499999999834e+00,1.283987284657506667e+00,1.260558194143296840e+00,1.279175385285737931e+00,1.309594999999999620e+00,1.337859999999999827e+00,1.075280000000000680e+00,1.218507275956233871e+00,1.224972636127288794e+00,1.265645845988912832e+00,1.498552499999999954e+00,1.499887500000000706e+00,1.497005000000000363e+00
7.642050000000001342e-01,7.748075000000000934e-01,7.782824999999999882e-01,8.748026990347438359e-01,8.703627591583769085e-01,9.013068167056760283e-01,1.082860000000000156e+00,9.750900000000004564e-01,1.065905000000000102e+00,7.344295816835791912e-01,6.487458598239653762e-01,7.749362399713906058e-01,1.045357499999999940e+00,9.476399999999999268e-01,1.013547500000000712e+00,1.194595000000000518e+00,1.174232500000000234e+00,1.181439999999999824e+00,1.286638665967610340e+00,1.264774681061663131e+00,1.280792831081158045e+00,1.310627499999999612e+00,1.339412499999999895e+00,1.074242500000000655e+00,1.221069037858566464e+00,1.229498963550071489e+00,1.268518164303883200e+00,1.501739999999999853e+00,1.503010000000000623e+00,1.500170000000000448e+00
7.595175000000001786e-01,7.697125000000001327e-01,7.738825000000000287e-01,8.752919631034558057e-01,8.694506720829981994e-01,9.008244675901746490e-01,1.082607500000000167e+00,9.752225000000004362e-01,1.067407500000000065e+00,7.317592251299172013e-01,6.450446743573375885e-01,7.736525467910218001e-01,1.046000000000000041e+00,9.481224999999999792e-01,1.014947500000000780e+00,1.199895000000000600e+00,1.180522500000000141e+00,1.185137499999999733e+00,1.289282256603439869e+00,1.268694044874016935e+00,1.282529158821199777e+00,1.311584999999999557e+00,1.340829999999999966e+00,1.073225000000000762e+00,1.223609733743721062e+00,1.233930375343447183e+00,1.271100055535785867e+00,1.504737499999999839e+00,1.506032500000000551e+00,1.503037500000000470e+00
7.547850000000001502e-01,7.648100000000001009e-01,7.694250000000000256e-01,8.759060584309817932e-01,8.687789314183351763e-01,9.001541482817488893e-01,1.082380000000000120e+00,9.754225000000004142e-01,1.068795000000000162e+00,7.291038488704473242e-01,6.414351310263335382e-01,7.725798675896305978e-01,1.046407499999999935e+00,9.484924999999999606e-01,1.016002500000000808e+00,1.205547500000000660e+00,1.186497500000000205e+00,1.188699999999999646e+00,1.292033618207735657e+00,1.272711211987229696e+00,1.284071532872611554e+00,1.312619999999999454e+00,1.342214999999999936e+00,1.072590000000000821e+00,1.225635451183803903e+00,1.238453240825452939e+00,1.273507334439140548e+00,1.507522499999999877e+00,1.508955000000000490e+00,1.505890000000000395e+00
7.498350000000001403e-01,7.602375000000001215e-01,7.650050000000000461e-01,8.762285242494687321e-01,8.680473684232018483e-01,8.995022585817077365e-01,1.082505000000000051e+00,9.758325000000004357e-01,1.070022500000000099e+00,7.265594434800982659e-01,6.376784341060450778e-01,7.714561420768691891e-01,1.047080000000000011e+00,9.490949999999999109e-01,1.017170000000000796e+00,1.210910000000000597e+00,1.191935000000000189e+00,1.192487499999999701e+00,1.295160324373626715e+00,1.276690450168254332e+00,1.285540152459851537e+00,1.313482499999999442e+00,1.343477499999999880e+00,1.071390000000000731e+00,1.227658376100491999e+00,1.242725343591139620e+00,1.275980386836278457e+00,1.510482499999999950e+00,1.511887500000000495e+00,1.508817500000000367e+00
7.453750000000001208e-01,7.555950000000001276e-01,7.610025000000000261e-01,8.768227255025160538e-01,8.673234202819335437e-01,8.986942203430161591e-01,1.081842500000000040e+00,9.759750000000004810e-01,1.071250000000000036e+00,7.238949447908125112e-01,6.337586198065746634e-01,7.700968207398541931e-01,1.047352499999999909e+00,9.497124999999999595e-01,1.018445000000000711e+00,1.216322500000000639e+00,1.197852500000000209e+00,1.196314999999999795e+00,1.297703193553873424e+00,1.280568767669238106e+00,1.286816159042347030e+00,1.314227499999999438e+00,1.344949999999999868e+00,1.070025000000000670e+00,1.229725590339061592e+00,1.246708566261325091e+00,1.278388816127404182e+00,1.513327499999999937e+00,1.514745000000000452e+00,1.512022500000000269e+00
7.408400000000001651e-01,7.509025000000001393e-01,7.569550000000000445e-01,8.773454515120051589e-01,8.667465324310128505e-01,8.983649347193758405e-01,1.081717500000000109e+00,9.764225000000005261e-01,1.072875000000000023e+00,7.214587303727741929e-01,6.301486888041186729e-01,7.688482728966224977e-01,1.047712499999999824e+00,9.505124999999999824e-01,1.019882500000000691e+00,1.221615000000000562e+00,1.203875000000000250e+00,1.199982499999999730e+00,1.300143458657719187e+00,1.284443770415702346e+00,1.288228669502552215e+00,1.314802499999999430e+00,1.345742499999999842e+00,1.068977500000000580e+00,1.231792741761966514e+00,1.250883357474005475e+00,1.280753794255216960e+00,1.516462499999999824e+00,1.517655000000000420e+00,1.514905000000000168e+00
7.360950000000001658e-01,7.463925000000001253e-01,7.528725000000000556e-01,8.778206039283653617e-01,8.659322809888856387e-01,8.980854624978622525e-01,1.081797500000000190e+00,9.767825000000005531e-01,1.074297500000000127e+00,7.186712704189077705e-01,6.265406207166728247e-01,7.678144217525318949e-01,1.048259999999999748e+00,9.511699999999999600e-01,1.021032500000000676e+00,1.227165000000000505e+00,1.209635000000000238e+00,1.203482499999999789e+00,1.302364518810276595e+00,1.288216461609160479e+00,1.289390052979035417e+00,1.315292499999999531e+00,1.346837499999999910e+00,1.067677500000000501e+00,1.233860584157182139e+00,1.255103954512861719e+00,1.283209859955136034e+00,1.519662499999999916e+00,1.520415000000000516e+00,1.517725000000000213e+00
7.317550000000001553e-01,7.421400000000001329e-01,7.486925000000000940e-01,8.783567703237031843e-01,8.652835428495395664e-01,8.975281457147534780e-01,1.081517500000000132e+00,9.768300000000005312e-01,1.075432500000000235e+00,7.161618631794381962e-01,6.229692988412516286e-01,7.666216061423472006e-01,1.048684999999999645e+00,9.519924999999999082e-01,1.022330000000000627e+00,1.232710000000000417e+00,1.215625000000000178e+00,1.206857499999999694e+00,1.304782095467128533e+00,1.292030669306913016e+00,1.290546248008524799e+00,1.315674999999999484e+00,1.347719999999999807e+00,1.066877500000000589e+00,1.235887443056692403e+00,1.259150346600429682e+00,1.285577201674155345e+00,1.522079999999999878e+00,1.523062500000000430e+00,1.520372500000000127e+00
7.278100000000001790e-01,7.379525000000001222e-01,7.447100000000000941e-01,8.787967755538058645e-01,8.645569995602140345e-01,8.969974387348758071e-01,1.081200000000000161e+00,9.770250000000004764e-01,1.076965000000000172e+00,7.136491304079849440e-01,6.191796514338466784e-01,7.657556731529805427e-01,1.049154999999999616e+00,9.524924999999998532e-01,1.023797500000000582e+00,1.238202500000000317e+00,1.221235000000000070e+00,1.210109999999999797e+00,1.307149745717109290e+00,1.295788728466015227e+00,1.291719724107748268e+00,1.315844999999999487e+00,1.348927499999999835e+00,1.065872500000000667e+00,1.237740265746100299e+00,1.263053361117813411e+00,1.287608509708389137e+00,1.524897499999999795e+00,1.525510000000000366e+00,1.523130000000000095e+00
7.237050000000001537e-01,7.336975000000001135e-01,7.410175000000001067e-01,8.794655675804728956e-01,8.636387944294569019e-01,8.965020870940575426e-01,1.080815000000000081e+00,9.774250000000004324e-01,1.078387500000000276e+00,7.113679661790265341e-01,6.155469494629243199e-01,7.647980764730617498e-01,1.049667499999999531e+00,9.532699999999998397e-01,1.025150000000000672e+00,1.243460000000000232e+00,1.226737500000000036e+00,1.213549999999999685e+00,1.309434949854411112e+00,1.299615344713951792e+00,1.292554948268116899e+00,1.316227499999999440e+00,1.349652499999999922e+00,1.064790000000000569e+00,1.239416457077348488e+00,1.266949973984767830e+00,1.289655916092193655e+00,1.527712499999999807e+00,1.528010000000000312e+00,1.525702500000000184e+00
7.194975000000001231e-01,7.297975000000000989e-01,7.375300000000001299e-01,8.801193703846040828e-01,8.630395842480659274e-01,8.958421428304990108e-01,1.080337500000000173e+00,9.778525000000004574e-01,1.080017500000000297e+00,7.087883920474914445e-01,6.121928547699162504e-01,7.641280515371512427e-01,1.049982499999999597e+00,9.539599999999998081e-01,1.026447500000000623e+00,1.248717500000000147e+00,1.232222499999999998e+00,1.216719999999999580e+00,1.311603877972612686e+00,1.303209796595139691e+00,1.293519199710244205e+00,1.316199999999999370e+00,1.350687499999999819e+00,1.063665000000000527e+00,1.240950828603443412e+00,1.270551441514585100e+00,1.291695393543810022e+00,1.529999999999999805e+00,1.530870000000000397e+00,1.527897500000000131e+00
7.156725000000001558e-01,7.261625000000000441e-01,7.337075000000001790e-01,8.810300431829686252e-01,8.624888467849162188e-01,8.950946680836684433e-01,1.080257500000000093e+00,9.785475000000004586e-01,1.081440000000000401e+00,7.062783889837682683e-01,6.087911864837793896e-01,7.635094910673347890e-01,1.050572499999999687e+00,9.548599999999998200e-01,1.027995000000000658e+00,1.253647500000000248e+00,1.237512500000000015e+00,1.220062499999999606e+00,1.313862030747910525e+00,1.306797866531705932e+00,1.294380188436052403e+00,1.316432499999999450e+00,1.351259999999999906e+00,1.062692500000000484e+00,1.242800900030192723e+00,1.274317657781743884e+00,1.293744944588555157e+00,1.532339999999999813e+00,1.533260000000000289e+00,1.530517500000000197e+00
7.121775000000001299e-01,7.223825000000000385e-01,7.299725000000001351e-01,8.814920782201468574e-01,8.619034449550180277e-01,8.945336165421956531e-01,1.079722500000000140e+00,9.790325000000004163e-01,1.083020000000000316e+00,7.037607387337874165e-01,6.055285454794011590e-01,7.628761387503201208e-01,1.051547499999999635e+00,9.555774999999998576e-01,1.029412500000000730e+00,1.258782500000000137e+00,1.243000000000000105e+00,1.223267499999999508e+00,1.315943918281572200e+00,1.310315132491217005e+00,1.294761261532453522e+00,1.316612499999999519e+00,1.351357499999999989e+00,1.061527500000000401e+00,1.244650605340418492e+00,1.278058633563708302e+00,1.296034086406919972e+00,1.534697499999999826e+00,1.535752500000000298e+00,1.532802500000000290e+00
7.085300000000001042e-01,7.184599999999999875e-01,7.263800000000001367e-01,8.819819470414560492e-01,8.610736084661013701e-01,8.939066335432178656e-01,1.079325000000000090e+00,9.794775000000004450e-01,1.084512500000000212e+00,7.016263512001257308e-01,6.020358739917508473e-01,7.621880700283564236e-01,1.052182499999999576e+00,9.565849999999999076e-01,1.030865000000000808e+00,1.263565000000000049e+00,1.248660000000000103e+00,1.226577499999999432e+00,1.318198275331961877e+00,1.313767732234858876e+00,1.295320127152249423e+00,1.316859999999999475e+00,1.351502500000000051e+00,1.060405000000000486e+00,1.246439903273384608e+00,1.281630802843300554e+00,1.298072413470765296e+00,1.537177499999999863e+00,1.538102500000000372e+00,1.535185000000000244e+00
7.052525000000000599e-01,7.145724999999999438e-01,7.226175000000001347e-01,8.827080290662008277e-01,8.603233017842603081e-01,8.931251727753648506e-01,1.079115000000000046e+00,9.801500000000004098e-01,1.085912500000000280e+00,6.997678627915765448e-01,5.987996130828736607e-01,7.613024689740002238e-01,1.052692499999999587e+00,9.576574999999999394e-01,1.032215000000000771e+00,1.268420000000000103e+00,1.253907500000000175e+00,1.229847499999999538e+00,1.320181503549509028e+00,1.317153670137069188e+00,1.295953606949713954e+00,1.316977499999999468e+00,1.351855000000000029e+00,1.059545000000000403e+00,1.248171722761279190e+00,1.285354718334917434e+00,1.300154956263363193e+00,1.539277499999999854e+00,1.540370000000000461e+00,1.537322500000000147e+00
7.019025000000000958e-01,7.110549999999999926e-01,7.190625000000001599e-01,8.836103655551175162e-01,8.598595294634011621e-01,8.925261923017039356e-01,1.078545000000000087e+00,9.807200000000003692e-01,1.087332500000000257e+00,6.976500545778739903e-01,5.954224853812766227e-01,7.605233952014026633e-01,1.053262499999999546e+00,9.585424999999999640e-01,1.033525000000000693e+00,1.273370000000000113e+00,1.259320000000000217e+00,1.233054999999999568e+00,1.322158759048814858e+00,1.320191167653430808e+00,1.296626291698466771e+00,1.316767499999999425e+00,1.352307499999999996e+00,1.058610000000000495e+00,1.250084200889091779e+00,1.288959775285961618e+00,1.302150616435143071e+00,1.541342499999999838e+00,1.542887500000000411e+00,1.539592500000000141e+00
6.986025000000001262e-01,7.075649999999999995e-01,7.151925000000001198e-01,8.843809145712733244e-01,8.591551003517442497e-01,8.921032778452210321e-01,1.078460000000000196e+00,9.812900000000003287e-01,1.088950000000000307e+00,6.955395058789770601e-01,5.920868831123177189e-01,7.598268322062693425e-01,1.053387499999999477e+00,9.595074999999999577e-01,1.034765000000000601e+00,1.278152500000000025e+00,1.264540000000000219e+00,1.236292499999999572e+00,1.324231621149838389e+00,1.323289670220426428e+00,1.297075022758589657e+00,1.316377499999999534e+00,1.352619999999999933e+00,1.057625000000000481e+00,1.251588364262385067e+00,1.292419570196883027e+00,1.303923076706268391e+00,1.543769999999999865e+00,1.545142500000000307e+00,1.541775000000000118e+00
6.952625000000001165e-01,7.044150000000000134e-01,7.115800000000001013e-01,8.852189420325007330e-01,8.584395405581242144e-01,8.917146724164273230e-01,1.078237500000000182e+00,9.817225000000002755e-01,1.090527500000000316e+00,6.934137040683011621e-01,5.886189280296164617e-01,7.591822343534264661e-01,1.054084999999999495e+00,9.604475000000000096e-01,1.036115000000000563e+00,1.283020000000000049e+00,1.269782500000000258e+00,1.239322499999999661e+00,1.326631784026403915e+00,1.326531509096869899e+00,1.297655081876013305e+00,1.316329999999999556e+00,1.353022500000000017e+00,1.056755000000000555e+00,1.253305131712079135e+00,1.295518383461219614e+00,1.305833036977393835e+00,1.546092499999999870e+00,1.547610000000000374e+00,1.544055000000000177e+00
6.921925000000000994e-01,7.011325000000000474e-01,7.079200000000001047e-01,8.861958495892292564e-01,8.576198386288804709e-01,8.914010454327052635e-01,1.077850000000000197e+00,9.823700000000002985e-01,1.092027500000000373e+00,6.914801509949668468e-01,5.851938175085102944e-01,7.588975197975980080e-01,1.054607499999999476e+00,9.614800000000000013e-01,1.037547500000000511e+00,1.287802499999999961e+00,1.275192500000000173e+00,1.242187499999999556e+00,1.328774217195239249e+00,1.329578850498630338e+00,1.298013708859735438e+00,1.316242499999999538e+00,1.353507500000000086e+00,1.055727500000000596e+00,1.254893907413920484e+00,1.298837991774267842e+00,1.307566721229419082e+00,1.548222499999999835e+00,1.549657500000000354e+00,1.546535000000000215e+00
6.887450000000000516e-01,6.979700000000000903e-01,7.044600000000000861e-01,8.872194620972461143e-01,8.569208689326838213e-01,8.906764996180628335e-01,1.077657500000000157e+00,9.832250000000003487e-01,1.093427500000000441e+00,6.895681790907121078e-01,5.819929011612282599e-01,7.582153806840189469e-01,1.055084999999999384e+00,9.626725000000000421e-01,1.038715000000000499e+00,1.292640000000000011e+00,1.280705000000000204e+00,1.244902499999999579e+00,1.330546955514054108e+00,1.332627489474419225e+00,1.298348016038304076e+00,1.316012499999999585e+00,1.353635000000000144e+00,1.054952500000000626e+00,1.256494075837847557e+00,1.302021157176150190e+00,1.309284181500544486e+00,1.550619999999999887e+00,1.551980000000000359e+00,1.548707500000000126e+00
6.858525000000000871e-01,6.947000000000000952e-01,7.010950000000001348e-01,8.881113283932383640e-01,8.563934785564462082e-01,8.900954982656700265e-01,1.077517500000000128e+00,9.839600000000003899e-01,1.095040000000000457e+00,6.876015930087887584e-01,5.788366402523511534e-01,7.578013463230370839e-01,1.055519999999999348e+00,9.637050000000000338e-01,1.040042500000000425e+00,1.297172500000000062e+00,1.285755000000000203e+00,1.247587499999999627e+00,1.332469338493809552e+00,1.335826535827467909e+00,1.298625232443253008e+00,1.315564999999999651e+00,1.353687500000000155e+00,1.054540000000000699e+00,1.257953397174862653e+00,1.305065860637255604e+00,1.311035846722958143e+00,1.552967499999999834e+00,1.554020000000000401e+00,1.550697500000000062e+00
6.828450000000000353e-01,6.918575000000001252e-01,6.975325000000001108e-01,8.890257987656314809e-01,8.556606179872842111e-01,8.897352722561809868e-01,1.077247500000000136e+00,9.843300000000003713e-01,1.096577500000000427e+00,6.855473920730004167e-01,5.755175437102225677e-01,7.571564343918710804e-01,1.055859999999999355e+00,9.647375000000000256e-01,1.041287500000000366e+00,1.301500000000000101e+00,1.290795000000000137e+00,1.250077499999999731e+00,1.334249158657900391e+00,1.338794997133727183e+00,1.298786517390696948e+00,1.315242499999999648e+00,1.353732500000000227e+00,1.053997500000000809e+00,1.259205302882470567e+00,1.308075501282696340e+00,1.312984279712324787e+00,1.555202499999999821e+00,1.556150000000000366e+00,1.552960000000000118e+00
6.796725000000000128e-01,6.891275000000001150e-01,6.941850000000001630e-01,8.898553516594970292e-01,8.550583532423758903e-01,8.891939568254650927e-01,1.077117500000000172e+00,9.849075000000003799e-01,1.098137500000000433e+00,6.837761397752080139e-01,5.722105397908342495e-01,7.566202984798052755e-01,1.056267499999999249e+00,9.658474999999999699e-01,1.042877500000000346e+00,1.306287500000000046e+00,1.295667500000000194e+00,1.252874999999999739e+00,1.336027713580355325e+00,1.341613239509720668e+00,1.298889361952292099e+00,1.314784999999999648e+00,1.354107500000000242e+00,1.052955000000000751e+00,1.260575178783002848e+00,1.311337431926214769e+00,1.314492201248030900e+00,1.557129999999999903e+00,1.557865000000000277e+00,1.554867500000000069e+00
6.769399999999999862e-01,6.863800000000001011e-01,6.911150000000001459e-01,8.909355003776162629e-01,8.543711189807395856e-01,8.887346191636243953e-01,1.076687500000000242e+00,9.854150000000003740e-01,1.099447500000000355e+00,6.819031197104626907e-01,5.690401241197486915e-01,7.561866194578827916e-01,1.056787499999999325e+00,9.671724999999999905e-01,1.044167500000000359e+00,1.310777500000000151e+00,1.300492500000000273e+00,1.255319999999999769e+00,1.337771309763546412e+00,1.344376262955448098e+00,1.299167466704889362e+00,1.314239999999999631e+00,1.353782500000000333e+00,1.052230000000000665e+00,1.261639846530733466e+00,1.314143140437953994e+00,1.315962152590812506e+00,1.559364999999999890e+00,1.559917500000000290e+00,1.556875000000000009e+00
6.742599999999999705e-01,6.836225000000001328e-01,6.878725000000001089e-01,8.919424491950810330e-01,8.536842831680193644e-01,8.882066634464051980e-01,1.076520000000000143e+00,9.858450000000004154e-01,1.101315000000000266e+00,6.801125996457173528e-01,5.660372497093993926e-01,7.556445197559193971e-01,1.057089999999999419e+00,9.681125000000000425e-01,1.045632500000000409e+00,1.315177500000000110e+00,1.305240000000000178e+00,1.258002499999999690e+00,1.339315063910459402e+00,1.347361944364897424e+00,1.299430686311351613e+00,1.314362499999999656e+00,1.353842500000000282e+00,1.050995000000000568e+00,1.262859462240263575e+00,1.316936589434887450e+00,1.317818828590690439e+00,1.561817499999999859e+00,1.562065000000000259e+00,1.558627500000000055e+00
6.714049999999999185e-01,6.809300000000001463e-01,6.849800000000001443e-01,8.928386962627707923e-01,8.530853134718227038e-01,8.876958828733987339e-01,1.076142500000000224e+00,9.867325000000004565e-01,1.102687500000000265e+00,6.785370580260435824e-01,5.629477134576185149e-01,7.556376282067577277e-01,1.057479999999999309e+00,9.692175000000000651e-01,1.047005000000000408e+00,1.319315000000000015e+00,1.309927500000000133e+00,1.260452499999999754e+00,1.341217394852014522e+00,1.350519109946248575e+00,1.299508416019081736e+00,1.314089999999999758e+00,1.353960000000000274e+00,1.050105000000000510e+00,1.264013020860959458e+00,1.319733825228385449e+00,1.319342378283042683e+00,1.563519999999999799e+00,1.563970000000000304e+00,1.560620000000000118e+00
6.688624999999999154e-01,6.786275000000001612e-01,6.821075000000000887e-01,8.941374845911967961e-01,8.523633628052373901e-01,8.871832932727030663e-01,1.075887500000000330e+00,9.874250000000004412e-01,1.103787500000000366e+00,6.770291312602348954e-01,5.599322457483325577e-01,7.553199129747328877e-01,1.058017499999999389e+00,9.701150000000000606e-01,1.048650000000000304e+00,1.323644999999999960e+00,1.314800000000000191e+00,1.262807499999999861e+00,1.342910018316964216e+00,1.353235324364286951e+00,1.299690214269306754e+00,1.313259999999999650e+00,1.353852500000000347e+00,1.049487500000000573e+00,1.265043305987872069e+00,1.322343604131740014e+00,1.320522424773881598e+00,1.565679999999999739e+00,1.565980000000000372e+00,1.562962500000000032e+00
