1.005319999999999991e+00,9.330399999999999805e-01,1.052280000000000104e+00,1.079972354508349941e+00,9.502137015758868044e-01,1.044959999999999889e+00,9.833003146714394127e-01,9.577488604152892826e-01,8.927859961878961137e-01,9.876000000000000334e-01,9.179200000000000692e-01,9.620800000000000463e-01
1.011200000000000099e+00,8.528400000000000425e-01,1.123439999999999994e+00,1.163462664975824623e+00,8.921767201055450514e-01,1.092359999999999998e+00,9.520133801541590390e-01,8.942019562545764355e-01,7.600266663014595414e-01,9.693200000000000705e-01,8.267200000000001214e-01,9.136400000000000077e-01
1.011360000000000037e+00,7.588799999999999990e-01,1.204479999999999995e+00,1.238568670283757722e+00,8.217585779141243219e-01,1.132600000000000051e+00,8.983931794560875428e-01,8.033585522989405980e-01,6.042396405443691831e-01,9.498000000000000886e-01,7.354000000000000536e-01,8.522399999999999975e-01
1.003840000000000066e+00,6.657199999999999784e-01,1.274880000000000013e+00,1.279610116910772755e+00,7.588627969820214147e-01,1.145639999999999992e+00,8.299714954438013326e-01,6.789301831364304984e-01,4.345326998473730828e-01,9.248400000000001064e-01,6.566400000000000015e-01,7.802799999999999736e-01
9.610000000000000764e-01,5.791600000000000081e-01,1.308440000000000047e+00,1.254228136779649061e+00,7.088465947263449252e-01,1.119759999999999867e+00,7.518421839848793420e-01,5.265193791072345642e-01,2.668414925765277834e-01,9.013600000000000501e-01,5.864800000000000013e-01,7.070799999999999308e-01
8.772800000000000598e-01,5.169599999999999751e-01,1.279240000000000155e+00,1.172761898789909774e+00,6.696784197773927305e-01,1.048799999999999955e+00,6.710989619925166183e-01,3.695508583177813944e-01,1.129536087522684529e-01,8.726800000000000113e-01,5.292399999999999327e-01,6.293999999999998485e-01
7.578400000000000691e-01,4.842400000000000038e-01,1.183000000000000052e+00,1.042528062680847745e+00,6.434566260477569966e-01,9.424399999999999444e-01,5.855686120937420025e-01,2.325595608607710640e-01,-1.436717590430977576e-02,8.337999999999999856e-01,4.783599999999999519e-01,5.375199999999998868e-01
6.339600000000000790e-01,4.716799999999999882e-01,1.053640000000000132e+00,9.098101070557796932e-01,6.313247837115352201e-01,8.298399999999999110e-01,5.081943985748123005e-01,1.362530528755340475e-01,-1.001329641559332018e-01,7.955946835601269695e-01,4.449475534817929345e-01,4.415599999999998415e-01
5.499600000000000044e-01,4.756000000000000227e-01,9.439200000000000923e-01,8.113348538535706256e-01,6.385893463106068202e-01,7.569599999999998552e-01,4.205809186486729745e-01,1.095798934051812890e-01,-1.043649033289702488e-01,7.583380728250833647e-01,4.517926614776994199e-01,3.709599999999998454e-01
5.170000000000000151e-01,4.814000000000000501e-01,8.831200000000001271e-01,7.646731665641983700e-01,6.441958707836417108e-01,7.180399999999999006e-01,3.831754367146237850e-01,1.020089943210837208e-01,-1.062705770473084815e-01,7.473075056127643778e-01,4.565245477388757411e-01,3.431999999999998385e-01
5.068400000000000682e-01,4.820800000000000640e-01,8.582800000000001539e-01,7.513234016214245248e-01,6.481710874397252908e-01,7.013599999999998724e-01,3.796001432386017505e-01,1.034371683600188441e-01,-1.133763178104445768e-01,7.522925299676381794e-01,4.512681107492514943e-01,3.384799999999998366e-01
5.062000000000000943e-01,4.823600000000000665e-01,8.410800000000001608e-01,7.447491710465601322e-01,6.548106214439147754e-01,6.986399999999998167e-01,3.767680713872101905e-01,1.071448602071592704e-01,-1.134429715736704342e-01,7.442855151459424334e-01,4.616726614531000972e-01,3.327199999999998492e-01
5.073600000000001442e-01,4.836000000000000298e-01,8.308800000000001740e-01,7.410027015856005539e-01,6.561732448955979180e-01,6.949999999999998401e-01,3.769333150622809492e-01,1.064149948038198290e-01,-1.120882119698364821e-01,7.475735351759051905e-01,4.618475668382757693e-01,3.329599999999998672e-01
5.104400000000001159e-01,4.810800000000000631e-01,8.256400000000001516e-01,7.433636017611717772e-01,6.519198812806801246e-01,6.981599999999998918e-01,3.820801999015823180e-01,1.134018285510309670e-01,-1.216302926297484904e-01,7.465114315838466963e-01,4.597722860177987925e-01,3.301999999999998825e-01
5.116800000000001347e-01,4.780400000000000205e-01,8.287600000000001632e-01,7.401968115893133859e-01,6.469958142529871337e-01,6.987199999999998967e-01,3.838478583583089243e-01,1.153519822139710965e-01,-1.220763370837483625e-01,7.597092132474204673e-01,4.510358972296968916e-01,3.280799999999998717e-01
5.149600000000000843e-01,4.763600000000000056e-01,8.216400000000001480e-01,7.420963359242973567e-01,6.499279366118791978e-01,7.013599999999998724e-01,3.857394390261552619e-01,1.164514437900062704e-01,-1.241143873543425202e-01,7.590166531620298196e-01,4.578370791061977529e-01,3.255199999999998650e-01
5.082000000000000961e-01,4.776000000000000245e-01,8.228000000000001979e-01,7.369879646392886174e-01,6.544815838119840690e-01,7.037999999999998701e-01,3.862435226283666423e-01,1.150395734217755095e-01,-1.272755152125256417e-01,7.640618669019682008e-01,4.545020588679331008e-01,3.244399999999998396e-01
5.089200000000000390e-01,4.781200000000000450e-01,8.226800000000001889e-01,7.383236574385435569e-01,6.495828323844403673e-01,7.079599999999999227e-01,3.837853336866663412e-01,1.203352694119531607e-01,-1.315444677803020712e-01,7.588926788310433880e-01,4.568377813705224444e-01,3.229999999999998428e-01
5.032400000000000206e-01,4.775600000000000400e-01,8.219600000000001350e-01,7.365889173993334094e-01,6.492917295526674515e-01,7.039199999999998791e-01,3.918285993162432534e-01,1.189956987658978560e-01,-1.412697620665822051e-01,7.549326786201311368e-01,4.593033398921098631e-01,3.259199999999998765e-01
5.079200000000000381e-01,4.756800000000000472e-01,8.253200000000001646e-01,7.426328719709890391e-01,6.485520498025030278e-01,7.104399999999998494e-01,3.924223120142916188e-01,1.212165445150392845e-01,-1.432065098362559075e-01,7.559257637193572688e-01,4.665521979214968806e-01,3.338399999999999146e-01
5.105600000000000138e-01,4.738400000000000389e-01,8.245200000000001417e-01,7.371534136526246561e-01,6.472924653976328546e-01,7.123199999999998422e-01,3.924537669204966606e-01,1.196334075827015508e-01,-1.411844965721220091e-01,7.477649688634955272e-01,4.713762628305291913e-01,3.328799999999999537e-01
5.126000000000000556e-01,4.774400000000000310e-01,8.222800000000001219e-01,7.333690275232433997e-01,6.490163133389237338e-01,7.154799999999998938e-01,3.947151857222100935e-01,1.186073338970815155e-01,-1.470344844594220490e-01,7.647894129446017875e-01,4.537132664154353012e-01,3.273199999999999443e-01
5.166400000000000992e-01,4.759599999999999942e-01,8.182800000000001184e-01,7.309640723956237762e-01,6.490383006783148057e-01,7.146799999999998709e-01,3.870629552881203472e-01,1.150689624490033591e-01,-1.392559253118419715e-01,7.611102166211768383e-01,4.621072181992846861e-01,3.224799999999999334e-01
5.128800000000001136e-01,4.843999999999999972e-01,8.158800000000001607e-01,7.301538816067872917e-01,6.535016704878979787e-01,7.142799999999999150e-01,3.981903017378740639e-01,1.184848036836641111e-01,-1.498112698458939074e-01,7.495917998101816471e-01,4.726440520065534612e-01,3.221599999999999464e-01
5.160000000000001252e-01,4.819599999999999995e-01,8.224000000000001309e-01,7.350455651069239815e-01,6.480239076818411492e-01,7.128399999999999181e-01,4.111242292416645294e-01,1.133508346447983373e-01,-1.565799429984619240e-01,7.589152546484663198e-01,4.648139612483019323e-01,3.316399999999999348e-01
5.109600000000000808e-01,4.762799999999999812e-01,8.229200000000002069e-01,7.305641711042606401e-01,6.501288090194511371e-01,7.131599999999999051e-01,4.043535415408253120e-01,1.150672571752040796e-01,-1.501551530171494064e-01,7.592391214677263189e-01,4.672089383116138639e-01,3.294799999999999396e-01
5.187600000000001099e-01,4.735599999999999810e-01,8.214800000000002100e-01,7.300057057107781633e-01,6.510140179406548322e-01,7.102799999999999114e-01,3.965002568088081270e-01,1.110279930545050447e-01,-1.443263838074787808e-01,7.538078538567802855e-01,4.717574496601861234e-01,3.291999999999999371e-01
5.182000000000001050e-01,4.775199999999999445e-01,8.205600000000001781e-01,7.335693049130384003e-01,6.561282349770003464e-01,7.153999999999999249e-01,3.984099394739296640e-01,1.126424865601262371e-01,-1.492224901658482650e-01,7.545635814054975077e-01,4.696790398842645153e-01,3.320799999999999308e-01
5.187600000000001099e-01,4.757199999999999207e-01,8.174800000000002065e-01,7.301337071865241501e-01,6.552303038634421650e-01,7.143199999999999550e-01,3.962484790410980562e-01,1.101265705407762086e-01,-1.454030756897164711e-01,7.680234202659750320e-01,4.561212118139015836e-01,3.327199999999999047e-01
5.242400000000001503e-01,4.746399999999998953e-01,8.094800000000001994e-01,7.286340067060179670e-01,6.528508370660436322e-01,7.163599999999998857e-01,3.816464666796380301e-01,1.070197368775302887e-01,-1.312483512569432298e-01,7.509424899822126909e-01,4.743039910986121543e-01,3.265599999999999059e-01
5.214000000000001966e-01,4.776399999999998980e-01,8.154800000000002047e-01,7.288665646714517221e-01,6.537576364363522075e-01,7.122799999999999132e-01,3.868853938370795387e-01,1.060250687649226253e-01,-1.326689254818807784e-01,7.654400407589865285e-01,4.572097004186169711e-01,3.333999999999999186e-01
5.192800000000001859e-01,4.766799999999998816e-01,8.131200000000001760e-01,7.287829501223034301e-01,6.576167813592880274e-01,7.167599999999998417e-01,3.774572769906365810e-01,1.069576670931220858e-01,-1.268405690774924433e-01,7.563948753632701028e-01,4.597982964781511250e-01,3.301599999999998980e-01
5.193200000000002259e-01,4.750399999999998513e-01,8.096000000000002084e-01,7.301346266647370520e-01,6.578290077686946846e-01,7.172799999999998066e-01,3.860099279513543591e-01,1.037852587086875583e-01,-1.346159067988792757e-01,7.574485204464459498e-01,4.596505359093711052e-01,3.387999999999998790e-01
5.200800000000002088e-01,4.757199999999998652e-01,8.102800000000002223e-01,7.242591335789120288e-01,6.590426865825868008e-01,7.208399999999998142e-01,3.817302007780418172e-01,1.094773164610201854e-01,-1.329016134640626512e-01,7.470748167978171761e-01,4.677979552958798082e-01,3.368399999999998617e-01
5.132000000000002116e-01,4.688799999999998525e-01,8.101600000000002133e-01,7.207231832248381931e-01,6.543674415650928555e-01,7.220799999999998331e-01,3.911856987850921286e-01,1.051830612146984478e-01,-1.390388714678487958e-01,7.505075815025363806e-01,4.613497720443240357e-01,3.424399999999999111e-01
5.148000000000001464e-01,4.733599999999998365e-01,8.117600000000002591e-01,7.216457794570614315e-01,6.586827524639918829e-01,7.221199999999998731e-01,4.001491179633042683e-01,1.115215731276692213e-01,-1.481785788897911904e-01,7.559917462745908701e-01,4.619788239987309697e-01,3.413599999999998857e-01
5.161600000000001742e-01,4.707199999999998608e-01,8.110000000000002762e-01,7.222558911502838797e-01,6.518658085421014103e-01,7.230799999999998340e-01,3.952237736563071202e-01,1.099271224448654105e-01,-1.415239245002457014e-01,7.582978096462296147e-01,4.569250163767201167e-01,3.370799999999998797e-01
5.188400000000001899e-01,4.747599999999998488e-01,8.111600000000002142e-01,7.294629107685574043e-01,6.493326173997213679e-01,7.233199999999998520e-01,3.920960130297528878e-01,1.120223840749726002e-01,-1.420762442406312276e-01,7.613495677215020851e-01,4.549301090094772793e-01,3.349599999999998690e-01
5.180000000000001270e-01,4.808399999999998231e-01,8.050000000000001599e-01,7.311198229272203308e-01,6.443170351659506245e-01,7.253599999999998937e-01,3.915122565703757496e-01,1.057755463326207207e-01,-1.380482848275819685e-01,7.708012150875234170e-01,4.476416296998755318e-01,3.353199999999998959e-01
5.207200000000001827e-01,4.842799999999998217e-01,8.016400000000001302e-01,7.317046952913204283e-01,6.443830901541236500e-01,7.291199999999998793e-01,3.930873977751740411e-01,1.099409556702663354e-01,-1.386917402816329192e-01,7.657768792591821416e-01,4.501611076917711451e-01,3.337199999999999056e-01
5.283600000000001629e-01,4.806399999999998451e-01,8.028400000000001091e-01,7.336845912423448635e-01,6.441244988116235914e-01,7.326399999999998469e-01,3.942157303307918248e-01,1.131877810389828320e-01,-1.421406222103070438e-01,7.638419856851461631e-01,4.527350578492869704e-01,3.302799999999999070e-01
5.298800000000001287e-01,4.846799999999998332e-01,8.037600000000001410e-01,7.315363166646310367e-01,6.463052125595208919e-01,7.301599999999998092e-01,3.885744017917117654e-01,1.119226916347916961e-01,-1.360791717753443708e-01,7.628887076309535109e-01,4.546493009603351232e-01,3.285599999999998522e-01
5.244800000000001683e-01,4.845999999999998087e-01,8.056000000000000938e-01,7.306681155754372048e-01,6.527096674053859404e-01,7.211599999999998012e-01,3.932920575174158051e-01,1.111862905544547531e-01,-1.373201851652876837e-01,7.731382337299218532e-01,4.427516968972451950e-01,3.253199999999998870e-01
5.269600000000002060e-01,4.804799999999997961e-01,8.117200000000001081e-01,7.250025252071912174e-01,6.553913513876373775e-01,7.224399999999997490e-01,3.888183932482167648e-01,1.098037184288606916e-01,-1.379607619823385312e-01,7.788416350992860560e-01,4.388607814432092247e-01,3.280399999999998872e-01
5.241200000000002523e-01,4.850399999999998046e-01,8.070000000000001616e-01,7.266401584473879405e-01,6.578106891633351827e-01,7.266799999999997706e-01,3.995460849650634971e-01,1.148711860773387605e-01,-1.526996403954978820e-01,7.686684526268898754e-01,4.495981016080696779e-01,3.258799999999998920e-01
5.264400000000002411e-01,4.884799999999998033e-01,8.046000000000002039e-01,7.272070112383700602e-01,6.490384240974055308e-01,7.225199999999998290e-01,3.921263923554243469e-01,1.074831639805253342e-01,-1.435164305351412095e-01,7.701791600412754013e-01,4.513253968629812873e-01,3.267599999999998839e-01
5.246000000000002883e-01,4.923999999999997823e-01,8.064400000000001567e-01,7.286592332664162397e-01,6.445759961572741226e-01,7.226399999999998380e-01,3.981051400736518309e-01,1.088828195022875922e-01,-1.485702147027689324e-01,7.756036867570330617e-01,4.422512991151834050e-01,3.336799999999999211e-01
5.216000000000002856e-01,4.819199999999997930e-01,8.096400000000001373e-01,7.235622564908925636e-01,6.517428626721569751e-01,7.289599999999998303e-01,3.896340025565227516e-01,1.064790824203478287e-01,-1.427197226751602543e-01,7.642415910356995523e-01,4.477571249004250187e-01,3.306399999999999340e-01
5.263600000000002721e-01,4.869999999999997664e-01,8.059200000000001918e-01,7.290191204394705915e-01,6.523626657932626305e-01,7.241599999999998039e-01,3.917312301916966444e-01,1.087871467295429689e-01,-1.416458639137206099e-01,7.590709499185510634e-01,4.520431227219616210e-01,3.282799999999999052e-01
5.250400000000002843e-01,4.868799999999997574e-01,8.003200000000001424e-01,7.272032593700935577e-01,6.517495866479071642e-01,7.240799999999998349e-01,3.826602521175019866e-01,1.044488797001205810e-01,-1.319612660634360557e-01,7.715084012225743582e-01,4.441392177733959890e-01,3.324799999999998867e-01
5.232400000000002604e-01,4.843199999999997507e-01,7.975200000000001177e-01,7.299937290030511505e-01,6.502551682619690521e-01,7.305599999999998762e-01,3.965803281376718559e-01,1.045001475916865763e-01,-1.485168943013474852e-01,7.765974718791067710e-01,4.378748230794584084e-01,3.354399999999998494e-01
5.229200000000002735e-01,4.879599999999997273e-01,7.982400000000000606e-01,7.266476955498045731e-01,6.536336518991271438e-01,7.243999999999999329e-01,3.927095707046098227e-01,1.044663067600078432e-01,-1.436469786443286267e-01,7.642549207859332672e-01,4.490151928223339306e-01,3.348799999999998445e-01
5.221200000000002506e-01,4.771199999999997110e-01,8.047200000000001019e-01,7.269478283890355996e-01,6.506433797478817782e-01,7.285599999999998744e-01,3.949808817193497523e-01,1.081272671054481216e-01,-1.525321032300529789e-01,7.638827731472809246e-01,4.460115753720149123e-01,3.355999999999998429e-01
5.244800000000002793e-01,4.805999999999997496e-01,8.008800000000001473e-01,7.246979328777027884e-01,6.496386575710971778e-01,7.311599999999998101e-01,3.989808482162002790e-01,1.070508875568211143e-01,-1.512364196761162849e-01,7.645390491836335789e-01,4.526798212414989697e-01,3.354399999999998494e-01
5.205200000000003158e-01,4.765999999999997461e-01,8.051600000000002089e-01,7.258492856144901362e-01,6.488121097715482399e-01,7.313599999999997880e-01,3.800115202957605742e-01,1.033213086080651127e-01,-1.288200702766857941e-01,7.618424641862165947e-01,4.599721647772760935e-01,3.351199999999998624e-01
5.208800000000003427e-01,4.842399999999997817e-01,7.996400000000002395e-01,7.287714951380174222e-01,6.531853898818301696e-01,7.329999999999997629e-01,3.808026691556137822e-01,1.037367622688847579e-01,-1.328592451515370754e-01,7.689982857044744824e-01,4.480173461860347262e-01,3.395599999999998619e-01
5.183600000000003760e-01,4.821999999999997955e-01,8.043600000000002970e-01,7.280679280155704092e-01,6.546683859521169602e-01,7.315999999999998060e-01,3.841017105399657794e-01,1.020192207688451619e-01,-1.335540153490164805e-01,7.630407257676370403e-01,4.457232779103819098e-01,3.367999999999998773e-01
5.169600000000004192e-01,4.811999999999997946e-01,8.051200000000002799e-01,7.292270538561802518e-01,6.508420679223380079e-01,7.327599999999998559e-01,3.961999067131323771e-01,1.063827165660255064e-01,-1.462411615486889915e-01,7.563416976106079881e-01,4.515384481618588408e-01,3.346399999999998265e-01
5.161600000000003963e-01,4.819999999999998175e-01,8.034800000000003051e-01,7.318412422516502591e-01,6.520040579719077467e-01,7.325999999999998069e-01,3.911514631888438620e-01,1.074825635017484515e-01,-1.436236755401106846e-01,7.650262571420269886e-01,4.475747363126951206e-01,3.309599999999998099e-01
5.166800000000004722e-01,4.766399999999998416e-01,8.010400000000003073e-01,7.323265743930152949e-01,6.495330220085235862e-01,7.317999999999997840e-01,3.954618610112199950e-01,1.027205961688099495e-01,-1.440556586791305327e-01,7.720795423555877335e-01,4.379897512533440507e-01,3.329999999999998517e-01
5.227600000000004465e-01,4.837599999999998568e-01,7.991600000000003146e-01,7.292632686881883597e-01,6.581073007497970639e-01,7.366799999999997794e-01,4.000570865407943044e-01,1.103345536140482169e-01,-1.554410099725293537e-01,7.677973809730380683e-01,4.431567167826488962e-01,3.290399999999998881e-01
5.205600000000004668e-01,4.830799999999998429e-01,8.019200000000002992e-01,7.278066448743246708e-01,6.518055543825430620e-01,7.337999999999997858e-01,3.860167387733067224e-01,1.038393006306657235e-01,-1.387604139737662889e-01,7.737366397609093394e-01,4.452293345704168570e-01,3.288399999999998546e-01
5.221200000000004726e-01,4.811999999999998501e-01,8.037600000000003631e-01,7.362613613036756988e-01,6.484522530948407804e-01,7.290399999999997993e-01,3.952972366112576519e-01,1.073331373093062147e-01,-1.490440270938002687e-01,7.746602382544489629e-01,4.466898035808543055e-01,3.331999999999998852e-01
5.184800000000004960e-01,4.804399999999998672e-01,8.030000000000003801e-01,7.355299671700389341e-01,6.505810797948462509e-01,7.290799999999998393e-01,3.814956833497483157e-01,1.025864512074333296e-01,-1.335028155348465251e-01,7.656007514628007105e-01,4.533418701217143965e-01,3.301199999999998580e-01
5.192000000000005500e-01,4.805999999999998606e-01,8.054000000000004489e-01,7.351300187675813280e-01,6.521526811347502228e-01,7.265199999999998326e-01,3.989770287091424783e-01,1.072772752700391630e-01,-1.472186449742473036e-01,7.712680750402109986e-01,4.432554555017466091e-01,3.337199999999998501e-01
5.169200000000004902e-01,4.786799999999998279e-01,8.066000000000004277e-01,7.320773448056872024e-01,6.508129409188525560e-01,7.253999999999998227e-01,3.910876283266261910e-01,1.055580100791161380e-01,-1.391334689135108049e-01,7.777573814549243458e-01,4.410837708272131730e-01,3.291999999999998816e-01
5.208000000000004848e-01,4.822399999999998355e-01,8.021600000000004282e-01,7.305377640245903637e-01,6.556434029312819822e-01,7.209999999999998632e-01,3.895265068172117373e-01,1.067364997866622894e-01,-1.388453005956399311e-01,7.700886320204721747e-01,4.499549837902402927e-01,3.269599999999998619e-01
5.223200000000004506e-01,4.833999999999998298e-01,8.080800000000004646e-01,7.293385044922112703e-01,6.546001410112114449e-01,7.272399999999998865e-01,3.902640384059570811e-01,1.096237500943154503e-01,-1.407484928647402267e-01,7.663348104704827968e-01,4.468587297190702579e-01,3.275199999999998668e-01
5.233600000000003805e-01,4.823599999999998444e-01,8.084000000000004515e-01,7.306507998670755955e-01,6.527358443631443574e-01,7.241599999999999149e-01,3.936328608618442360e-01,1.054190112627622355e-01,-1.393641954538901162e-01,7.643432906721555620e-01,4.495129213093869702e-01,3.307199999999998474e-01
5.204000000000004178e-01,4.799599999999998312e-01,8.098800000000004884e-01,7.301532054226360646e-01,6.500512064945740409e-01,7.248799999999999688e-01,3.928484069087949671e-01,1.075839554091300859e-01,-1.431556574435002560e-01,7.531897036345825969e-01,4.597595227497723869e-01,3.327599999999998337e-01
5.226000000000003975e-01,4.836399999999997923e-01,8.116000000000005432e-01,7.274964258866932765e-01,6.508211805908024061e-01,7.192399999999999904e-01,3.881599508167390411e-01,1.064283696001207119e-01,-1.380246246031507640e-01,7.556218965977232749e-01,4.572291236459228858e-01,3.313999999999998614e-01
5.207600000000003337e-01,4.835999999999997523e-01,8.118000000000005212e-01,7.284423977899777691e-01,6.508816204585087251e-01,7.230400000000000160e-01,3.879870094720926921e-01,1.060668507745477773e-01,-1.363541896005036613e-01,7.541737364260545640e-01,4.585058211306193843e-01,3.343599999999998795e-01
5.224400000000003486e-01,4.831599999999997008e-01,8.128400000000005621e-01,7.275854866019515477e-01,6.488798588403579259e-01,7.239999999999999769e-01,3.921252840239691784e-01,1.064419193689637444e-01,-1.416150703149778589e-01,7.663497068994681305e-01,4.480219969834191573e-01,3.371999999999998887e-01
5.232400000000003715e-01,4.831199999999997163e-01,8.084400000000004916e-01,7.224098895099173578e-01,6.491196839217894254e-01,7.217199999999999172e-01,3.890246147667018040e-01,1.102334064493115523e-01,-1.412660450341740315e-01,7.645084119710878756e-01,4.505014486682221708e-01,3.339599999999999236e-01
5.228400000000004155e-01,4.871199999999997199e-01,8.042400000000005100e-01,7.283015839799280577e-01,6.440720577232581512e-01,7.264799999999999036e-01,3.799348333323838700e-01,1.188263320953579644e-01,-1.370085253598298802e-01,7.683308773728483310e-01,4.439313673018971951e-01,3.384399999999999076e-01
5.247600000000004483e-01,4.809999999999997056e-01,8.033600000000005181e-01,7.255150365034758186e-01,6.438433679345544336e-01,7.227199999999999180e-01,3.813835937284773547e-01,1.145318164718900078e-01,-1.335896216479762755e-01,7.700254437689688647e-01,4.423106025494148441e-01,3.334799999999999431e-01
5.274800000000005040e-01,4.806799999999997186e-01,8.051600000000005419e-01,7.283992798495092513e-01,6.431348058255712541e-01,7.228799999999998560e-01,3.911833622869883564e-01,1.205558821223455535e-01,-1.440230860665409895e-01,7.650168098467854394e-01,4.499735912577141339e-01,3.353199999999999514e-01
5.254400000000004622e-01,4.794799999999997397e-01,8.073200000000005927e-01,7.309107972358578342e-01,6.393902663668596942e-01,7.264399999999998636e-01,3.846769087874352122e-01,1.190029132231317371e-01,-1.394821638359058924e-01,7.689972324550071736e-01,4.470017661881658388e-01,3.348799999999999555e-01
5.235200000000004295e-01,4.839199999999997392e-01,8.089600000000005675e-01,7.302206362121362870e-01,6.409899655831111653e-01,7.281999999999998474e-01,3.810490845226146561e-01,1.190814976298513600e-01,-1.395188686002787060e-01,7.678265371132584338e-01,4.468904170579585666e-01,3.381999999999999451e-01
5.198000000000004839e-01,4.800399999999997447e-01,8.020800000000005703e-01,7.295469096368162321e-01,6.430266707318309516e-01,7.247199999999998088e-01,3.772070883529814456e-01,1.165560513665983983e-01,-1.332252123109138875e-01,7.685068480554710924e-01,4.411069140485585072e-01,3.371599999999999597e-01
5.211600000000005117e-01,4.827199999999997604e-01,8.024800000000005262e-01,7.294349292511136396e-01,6.442123575060753060e-01,7.288399999999998213e-01,3.934647922406826481e-01,1.226132358276806195e-01,-1.485846467858360220e-01,7.576427781685169949e-01,4.479851386756239506e-01,3.386799999999999811e-01
5.193200000000004479e-01,4.862799999999997680e-01,8.022400000000005083e-01,7.352181471130132540e-01,6.415157750825695171e-01,7.283199999999998564e-01,3.956408757662470133e-01,1.155725424869960549e-01,-1.426918755366586855e-01,7.537702018855368946e-01,4.549613162365058194e-01,3.443199999999999594e-01
5.202800000000004088e-01,4.858399999999997720e-01,8.004800000000005245e-01,7.338402980740269532e-01,6.410753482959953287e-01,7.291999999999998483e-01,3.967797236331478961e-01,1.173400162386531026e-01,-1.472203738819948815e-01,7.493060342093242898e-01,4.559577310552322404e-01,3.455199999999999383e-01
5.188800000000004520e-01,4.825199999999997824e-01,8.014800000000005253e-01,7.292251593488522365e-01,6.401066710274295746e-01,7.283599999999998964e-01,3.813947938728294851e-01,1.141159177245433670e-01,-1.307241389175500534e-01,7.577272677215813879e-01,4.498495064014778055e-01,3.479199999999998960e-01
5.206000000000005068e-01,4.793199999999997463e-01,8.031600000000005402e-01,7.311265237424430241e-01,6.407091525058936643e-01,7.279999999999998694e-01,3.890260353849353536e-01,1.153913761357317491e-01,-1.380532544006894957e-01,7.531596431240497047e-01,4.498617166860491290e-01,3.461199999999999277e-01
5.182800000000005181e-01,4.815599999999997105e-01,8.018000000000005123e-01,7.294553673173687081e-01,6.443324978081330645e-01,7.283999999999998254e-01,3.864156838290477847e-01,1.153570073056281869e-01,-1.326120826416729848e-01,7.500800901686637268e-01,4.555030193326771726e-01,3.513999999999999346e-01
5.212800000000005207e-01,4.814799999999997415e-01,7.982800000000005447e-01,7.280507083861783579e-01,6.412147890477507550e-01,7.276799999999997715e-01,3.880091388337382208e-01,1.101227706016811719e-01,-1.385357267824624816e-01,7.526107614025094872e-01,4.518403230487564870e-01,3.488399999999999279e-01
5.166800000000005832e-01,4.810799999999997301e-01,8.014400000000005964e-01,7.309786734222468718e-01,6.401395559612098607e-01,7.223999999999998201e-01,3.913990807130516281e-01,1.110555126776144319e-01,-1.418330684015550180e-01,7.471026600340083812e-01,4.553320206367183487e-01,3.484399999999999165e-01
5.214400000000005697e-01,4.807199999999997586e-01,8.056000000000005379e-01,7.318480819682025018e-01,6.410608176255870871e-01,7.255599999999998717e-01,3.975888311944736353e-01,1.130978124011404462e-01,-1.506183208155322528e-01,7.499443727300476592e-01,4.566652424953416833e-01,3.487999999999999434e-01
5.206000000000006178e-01,4.836799999999997768e-01,8.093200000000004835e-01,7.318673083630597986e-01,6.404563889448717795e-01,7.252799999999998137e-01,3.900039276243830733e-01,1.090171379140455477e-01,-1.440360139706496900e-01,7.452822305696455985e-01,4.669847156928493281e-01,3.503999999999999337e-01
5.162800000000006273e-01,4.868799999999997574e-01,8.089200000000005275e-01,7.319614252687983713e-01,6.350346186381408131e-01,7.223199999999998511e-01,3.866079762069041248e-01,1.071818031244569230e-01,-1.410664458172266600e-01,7.553601365525917100e-01,4.589475893286941166e-01,3.519199999999999551e-01
5.235200000000006515e-01,4.917999999999997374e-01,8.066800000000005078e-01,7.301046121083105689e-01,6.397834749707691504e-01,7.216799999999998771e-01,3.844329884349402260e-01,1.096071410625999026e-01,-1.380925097066507679e-01,7.521624968994853333e-01,4.581158748389377311e-01,3.427999999999999381e-01
5.168400000000006322e-01,4.874399999999997068e-01,8.051600000000005419e-01,7.310253140617999357e-01,6.380861207670678326e-01,7.201999999999998403e-01,3.921639130641742521e-01,1.104798777375939206e-01,-1.437362685234976067e-01,7.479116228280683343e-01,4.644764191196527059e-01,3.451599999999999668e-01
5.172000000000006592e-01,4.896799999999997266e-01,8.060800000000005738e-01,7.303749333301864377e-01,6.384766422751786408e-01,7.228399999999998160e-01,4.087157893566718547e-01,1.109448484155399206e-01,-1.582030345278186978e-01,7.487994730390276077e-01,4.602766514065368408e-01,3.427199999999999691e-01
5.206000000000007288e-01,4.890799999999997372e-01,8.059200000000006359e-01,7.260528024968778693e-01,6.390017994095901210e-01,7.278799999999998604e-01,4.013898205055970170e-01,1.113132723421604298e-01,-1.474196269132918569e-01,7.438264007789353593e-01,4.696908204410614740e-01,3.439599999999999880e-01
5.274800000000007261e-01,4.938799999999997636e-01,8.063600000000006318e-01,7.166743776314353775e-01,6.438734041532588881e-01,7.269599999999998285e-01,3.984845162447769873e-01,1.109126918537760575e-01,-1.444712020816673326e-01,7.490154004982045866e-01,4.635183011087785077e-01,3.444799999999999529e-01
5.296000000000007368e-01,4.897999999999997911e-01,8.077600000000005886e-01,7.191141229324092832e-01,6.398512455817910727e-01,7.266799999999997706e-01,3.872137843399352519e-01,1.069670849627055997e-01,-1.349881510692552689e-01,7.495643441180664945e-01,4.592129070955650594e-01,3.409599999999999853e-01
5.260400000000007292e-01,4.888399999999997747e-01,8.087200000000005495e-01,7.219013293444218604e-01,6.375488228282367720e-01,7.281599999999998074e-01,3.930709631403619397e-01,1.122113027075086200e-01,-1.432913516185670422e-01,7.460889484971506835e-01,4.583127323946747378e-01,3.432399999999999896e-01
5.292800000000007499e-01,4.906399999999997985e-01,8.118400000000005612e-01,7.201586371640138484e-01,6.354397377020325477e-01,7.245999999999997998e-01,3.829851868621493294e-01,1.086650711240699091e-01,-1.295550740645740329e-01,7.512700460726775553e-01,4.534763229352674618e-01,3.397999999999999909e-01
5.324800000000007305e-01,4.861199999999997745e-01,8.112400000000006273e-01,7.205126852544094795e-01,6.389955062182345324e-01,7.219199999999997841e-01,3.819562850475924365e-01,1.117995449810907926e-01,-1.278485828014939707e-01,7.488779122738830063e-01,4.549335995136776778e-01,3.413200000000000123e-01
