1.199999942279958987e+00,1.199999975579978617e+00,8.000000357142793561e-01,1.199999974603177755e+00,8.000039999200015961e-01,1.199999972337486565e+00,1.199999976359340970e+00,1.199999953051654300e+00,1.199999942611207349e+00,1.199999977181976485e+00,1.199999974243403322e+00,1.199999976811596980e+00,1.199999844358097700e+00,1.199999958463144667e+00,1.199999506174058927e+00,1.199999872611546170e+00,1.199999827586355483e+00,1.199999971929828435e+00,8.000000188501396048e-01,8.000000161812284016e-01,8.000000303259999779e-01,1.199999968178207199e+00,1.199999979919680770e+00,1.199999971590913095e+00,8.000000700525148334e-01,8.000003389824762445e-01,1.199999893048185440e+00,8.000002209942309594e-01,1.199999024395002944e+00,1.199999545455578520e+00
1.379618833318922544e+00,1.401151903037421098e+00,7.931382829834909831e-01,1.229576839019576706e+00,6.417276852094111472e-01,1.290353745684791109e+00,1.168035962615571410e+00,1.084089331054575389e+00,1.085313456141714816e+00,1.401036174129294043e+00,1.400030495475281800e+00,1.399029012063973454e+00,1.049955442887353874e+00,1.080181003783536209e+00,1.045098045099190243e+00,1.058820709242262570e+00,1.236138434304014488e+00,1.350003180068455100e+00,6.855789755180310419e-01,6.545148478995019836e-01,7.496480392835096485e-01,1.346855182591587763e+00,1.305696277006978878e+00,1.251846940563944521e+00,8.947335773535216585e-01,8.718585435522057114e-01,1.401173845551720420e+00,9.337026258935570144e-01,1.053905867595110513e+00,1.073821470705607517e+00
1.549214429156684947e+00,1.604267887313836294e+00,8.555762120512667712e-01,1.181445718163351755e+00,4.979210962468855195e-01,1.418931267824966369e+00,1.113905214040324942e+00,9.392911150560986355e-01,9.782364089112467465e-01,1.599901711387120340e+00,1.602452726437487707e+00,1.572555406781076082e+00,8.724146304110815819e-01,9.258043729659368726e-01,8.702990737220881456e-01,9.708073923375959424e-01,1.368835395455570758e+00,1.429660194129587891e+00,6.227307415358501741e-01,4.949971079160115917e-01,8.280417077784452129e-01,1.272889531136581542e+00,1.445759817286046189e+00,1.361553358388270629e+00,1.051123166200980119e+00,8.031853422908932227e-01,1.603526868152877816e+00,8.891287290932491372e-01,1.145825463940080891e+00,1.068648856090317123e+00
1.697095914157046082e+00,1.749270138560607313e+00,8.450600072325503698e-01,1.139341591101996842e+00,3.424156475565857116e-01,1.574001714109105388e+00,1.177070817108052836e+00,8.259544709476731583e-01,1.010531350231463676e+00,1.717131504341936399e+00,1.790229784621330644e+00,1.743447417411582157e+00,7.003971834188449375e-01,8.035379317242132835e-01,7.161729089274211368e-01,9.152908127574119757e-01,1.526047313489536927e+00,1.575471803562860762e+00,6.102011489534028277e-01,3.218012791604488720e-01,9.038095618932060482e-01,1.216144658424375136e+00,1.610419500346439659e+00,1.431323919099831921e+00,1.228597380582668430e+00,9.104778701677562758e-01,1.807266244185484094e+00,9.023496617443920176e-01,1.288053042082847099e+00,9.379132603297309911e-01
1.864222124356568866e+00,1.796060299817283212e+00,8.678991917954957946e-01,1.143124521174425201e+00,1.790296675586992015e-01,1.720098341617405602e+00,1.279181451295316574e+00,7.735619654305927462e-01,1.083463116910546198e+00,1.719742704459371829e+00,1.950303889728455919e+00,1.920665478173824825e+00,5.670289486309696425e-01,7.565480883191364470e-01,6.192907024832108309e-01,8.254762187111281957e-01,1.680630375700534973e+00,1.743862150853884296e+00,6.282375091985361593e-01,1.576958063352354722e-01,8.839329714261451310e-01,1.259628297263781782e+00,1.750359035902520288e+00,1.481878630016046472e+00,1.397466160223540088e+00,1.067523601841348535e+00,1.927598681971282701e+00,1.007605556244647538e+00,1.365507894659079735e+00,7.720080455003417441e-01
2.048311818807229123e+00,1.826737409619801689e+00,9.636007472959784437e-01,1.174951619387034629e+00,1.145034121529932558e-01,1.832095784110656655e+00,1.335878542399147717e+00,7.363482334193984791e-01,1.099877865789028686e+00,1.669585134574134377e+00,2.085088935437232394e+00,2.041747471772474842e+00,4.774868340537090083e-01,7.444922140539527167e-01,5.909994881687620216e-01,7.202140814226402066e-01,1.648371910650295424e+00,1.828444762453978578e+00,6.320758618317477984e-01,4.730977527219411283e-02,8.233447247307188466e-01,1.302817985985939009e+00,1.849653566899140067e+00,1.568131906549695476e+00,1.474061888652450358e+00,1.193041547639244859e+00,1.887268525397828300e+00,1.114487436308779555e+00,1.445977814891847180e+00,6.057099252519784205e-01
2.222712213906518297e+00,1.881293554499005705e+00,1.074297326236184347e+00,1.231898951848042323e+00,1.559670412502867365e-01,1.917562267499955286e+00,1.345424195993788041e+00,6.862841070147116529e-01,1.068269611257803620e+00,1.610491783853564618e+00,2.184937007360169936e+00,2.063209668725594081e+00,4.020908446652556312e-01,7.301564262016153606e-01,6.079110766015284328e-01,6.316020454375256277e-01,1.535579095766397728e+00,1.825312997254390668e+00,6.262235572345263845e-01,1.815911104420876027e-02,7.687233741164729572e-01,1.300666742008043109e+00,1.907680000571221335e+00,1.662039150359314599e+00,1.465595794897258664e+00,1.206690929111280397e+00,1.796457333965698622e+00,1.184538880881893741e+00,1.560214978874013836e+00,4.442419030492526510e-01
2.343471047002004592e+00,1.912871043975215457e+00,1.123566434787935275e+00,1.286991775300180274e+00,2.279110244075911729e-01,1.989539535673790605e+00,1.346161308443372562e+00,6.183701809512441860e-01,1.047178517242602025e+00,1.554033667878983227e+00,2.233077605590279902e+00,2.036584537890435254e+00,3.346152918195945403e-01,7.137035544995167236e-01,6.334980087523831571e-01,5.588507467211007995e-01,1.400631811765062462e+00,1.809835756780880267e+00,6.457642702758423781e-01,1.649340401065075429e-02,7.391552785834415440e-01,1.297575376839366079e+00,1.898415011147222442e+00,1.717767204152667482e+00,1.430226653392767222e+00,1.160956542352339582e+00,1.750016872438255433e+00,1.247965238839610747e+00,1.674976117302521050e+00,2.968803368287931121e-01
2.389532293895376025e+00,1.897305589008720261e+00,1.078367933641172893e+00,1.329609789742957515e+00,2.665858715294668890e-01,2.053770708251128951e+00,1.355857327688677394e+00,5.427166433193788553e-01,1.075470785818098296e+00,1.501475988857033705e+00,2.246438745374397250e+00,2.012870839496172515e+00,2.792428729708632540e-01,7.025461233294250096e-01,6.413750895664144247e-01,4.723813502042470414e-01,1.295267618213789440e+00,1.816196141808501974e+00,7.159657815849023166e-01,-1.356641967709496313e-02,7.527725482332967566e-01,1.337152934334485233e+00,1.834635581063460030e+00,1.741393054641265703e+00,1.423027544264214184e+00,1.083835097718924168e+00,1.778511360690174126e+00,1.324087572978223992e+00,1.706169494335215919e+00,1.944640527123040474e-01
2.368816868561107736e+00,1.859674558329417193e+00,1.009642576154748728e+00,1.362974188249876928e+00,2.572840292996906864e-01,2.127721139882897461e+00,1.378820711859824355e+00,4.950972336219990333e-01,1.131101355813779685e+00,1.468956288058255399e+00,2.254603282273316633e+00,2.004427191116486373e+00,2.299988811398856747e-01,6.920796463319930369e-01,6.328813463175584353e-01,3.820672359873254487e-01,1.250388654856497972e+00,1.829971830055109550e+00,8.218574948366765831e-01,-7.071440300761060171e-02,8.039170348806202737e-01,1.381506082085930842e+00,1.751749937057003326e+00,1.733224907778602386e+00,1.457459779636073760e+00,1.008600134117947134e+00,1.849567254653544435e+00,1.379386226288807249e+00,1.705615959237865464e+00,1.371944328050015982e-01
2.313140993891956487e+00,1.839111220695601734e+00,9.969277266333479437e-01,1.412325111993205651e+00,2.353135584608226916e-01,2.201382619706677701e+00,1.392912581395636451e+00,4.952202685038712415e-01,1.166159440085505983e+00,1.469327927723860450e+00,2.279999336631792328e+00,2.000429630328510289e+00,1.816808413472940087e-01,6.771447581184071307e-01,6.334777473588059094e-01,3.166910065748600456e-01,1.254523476003673643e+00,1.821108145571616932e+00,9.125040509964548185e-01,-1.180294416100580585e-01,8.447807347914039200e-01,1.392033259064039408e+00,1.688041150676752977e+00,1.686211041737951222e+00,1.514246761701285582e+00,9.653815943492493057e-01,1.904452545692963961e+00,1.385480459490330940e+00,1.742800912678501568e+00,1.044728963169301583e-01
2.269721960781305281e+00,1.840327280893652828e+00,1.043048662329766341e+00,1.489792689219197719e+00,2.223397417679541244e-01,2.247600981116122831e+00,1.363842115146460587e+00,5.356496762407102485e-01,1.155258412831895010e+00,1.481753533160728997e+00,2.335967143189037198e+00,1.988923440929274866e+00,1.461080393990145665e-01,6.661517771612583960e-01,6.577883748688104770e-01,2.694808158111988705e-01,1.277315755664060637e+00,1.801289578232664557e+00,9.524322536476602652e-01,-1.562386263320296731e-01,8.223447588894798876e-01,1.384041840976844240e+00,1.643090533987918267e+00,1.617622401994546433e+00,1.570206744477986360e+00,9.551476442252366805e-01,1.901215036418118176e+00,1.366178627173506799e+00,1.789489853976388378e+00,9.702284238525278603e-02
2.250754588544125578e+00,1.858001663545586712e+00,1.090319902210456604e+00,1.562250882382764328e+00,2.167876219735983823e-01,2.255187132610755540e+00,1.306083194554072291e+00,5.880609095259273778e-01,1.129628407196042517e+00,1.498881829311792924e+00,2.406210631207406969e+00,1.973446341754991673e+00,1.297079062529579441e-01,6.657483958876986296e-01,6.895892763547964988e-01,2.159038517042983774e-01,1.292201654562649127e+00,1.785713006421591365e+00,9.566516901885396829e-01,-2.029756844193230658e-01,7.635698194871141098e-01,1.383302528186814540e+00,1.621482349600804174e+00,1.556543875385514086e+00,1.600271440669681855e+00,9.704318495170378700e-01,1.868583730941803189e+00,1.346743939025783598e+00,1.800581730559179361e+00,1.174375959123728913e-01
2.235767584754341897e+00,1.889710053131646195e+00,1.098195184018696979e+00,1.580351008373275024e+00,2.135755763819637554e-01,2.253127749832717797e+00,1.269535760371084399e+00,6.111116019616215089e-01,1.126840715934075421e+00,1.544799542918047219e+00,2.467236772170246173e+00,1.964606751508894966e+00,1.234913854718551751e-01,6.678473438031410359e-01,7.091577031000785292e-01,1.750449416694166704e-01,1.276372663271880148e+00,1.787528208785955419e+00,9.646412037718448129e-01,-2.586363300388395126e-01,7.275969447741226226e-01,1.394343983761975991e+00,1.633261576359967382e+00,1.513192763948782993e+00,1.600718563840986430e+00,1.000769746814215599e+00,1.875453572889970388e+00,1.318161148458195209e+00,1.780785430678963666e+00,1.653713159972965419e-01
2.214152234555912369e+00,1.926547946748816686e+00,1.083384243959196080e+00,1.553516506011209053e+00,1.891677928617799820e-01,2.265911287159703136e+00,1.279643219073379523e+00,5.997793571175391580e-01,1.147575200226917280e+00,1.615042074324207544e+00,2.483866879637221192e+00,1.972141623655528475e+00,1.226350247460395587e-01,6.683392831193711858e-01,7.168032476904481198e-01,1.651966607191197867e-01,1.239515662107144145e+00,1.815943266613977647e+00,9.858919027808562552e-01,-3.029425151786862003e-01,7.355269359093513648e-01,1.403882258177852282e+00,1.673407215705497775e+00,1.454854713738746197e+00,1.581004864260392218e+00,1.031271030025411539e+00,1.938625998962602459e+00,1.305997454834642246e+00,1.778526154236488299e+00,1.858306452479976389e-01
2.207390508954581332e+00,1.956443893195981332e+00,1.073018998257867729e+00,1.518841203261531048e+00,1.454460675968396732e-01,2.269853116720630393e+00,1.289757389036154001e+00,5.830860994350477444e-01,1.160204109213989643e+00,1.673854853483159655e+00,2.473187021889025949e+00,1.986104445171916533e+00,1.311176631244254931e-01,6.756620944704996301e-01,7.233145360545978342e-01,1.665690852143103251e-01,1.195953373930487951e+00,1.857267399221910420e+00,1.018061715321926020e+00,-3.367187641471346415e-01,7.482586988898359825e-01,1.424563962903345526e+00,1.725675282650318332e+00,1.385014110186548297e+00,1.553375750974272052e+00,1.044596579817089532e+00,2.017250703597863737e+00,1.325767314170858580e+00,1.762249089331504814e+00,1.720991475599855658e-01
2.221230261611295109e+00,1.971897686116746984e+00,1.080622172912050649e+00,1.485255833989673757e+00,1.197593359802396340e-01,2.271449039111903545e+00,1.285320606564188006e+00,5.766019293980506610e-01,1.150440916125009538e+00,1.709566368519668034e+00,2.479492318398637707e+00,2.004952045908589220e+00,1.439675366627024555e-01,6.842517291624976572e-01,7.345622519873766798e-01,1.762887092192247096e-01,1.154990201319585852e+00,1.880161066204890652e+00,1.062601821016171844e+00,-3.585817581752288041e-01,7.304673483766899178e-01,1.440934624962397326e+00,1.760567883068692607e+00,1.352539397914519492e+00,1.524151430128210194e+00,1.035342498590773985e+00,2.074850348641592568e+00,1.343431988011561051e+00,1.727117722342977890e+00,1.893752433899820176e-01
2.243300018804653462e+00,1.986168597459726293e+00,1.106002811049914714e+00,1.480822605517293944e+00,1.073619726075099451e-01,2.291479992008734090e+00,1.276786690869971208e+00,5.873808309382329007e-01,1.126386817656018779e+00,1.726665031506393611e+00,2.506663545193982490e+00,2.019579290627442347e+00,1.523829410704023724e-01,6.954990355290485704e-01,7.513476907431122509e-01,1.923327652337213090e-01,1.130218958591977740e+00,1.887224949796834972e+00,1.101749622732599576e+00,-3.618665054300755912e-01,6.974912683722165330e-01,1.435327826777508031e+00,1.792114020746938596e+00,1.348889600954304546e+00,1.492273952180411811e+00,1.010581221742234748e+00,2.101178505795538776e+00,1.335478178081090261e+00,1.709081295681241563e+00,2.237939947461921320e-01
2.259424745911761345e+00,1.997819093625589071e+00,1.143224712025022738e+00,1.517740375899183869e+00,9.161599672605080791e-02,2.321050373303091163e+00,1.274391989569804817e+00,6.232153786219964964e-01,1.116867487259955327e+00,1.727436882276616181e+00,2.540987818407518084e+00,2.030405390580617198e+00,1.504684221460635130e-01,7.076298082229391939e-01,7.583080700962915310e-01,2.007725132493384801e-01,1.130895111424180088e+00,1.903454917343537778e+00,1.115640560416042870e+00,-3.476179482946838428e-01,6.967052664465827050e-01,1.424780537607869046e+00,1.820077061467851642e+00,1.352623499955060149e+00,1.468720067193290735e+00,9.790705982200889057e-01,2.095713461023796409e+00,1.325942835719983393e+00,1.695965970225744579e+00,2.424085853996109097e-01
2.267758153547008160e+00,2.004071688470225876e+00,1.158208542019664167e+00,1.568982719998694542e+00,6.440828962960647164e-02,2.340772809848127967e+00,1.280572062059050831e+00,6.577773722847298776e-01,1.136629617934987735e+00,1.721771537512418071e+00,2.562977501791217527e+00,2.036043036652661176e+00,1.412588422935273091e-01,7.177377853711670586e-01,7.449471810168671881e-01,1.952197163201935259e-01,1.146934813523545316e+00,1.933929969815433525e+00,1.111857685921808336e+00,-3.358184909207067026e-01,7.302564849489397991e-01,1.417694965535001739e+00,1.833237147742877271e+00,1.323616167381016062e+00,1.461929290173417550e+00,9.451299501034466921e-01,2.079020860230520906e+00,1.334241001366739177e+00,1.684861029746519412e+00,2.468904427789121725e-01
2.269278101838470008e+00,2.007712750673686042e+00,1.160863531024295847e+00,1.597746578000242890e+00,4.964150995606058520e-02,2.362406796088273087e+00,1.298268815856655101e+00,6.706474214698046055e-01,1.160175574611188143e+00,1.716577102775256103e+00,2.578480275164458657e+00,2.037432102203873718e+00,1.275249401155246487e-01,7.213512206050317621e-01,7.235653172259688404e-01,1.846119436741144038e-01,1.167514347346825243e+00,1.954432481758127338e+00,1.118652070409475119e+00,-3.342599035774482252e-01,7.821734034859399998e-01,1.418131398227671758e+00,1.828185544732541690e+00,1.324374878971456670e+00,1.469157875708984262e+00,8.992072729559672517e-01,2.070599377029674226e+00,1.331901489923176252e+00,1.660176643020075282e+00,2.721873655923975899e-01
2.277979404983498934e+00,2.008053843799026073e+00,1.183548131442175189e+00,1.604352832309011045e+00,6.213896744855299664e-02,2.402904851730713442e+00,1.308818079195110728e+00,6.663151572754817398e-01,1.155611696804676569e+00,1.711186391411275487e+00,2.586736533310278752e+00,2.028664502586597695e+00,1.160406720243679912e-01,7.196625648520761365e-01,7.169309963145313880e-01,2.014213861638999015e-01,1.180850873291657166e+00,1.958943574348298799e+00,1.126291413126078167e+00,-3.302008370781682745e-01,8.101073634784468069e-01,1.413689995531415944e+00,1.818484842034835403e+00,1.329798299150737551e+00,1.486029966368369148e+00,8.426209469883562120e-01,2.074761788620922420e+00,1.327225821075331602e+00,1.650380141511742726e+00,2.917063302099797140e-01
2.297659990815691611e+00,2.004488766073978301e+00,1.202833135373894580e+00,1.604988061220527173e+00,7.912699685582344489e-02,2.416966763611954949e+00,1.300808659826630187e+00,6.512981941720732415e-01,1.130209271587836239e+00,1.697782482420179262e+00,2.577959379288263797e+00,2.015212939623765909e+00,1.109322957615605926e-01,7.188518152072999046e-01,7.285188648094015340e-01,2.124987440848140618e-01,1.188756349224181275e+00,1.964064316280022648e+00,1.121427643898500914e+00,-3.338239255060412303e-01,8.018559972804950586e-01,1.429832634985154449e+00,1.815431312132983255e+00,1.304619047463064563e+00,1.500526584520967432e+00,7.987791995679713875e-01,2.078224963270812076e+00,1.349769331576673670e+00,1.646998120456026893e+00,2.833079429845175579e-01
2.317618690487813549e+00,2.001752429776973319e+00,1.194884569065036262e+00,1.593017933495855187e+00,9.971603018113830985e-02,2.429962255844464458e+00,1.301297829707815046e+00,6.264338096115943388e-01,1.122407197704773596e+00,1.694074192983894278e+00,2.571825089439241818e+00,2.004853299363710484e+00,1.073232587401160149e-01,7.171836777021632914e-01,7.416359156103553563e-01,2.185255437222580754e-01,1.183853423849819286e+00,1.964102918608977788e+00,1.112577867266711484e+00,-3.474303881844368336e-01,7.866621709250514183e-01,1.445105606317026448e+00,1.819996778295968509e+00,1.296565529416515927e+00,1.513089503828262794e+00,7.744364196586861482e-01,2.078496667953088295e+00,1.361135251865966289e+00,1.643597722064838118e+00,2.888680989963340329e-01
2.321341599511513198e+00,2.006540400946331015e+00,1.178588442472179754e+00,1.579208361628331891e+00,1.223865656253163015e-01,2.444925164098085801e+00,1.315301846906250072e+00,6.086422059899200265e-01,1.132792540352101751e+00,1.698243996503274289e+00,2.575234411982322058e+00,2.001284150524890837e+00,1.017604199186460390e-01,7.115215616387778885e-01,7.493243369122968289e-01,2.114022946894162092e-01,1.170255956576268241e+00,1.965422101075177341e+00,1.094187363867449303e+00,-3.551264865791407543e-01,7.858690207013890872e-01,1.451103024957716370e+00,1.837435470133508053e+00,1.313805848481691685e+00,1.519341008933812853e+00,7.805765345506133768e-01,2.065389817693204844e+00,1.346376676309247289e+00,1.659415310529785526e+00,3.070187036109027212e-01
2.318221126645611641e+00,2.003925331332812032e+00,1.169882192695806289e+00,1.577721991944694313e+00,1.173378652640100911e-01,2.427576987267093145e+00,1.324482353236845711e+00,6.110449642318339647e-01,1.150273564146569116e+00,1.699170571061975554e+00,2.576863549206850568e+00,2.005126556027696960e+00,9.889246348211236382e-02,7.056979152940817679e-01,7.551549712044168805e-01,2.008699632792596557e-01,1.163423192880180368e+00,1.976407392238911154e+00,1.076870777515523736e+00,-3.648195439312989508e-01,7.836253293971530143e-01,1.458169040221338753e+00,1.858528519204068363e+00,1.311583360751982008e+00,1.526412316903148270e+00,8.032823416592270727e-01,2.052317326856621271e+00,1.340092241485919322e+00,1.671734488564405874e+00,3.097544264993761787e-01
2.311466406939183926e+00,1.997738133940336613e+00,1.179741121220996947e+00,1.589924643928027459e+00,1.030340420057112710e-01,2.393067863545161877e+00,1.321417782182720435e+00,6.247598492723744901e-01,1.157890891797540567e+00,1.701455363695768552e+00,2.573138927273162846e+00,2.022098079945746196e+00,9.952869579255721466e-02,6.947697373234509310e-01,7.587744059360223003e-01,1.985325001954224844e-01,1.165367564520674692e+00,1.990537018275148062e+00,1.068136076136013690e+00,-3.665333377338096388e-01,7.750037946082311002e-01,1.462652927604188191e+00,1.869531559074679050e+00,1.292955431229420249e+00,1.533415644862613281e+00,8.293042852997488668e-01,2.032704493235322207e+00,1.354554108443090987e+00,1.686067435435461004e+00,3.004776971328760871e-01
2.300599204789677277e+00,1.992323283939564815e+00,1.184849108814989060e+00,1.569994522934072156e+00,1.180832582787710444e-01,2.381171018794348893e+00,1.325556091126170344e+00,6.277236875802675309e-01,1.152013634900688421e+00,1.713243114972529346e+00,2.575371398399644907e+00,2.039892257316352708e+00,9.889373468229432917e-02,6.703820498748922496e-01,7.554751266173641566e-01,2.061533860197197754e-01,1.158181233682858080e+00,1.976862042653216411e+00,1.096144986807713773e+00,-3.658664935198434054e-01,7.694597855206193326e-01,1.452841978328452965e+00,1.852891350809593440e+00,1.323524329236505537e+00,1.533457422144764770e+00,8.284845280833145198e-01,2.031289471956447823e+00,1.344635041689248967e+00,1.691479129309437335e+00,3.223984979419462493e-01
2.297971160421511616e+00,1.985814415891968387e+00,1.184964586341521242e+00,1.575526768174250192e+00,1.276363324802542720e-01,2.361526610113409141e+00,1.318485234953157947e+00,6.328036050613949914e-01,1.140298428889675586e+00,1.716971128188709450e+00,2.566818313360618387e+00,2.045945866369353272e+00,1.006355620313666710e-01,6.474849263923388998e-01,7.570467198799841757e-01,2.145773407534584121e-01,1.146704002218471796e+00,1.974630446972196030e+00,1.104070787925109709e+00,-3.585463532087916905e-01,7.723442944350131789e-01,1.455965089279595448e+00,1.836340095014651119e+00,1.318187174645969240e+00,1.524991454408707758e+00,8.265541713748493224e-01,2.033691957415040275e+00,1.359279775439829363e+00,1.688036995013326491e+00,3.116383181707155225e-01
2.299604038267033967e+00,1.976392170106930246e+00,1.180102667259319782e+00,1.591109340950680684e+00,1.349870182418029807e-01,2.342230550621316354e+00,1.310384552680784909e+00,6.312650028471216146e-01,1.133911226142828355e+00,1.711913695523504364e+00,2.559901799162233704e+00,2.035886509422430990e+00,1.033952100910798255e-01,6.333333999166753658e-01,7.589842195013002391e-01,2.201309568435749209e-01,1.145913769585630515e+00,1.987465549912289742e+00,1.087667064969982889e+00,-3.553807731118988067e-01,7.713894666972108682e-01,1.460833299215766212e+00,1.829511661560993208e+00,1.319614468597518409e+00,1.515222572364910647e+00,8.317708720465122330e-01,2.032811646738367894e+00,1.384377814747216329e+00,1.682843228647736167e+00,2.920108466656147761e-01
2.291746244384263331e+00,1.960891184972684220e+00,1.174183091147836810e+00,1.588759549091450562e+00,1.426802822575008733e-01,2.360801695566330238e+00,1.318861675217443796e+00,6.218001647699179513e-01,1.143895398990665058e+00,1.719091142138136075e+00,2.570457401347530979e+00,2.030294301416061487e+00,9.730410188067563360e-02,6.210378748645878355e-01,7.515409646631788787e-01,2.353424531411812681e-01,1.149161146689203106e+00,1.979307044004186444e+00,1.084463833965735535e+00,-3.602549475831843262e-01,7.816627191651861484e-01,1.451560488184785225e+00,1.839585531072417846e+00,1.358360459462781389e+00,1.509337942078595951e+00,8.424413315921732703e-01,2.042172147923018599e+00,1.357303874398647192e+00,1.709269645603375132e+00,2.939627308762344238e-01
2.300687420361851476e+00,1.944384330305304776e+00,1.162884396483559124e+00,1.593305357046609583e+00,1.284018226480627412e-01,2.331127677674301069e+00,1.305099741420610027e+00,6.197564282791377943e-01,1.150483735251894180e+00,1.714634854078168180e+00,2.573167406480794561e+00,2.023565354371092972e+00,9.961845524266332852e-02,6.148214037190864456e-01,7.514803031152088586e-01,2.196608111024609400e-01,1.159989522892250102e+00,1.981099904758372610e+00,1.080793527268969267e+00,-3.674347890046296139e-01,7.774692077914976407e-01,1.473643009933039094e+00,1.847714600782043304e+00,1.364491564738302687e+00,1.518902979162823685e+00,8.484632099998447030e-01,2.032333754889190658e+00,1.373867331310721251e+00,1.700276058375049582e+00,2.849073028036230304e-01
2.305067466703971224e+00,1.937643048395336187e+00,1.171610549897877052e+00,1.595317721697169233e+00,1.198869320014741280e-01,2.324766425284989779e+00,1.302826764445871754e+00,6.208860269639145946e-01,1.151183859095235462e+00,1.719327290476195147e+00,2.567191045844081643e+00,2.015654758736572738e+00,9.587405630949517865e-02,6.052152430375894454e-01,7.580349686090753769e-01,2.352562397152434814e-01,1.170518267931033085e+00,1.974881516122821035e+00,1.087708935815542732e+00,-3.550159601992138314e-01,7.728470350220747465e-01,1.466623860654045375e+00,1.857214935715161941e+00,1.353669087878267341e+00,1.530301711305335655e+00,8.390475876074601214e-01,2.020417828783585890e+00,1.376025516886759892e+00,1.721722804898557335e+00,2.655698328817608922e-01
2.307475796835163351e+00,1.948615332419432855e+00,1.178569075863745486e+00,1.586807126503147591e+00,1.395728673535563125e-01,2.323209252939466563e+00,1.301377941593041543e+00,6.123695661100798660e-01,1.153135685647133091e+00,1.734319351027016509e+00,2.572797909540282646e+00,2.004638334735835414e+00,9.448255146728389009e-02,5.966810608943705629e-01,7.574548183352334263e-01,2.505008388500811201e-01,1.164250944515857977e+00,1.964758100057238499e+00,1.104292879641057157e+00,-3.547367985211924424e-01,7.808984292363428947e-01,1.468966582169082491e+00,1.850671220246762561e+00,1.387293927566490392e+00,1.533865467957467255e+00,8.262408175686420941e-01,2.019609194731883051e+00,1.362658130457472749e+00,1.733531287204238547e+00,2.810470948639057220e-01
2.320397352110099565e+00,1.953601333639789051e+00,1.174979902125460551e+00,1.608368441439930629e+00,1.166352066065426824e-01,2.290904471641710405e+00,1.285924309217224559e+00,6.149196964890168982e-01,1.154090955654788919e+00,1.733054464266511552e+00,2.567384953217517474e+00,1.985969767450611378e+00,1.064021659099506356e-01,5.994169621406237880e-01,7.510310206828659796e-01,2.372852815110913782e-01,1.155474596939152443e+00,1.996546950914788621e+00,1.101535698702663213e+00,-3.607439006531197867e-01,7.821049845292539215e-01,1.497869619115043571e+00,1.838292361543476083e+00,1.391873402874982624e+00,1.537243789141125472e+00,8.287873741711986320e-01,2.017809677250628209e+00,1.390048737293915204e+00,1.724408409267588649e+00,2.815340155361042984e-01
2.306757883929197117e+00,1.953034939915362589e+00,1.185637740116225247e+00,1.616714336006932928e+00,1.180954868329417429e-01,2.309161112629912083e+00,1.297852845245432984e+00,6.098767008214857066e-01,1.156142622635244033e+00,1.741968652293769626e+00,2.563780322488341312e+00,1.976728143146586403e+00,1.051231624000499992e-01,6.002711994681487750e-01,7.524736567276488763e-01,2.584857859459475105e-01,1.143336561094424830e+00,2.012813634127379459e+00,1.107906786916490915e+00,-3.573885652289612302e-01,7.987274580727931061e-01,1.478482533497119666e+00,1.841262887659956604e+00,1.401811091664720399e+00,1.543381030315533975e+00,8.299529726688749109e-01,2.032317565699548467e+00,1.373184989847649806e+00,1.776833813278862362e+00,2.853179421442731400e-01
2.309373355515274007e+00,1.941729571913407337e+00,1.183068049927655352e+00,1.630097727391892404e+00,9.748129180449605080e-02,2.296236061567938247e+00,1.280324933377181340e+00,6.141959903611203808e-01,1.146864369804008854e+00,1.731628615636284563e+00,2.564897645382871350e+00,1.978806697342271992e+00,1.096976389832707843e-01,6.078381715061718094e-01,7.504099621950300891e-01,2.356943675187931353e-01,1.140855566383008224e+00,2.016606729914879548e+00,1.118781389973957374e+00,-3.717981974357127406e-01,7.870275062706667546e-01,1.482130060788850789e+00,1.842589896418991069e+00,1.411609634642377875e+00,1.549207851064450470e+00,8.185308064722662813e-01,2.032668067189454586e+00,1.380382653403803284e+00,1.770808174491167897e+00,3.033546067578959393e-01
2.314450189680217207e+00,1.938114487144273257e+00,1.186189574654757717e+00,1.648363223700289204e+00,9.135617921370949024e-02,2.295709126845602022e+00,1.268080818522792752e+00,6.197458458337796738e-01,1.134604519891564189e+00,1.733694911040509545e+00,2.564374854514559043e+00,1.976176232058684867e+00,1.115332810052870466e-01,6.121353412525460946e-01,7.533884742976738602e-01,2.259116019100863570e-01,1.142280132319103858e+00,2.013111817925285596e+00,1.135278149563477834e+00,-3.749243492848691739e-01,7.796500029143831334e-01,1.475863905375694340e+00,1.851601001790452505e+00,1.411676605705964205e+00,1.554691590179263283e+00,7.926836936632496444e-01,2.029706153685068237e+00,1.380317544170908794e+00,1.772449372272093981e+00,3.115337834436133213e-01
2.309110436273111411e+00,1.944552408574749203e+00,1.193855297391399617e+00,1.666880611684979696e+00,1.075303881372869919e-01,2.318453265555114662e+00,1.279584421594523347e+00,6.098509655182564604e-01,1.135645095320236164e+00,1.753646905204920392e+00,2.559704885706613364e+00,1.972127748112033618e+00,1.088515721966740873e-01,6.141478072284808354e-01,7.530534432623572361e-01,2.312521433215670164e-01,1.142793529054464852e+00,2.011709690082049029e+00,1.148232324968702756e+00,-3.781393121857739015e-01,7.945107194666537476e-01,1.466590293822568114e+00,1.858905659003291300e+00,1.412857352349637274e+00,1.552679044103936645e+00,7.792160634878140257e-01,2.037567213647091258e+00,1.366947772125758354e+00,1.805994650924264588e+00,3.115508997066164243e-01
2.316344969222707384e+00,1.939839014254970184e+00,1.193893789258901217e+00,1.687842581899622996e+00,1.198145065651105290e-01,2.308035523661693400e+00,1.269282362553010746e+00,5.961656977478761998e-01,1.144545787578028939e+00,1.757393113532568218e+00,2.555627223721489649e+00,1.973873464225502916e+00,1.104210550450643452e-01,6.238193574962859200e-01,7.460571071270639676e-01,2.052131681680255670e-01,1.144462552780481701e+00,2.027301741617606901e+00,1.141532564400817629e+00,-3.940761168603392761e-01,7.901364102614178986e-01,1.484795894530848814e+00,1.855953292139248978e+00,1.406780062204580517e+00,1.547000318644208505e+00,7.704059896501627147e-01,2.044911856225657409e+00,1.383765079362408335e+00,1.790380896227897090e+00,3.089558963140450754e-01
2.309542447586115266e+00,1.938110108123490605e+00,1.217071328029370791e+00,1.702688068745216166e+00,1.542456014429319511e-01,2.309607797489137138e+00,1.272806639838441001e+00,5.866865193376104015e-01,1.147937661856916369e+00,1.771390666591035279e+00,2.561872213187652569e+00,1.988269451330420878e+00,1.101974874154774964e-01,6.225569323512246678e-01,7.470158499544831132e-01,2.061867394206758630e-01,1.146190614084352966e+00,2.031143832039766561e+00,1.141673137296188356e+00,-4.003912678796711089e-01,7.859597098279158534e-01,1.476362605426549068e+00,1.853159418577264406e+00,1.401567967433342998e+00,1.540665717529743795e+00,7.665704274074095492e-01,2.046503915269014318e+00,1.378675693556469684e+00,1.802043169016776192e+00,3.024514811328885555e-01
2.308888977204722526e+00,1.935337914533148407e+00,1.230884366059878055e+00,1.705873209868327800e+00,1.830901745474187992e-01,2.307469489694673914e+00,1.271604424326874705e+00,5.865642836938468330e-01,1.152273006943272282e+00,1.780241350218981999e+00,2.565678073220827304e+00,2.005121547451462760e+00,1.114243000789272298e-01,6.178733934775182401e-01,7.462361225077789317e-01,1.963506279636894614e-01,1.145021172088176220e+00,2.031742981256750014e+00,1.150538771668226934e+00,-4.066606276325517855e-01,7.715541472443990800e-01,1.475155642176883219e+00,1.851982238273883752e+00,1.418531185780871118e+00,1.536812332786510193e+00,7.558149556423958693e-01,2.041303386977627810e+00,1.374632661335859485e+00,1.810923799963441994e+00,3.014623808683736805e-01
2.313148703849505328e+00,1.927020698131209686e+00,1.230034565170466276e+00,1.710448618221195094e+00,1.975741570210495235e-01,2.279554248300354136e+00,1.257948982886343714e+00,5.851719621410080840e-01,1.155890323072288117e+00,1.782879647968298453e+00,2.560805615310254968e+00,2.010412101327039736e+00,1.132012692202292586e-01,6.123316710361972337e-01,7.474422454694574780e-01,1.760332220044285856e-01,1.148695810972489406e+00,2.041675055100269365e+00,1.148860370803511666e+00,-4.164103376043935545e-01,7.598185751170934976e-01,1.479535959247538779e+00,1.866794369777033946e+00,1.417230540745160861e+00,1.536276953264071210e+00,7.520148229273418972e-01,2.042313127030394693e+00,1.388629763642051929e+00,1.810497603792310173e+00,2.897575999924349444e-01
2.304201200333457766e+00,1.926433537287396192e+00,1.226957565680770967e+00,1.706457957434063477e+00,2.142054267793823130e-01,2.288393261910352194e+00,1.271670533715359763e+00,5.761378689200863379e-01,1.160336341492298473e+00,1.796987820928959811e+00,2.554606855578392732e+00,2.008543469317596308e+00,1.086938476064740616e-01,6.022766967045466435e-01,7.500878788711490275e-01,1.792791654571718463e-01,1.147773753087388160e+00,2.055117300133521674e+00,1.146260290795458436e+00,-4.193092110684054630e-01,7.791935211203283584e-01,1.457555515038757576e+00,1.881210413573124685e+00,1.424314976367820895e+00,1.537477878221670258e+00,7.426531901908800526e-01,2.061059480067013450e+00,1.379541792761806551e+00,1.845365845386091497e+00,2.735409470506649510e-01
2.314453094232947983e+00,1.915963892736275653e+00,1.218025534237238361e+00,1.709938917974121342e+00,2.157439553055555959e-01,2.259809506131857049e+00,1.263411478467228344e+00,5.795897421922033832e-01,1.156805988210724445e+00,1.797947799511223188e+00,2.559851023049985130e+00,2.009561773427162024e+00,1.152834679126710227e-01,5.971417896883406407e-01,7.503099058085981321e-01,1.540510410397118446e-01,1.141117574551966607e+00,2.062060969285839374e+00,1.137162446224626811e+00,-4.379630262926121897e-01,7.686310064971341172e-01,1.479012491047253075e+00,1.868102893328721814e+00,1.464337705775084819e+00,1.536796581262070971e+00,7.317314047562363255e-01,2.076401603559265396e+00,1.398316202386195251e+00,1.815523759446560526e+00,2.923687654687806003e-01
2.312484863536406365e+00,1.918257351211312134e+00,1.251429220533187170e+00,1.725423029756082416e+00,2.123483784871354196e-01,2.269407878115000887e+00,1.272501475868126120e+00,5.921582718829907499e-01,1.143094450281317620e+00,1.811296617043557600e+00,2.557598478000033815e+00,2.002924491860436085e+00,1.123286926606382463e-01,5.861748579815534432e-01,7.672227305984751222e-01,1.727777968164571909e-01,1.139219203514762357e+00,2.056088809567953479e+00,1.124001128252386517e+00,-4.231048499839543120e-01,7.704031241441022804e-01,1.446660521068810379e+00,1.867880793933828887e+00,1.442413486675095058e+00,1.536746921638936891e+00,7.233465470898317040e-01,2.088118445804157730e+00,1.399615317292866257e+00,1.852178034838674270e+00,2.662556442575239046e-01
2.320955581204654283e+00,1.908399776497142097e+00,1.248202168540109458e+00,1.712579965435311991e+00,1.872449492360829804e-01,2.252556592345619002e+00,1.275713918327922913e+00,5.967356797890084330e-01,1.155314407791563136e+00,1.808801589624922324e+00,2.563875115291438966e+00,2.008220252343255297e+00,1.152982054844378240e-01,5.785961161857908763e-01,7.593874255760080239e-01,1.401224901565752134e-01,1.141006981206121651e+00,2.056773976191788034e+00,1.128473811100566104e+00,-4.387655205595084595e-01,7.722088267765311320e-01,1.459142328160735858e+00,1.858929190226659589e+00,1.470926058917951806e+00,1.534509480625723343e+00,7.042654895903788237e-01,2.105410933279735275e+00,1.411462766864174156e+00,1.831114236963085284e+00,2.971834629735727318e-01
2.322328803823064280e+00,1.901160556714229566e+00,1.261478668478738463e+00,1.720566762748536815e+00,1.798537972050271438e-01,2.267561933317173484e+00,1.293814833538671438e+00,5.991340979197279371e-01,1.154197846931506621e+00,1.811375683448071205e+00,2.568041290347848449e+00,2.007060745984455163e+00,1.170600290699739532e-01,5.782344614968262242e-01,7.589708745610405094e-01,1.385919105330851164e-01,1.141282079752947487e+00,2.065101412285926585e+00,1.105371494000134458e+00,-4.315961980722318736e-01,7.802906902683822699e-01,1.438076924571638271e+00,1.876417762472704309e+00,1.467971693189454196e+00,1.529511242862100495e+00,6.996656684024068484e-01,2.122324490724693202e+00,1.414877107017571189e+00,1.856585438327598814e+00,2.880315870066641470e-01
2.335634914789984418e+00,1.897836189313567790e+00,1.267036534433770179e+00,1.720070188620709040e+00,1.800674087163304238e-01,2.274364124930346787e+00,1.290874924730531337e+00,6.035188094844706752e-01,1.140777786403330163e+00,1.807330385721140242e+00,2.574382950527314584e+00,1.992120258971506574e+00,1.255529426158866202e-01,5.864585538725949343e-01,7.565209105366575981e-01,1.147080446178315449e-01,1.140938700156038932e+00,2.071973111116125033e+00,1.087531047031874643e+00,-4.400623646884742612e-01,7.698095421617879852e-01,1.437330870527061322e+00,1.870401863630937189e+00,1.486317983787647679e+00,1.535710075734783020e+00,6.950163022197903828e-01,2.129445467239347245e+00,1.417469209755275461e+00,1.841539673703487257e+00,2.830255147274132188e-01
2.334953881560267952e+00,1.900008540316912908e+00,1.282276890293570615e+00,1.707972559011197378e+00,1.794585569582689000e-01,2.293743713841668974e+00,1.295086821646942665e+00,5.986380945329443648e-01,1.122749361920115874e+00,1.824088592184648139e+00,2.566243913078982697e+00,1.993193447901997040e+00,1.291920702188173176e-01,5.821729444577335988e-01,7.546614078235256429e-01,1.183560972373467468e-01,1.138426469481638614e+00,2.068467742979324786e+00,1.099569970286685905e+00,-4.349881942811975044e-01,7.667833477211122295e-01,1.423305535938495847e+00,1.875407034445464083e+00,1.496615246500266450e+00,1.545077852841675758e+00,6.740228428497114788e-01,2.145886712091395143e+00,1.400635914085733180e+00,1.861260456973475419e+00,2.842792207188469811e-01
2.338519674258919601e+00,1.901890015085094587e+00,1.269177451008298263e+00,1.704977892487707480e+00,1.706806336495220178e-01,2.286686745330304582e+00,1.284252569548103740e+00,6.093306384584259439e-01,1.125650130489356693e+00,1.825823017053718411e+00,2.548435502288245225e+00,1.992660912775507498e+00,1.356236598746691779e-01,5.792698768107968910e-01,7.460393208739838355e-01,9.952710973474862555e-02,1.134191332196909263e+00,2.066769661573409689e+00,1.108637457911190172e+00,-4.433295202965415460e-01,7.737842902146163659e-01,1.442065259808671840e+00,1.874284876272721556e+00,1.497308951796242571e+00,1.549009065402754182e+00,6.550428460321860991e-01,2.154322494413675404e+00,1.415672261476910831e+00,1.851108188619818407e+00,2.951476175562698367e-01
2.336023906008678264e+00,1.910907411949197776e+00,1.283160792662662697e+00,1.727987391099419456e+00,1.662450341775726093e-01,2.294189663590735506e+00,1.285002975120289381e+00,6.194544137967965547e-01,1.127350143671597138e+00,1.826430098967203541e+00,2.538998636748704296e+00,1.979011753125238249e+00,1.335345646216456184e-01,5.762449855955206202e-01,7.444559089322095868e-01,1.027230418145652635e-01,1.131511646818142980e+00,2.070984312218302037e+00,1.098411250713309695e+00,-4.467705849824504249e-01,7.817084980801446426e-01,1.434413852184462712e+00,1.886559535733915771e+00,1.481874893568173146e+00,1.546376780531277362e+00,6.607540891466264776e-01,2.147469187636234622e+00,1.417225627012157707e+00,1.870788354380263918e+00,2.754916490930381934e-01
2.332000323769883199e+00,1.899289036058997793e+00,1.305278242946251721e+00,1.719483500260644337e+00,1.832754283847149446e-01,2.303926992210447722e+00,1.287527739460140097e+00,6.172729886447682057e-01,1.137938322571329319e+00,1.820998173995669100e+00,2.556805103517918454e+00,1.984007831296200619e+00,1.386079796312284507e-01,5.769448331815428821e-01,7.395261984648456854e-01,9.827518280917321714e-02,1.122442290897904371e+00,2.067736155357901673e+00,1.110430059336722453e+00,-4.761406178646870879e-01,7.757977446540271771e-01,1.444485620693684025e+00,1.873507193443454177e+00,1.517758078361346019e+00,1.544848753218555082e+00,6.823238279099552717e-01,2.142585206626327565e+00,1.396635256406693060e+00,1.858158619449198801e+00,3.110463590276159040e-01
2.332297230579858383e+00,1.894042360254949209e+00,1.333044704963670224e+00,1.747031963893921569e+00,1.671281464886333612e-01,2.295449503705246919e+00,1.283393593423939549e+00,6.255004178337272291e-01,1.134564704412917679e+00,1.801501977259450271e+00,2.544016971042637909e+00,1.976088190033182590e+00,1.425062639073798598e-01,5.737019542403782868e-01,7.497728261704077468e-01,9.988109018154507635e-02,1.120953966448476224e+00,2.078897429650008899e+00,1.087994330101558216e+00,-4.689843084366481785e-01,7.779523630350990704e-01,1.445641770685051286e+00,1.874694062748678114e+00,1.472324415764806327e+00,1.543372843182196474e+00,6.902670006918599777e-01,2.137416912523637524e+00,1.410468298690001676e+00,1.873295278133701780e+00,2.889060618461933294e-01
2.325192946674972116e+00,1.886608556968542461e+00,1.333170636948775023e+00,1.726499956651223133e+00,1.584294899934664824e-01,2.299239810871470446e+00,1.288056327749738328e+00,6.116809730658610000e-01,1.146143885230473281e+00,1.802708459365642613e+00,2.534427654598829349e+00,1.975260997188752699e+00,1.415041229740529871e-01,5.611304600450938151e-01,7.471963146084501517e-01,8.836265359202116754e-02,1.112718046653007109e+00,2.069746815924820460e+00,1.121949422365377869e+00,-4.656365862773906295e-01,7.890108568119420518e-01,1.451786060500770414e+00,1.864210414107931424e+00,1.481015840381272985e+00,1.551387573127204433e+00,6.708977277695130637e-01,2.142456022549203531e+00,1.388571894006294771e+00,1.873467214991497265e+00,3.076648273225817687e-01
2.331039740068525656e+00,1.892520437175166714e+00,1.316252691816335307e+00,1.722418446475459497e+00,1.527747722135326669e-01,2.294165558699505780e+00,1.279070573603337868e+00,6.114093111688659876e-01,1.151429721381882487e+00,1.798811545728515870e+00,2.525252417080351197e+00,1.957647616878623653e+00,1.398003073295175092e-01,5.510384479895696908e-01,7.521425440264201123e-01,7.679498604319813515e-02,1.096829577767799657e+00,2.065547022592503001e+00,1.122215825920572563e+00,-4.565120365243650613e-01,7.939662611873203879e-01,1.457244712141003040e+00,1.855745465255319138e+00,1.480506370052833809e+00,1.547462123698835512e+00,6.473806510151023375e-01,2.146141451564250513e+00,1.390446834786585262e+00,1.879296004760617977e+00,3.243187125938324367e-01
2.333820341192004655e+00,1.889260065810706601e+00,1.319365304750617307e+00,1.733506118050346156e+00,1.349659223489546311e-01,2.302789382461882361e+00,1.286659086463319612e+00,6.127391104618875595e-01,1.139437523392920815e+00,1.791644406530834344e+00,2.525651215711770092e+00,1.936004502664321336e+00,1.402304393982923281e-01,5.556933789378650790e-01,7.687971620943148121e-01,8.447800284490993017e-02,1.092997444462248557e+00,2.075167038498961336e+00,1.099680682648868091e+00,-4.410685320662785514e-01,7.972304342990750303e-01,1.455412280108752121e+00,1.861492169575430733e+00,1.465532861423884281e+00,1.549443617306057508e+00,6.582959808274332358e-01,2.152211358601239244e+00,1.388766844393091615e+00,1.916001218410440465e+00,3.200867759027957171e-01
2.341313975242927281e+00,1.874451678272545552e+00,1.309252229465392103e+00,1.713005322763658356e+00,1.139123489694543606e-01,2.309510617749260142e+00,1.286835135447185197e+00,6.132688459781628909e-01,1.137156387939751934e+00,1.782446272809340204e+00,2.538036119187805362e+00,1.936912706604512646e+00,1.466215749233997501e-01,5.645895184048677073e-01,7.662165070844938475e-01,6.370153084803907573e-02,1.090688001653920214e+00,2.085270143670537202e+00,1.094193424065930786e+00,-4.547706300933707091e-01,7.886436433767120002e-01,1.476446793291444015e+00,1.857987078051875685e+00,1.503324985186008433e+00,1.564051589958062927e+00,6.738412949690114617e-01,2.159550205036822046e+00,1.378643343790306064e+00,1.905019088732848864e+00,3.735295031988349890e-01
2.333744620968629668e+00,1.871277633459914380e+00,1.331797100563489877e+00,1.717014300054130027e+00,8.766397019069284424e-02,2.323035593174684887e+00,1.292787322366257818e+00,6.172611508602624530e-01,1.123263960905765302e+00,1.791835567866460588e+00,2.514141710189886414e+00,1.939622198563824895e+00,1.391736461331985475e-01,5.673680740656450450e-01,7.764750659888499662e-01,8.341658302702528727e-02,1.092947027847607666e+00,2.093576242802940079e+00,1.068074213501869041e+00,-4.277352169060984477e-01,8.004171697034581090e-01,1.457528752865600907e+00,1.872352896849374337e+00,1.471464560418068501e+00,1.582147429803144156e+00,6.812262166969682564e-01,2.165177849105096808e+00,1.380039849218863024e+00,1.955387493362386264e+00,3.552794123211204802e-01
2.344986331539674840e+00,1.874637456034581540e+00,1.308529466732540003e+00,1.701094856208223094e+00,9.673909177665496184e-02,2.302948012837879865e+00,1.267644465851010205e+00,6.299501787588606128e-01,1.129215081215322325e+00,1.792083598651002196e+00,2.510304998059386339e+00,1.950202364135660282e+00,1.467929917837837439e-01,5.592780551646451270e-01,7.592599721785869837e-01,3.962159450748732603e-02,1.073285344119649487e+00,2.097285363103540856e+00,1.058295891377460274e+00,-4.344024957514610596e-01,8.046384167291620315e-01,1.493298416806919215e+00,1.841533003906471011e+00,1.502652953454894247e+00,1.584466370690573278e+00,6.646367075827493975e-01,2.169222619300956278e+00,1.401593235595584686e+00,1.923556458675912628e+00,4.085767074834720236e-01
2.329631251500793532e+00,1.881122771729821119e+00,1.334064374407373688e+00,1.690529031360630041e+00,1.176829240994377579e-01,2.340737838778253366e+00,1.288224225450675720e+00,6.348199919439245775e-01,1.101235941233029481e+00,1.803952738996873473e+00,2.491149001206240055e+00,1.957033335398706830e+00,1.380657755259481478e-01,5.499930139436359777e-01,7.712310470838646959e-01,9.223475909317567500e-02,1.062409004089243547e+00,2.086973977787710766e+00,1.045715694683269303e+00,-4.032854511655632468e-01,8.366335000585541914e-01,1.460614877903281705e+00,1.859628467872858737e+00,1.462837995070056962e+00,1.584926565445865521e+00,6.472952427817065812e-01,2.192465911489362984e+00,1.385110274141789333e+00,2.007099939089921126e+00,3.910585333172202360e-01
2.365565009688711751e+00,1.846773273203005994e+00,1.302747175786319600e+00,1.683427547143727221e+00,1.069911056120162324e-01,2.274562367397197526e+00,1.240313065634592871e+00,6.559356742479562907e-01,1.107175858699196658e+00,1.767011819532500860e+00,2.510778383941683067e+00,1.980317802960812168e+00,1.565908490578944434e-01,5.573885186662964619e-01,7.593298662795744391e-01,3.886576639322614907e-02,1.065074615805461145e+00,2.090039018441831598e+00,1.026113856547733016e+00,-4.339085946724104970e-01,8.084110891903231177e-01,1.536458346345287218e+00,1.837489984587448610e+00,1.494515031607589250e+00,1.592150798271311452e+00,6.542730198002463249e-01,2.180539198110918786e+00,1.418694793749703198e+00,1.952379509008669523e+00,4.450971277164879059e-01
2.329317994827143856e+00,1.855961451666908957e+00,1.348210718021513044e+00,1.683435382904968192e+00,1.344155434022050732e-01,2.349050694114270144e+00,1.286550959699771290e+00,6.388240083451165452e-01,1.103772911460209727e+00,1.792359094093831207e+00,2.510023883855315496e+00,1.979378483954709722e+00,1.300906220315828643e-01,5.520291126324451403e-01,7.722591090875904341e-01,1.217144577125414406e-01,1.063381998556170993e+00,2.082849802317959576e+00,1.012027255791359215e+00,-3.890737825250626392e-01,8.556299520815011661e-01,1.472235195037693956e+00,1.866334558227601415e+00,1.471025115031969088e+00,1.606642423225147054e+00,6.597719948833160597e-01,2.199855628851771883e+00,1.355893336206144051e+00,2.045858076953237958e+00,4.168290610232490145e-01
2.361000581593130754e+00,1.843923131775882629e+00,1.302572526356131855e+00,1.695219712893141883e+00,8.864766691288777922e-02,2.286226318858556095e+00,1.235044269935233752e+00,6.529064514192218782e-01,1.132323717691632092e+00,1.748283191468689379e+00,2.511646146705194482e+00,1.974515528331434178e+00,1.506132745223610903e-01,5.641828073852472869e-01,7.567273983593362230e-01,6.763893069326964991e-02,1.063073394816056449e+00,2.128913035202247173e+00,9.928990453725047294e-01,-4.123503540362049580e-01,8.352635435813406950e-01,1.540342716552794755e+00,1.822579328995641790e+00,1.492172575862402262e+00,1.603814947572570038e+00,6.546783895869134895e-01,2.183444642969379679e+00,1.418790101445671414e+00,1.970667329436316173e+00,4.540719581530285875e-01
2.338970180560112411e+00,1.857048747818492496e+00,1.316114560430660330e+00,1.663439794703960528e+00,1.037146180086774561e-01,2.321325927744561035e+00,1.261250035065144548e+00,6.216833864337413251e-01,1.127302312748190261e+00,1.776511809482839377e+00,2.505116311779323368e+00,1.963135330744281370e+00,1.365007447013890929e-01,5.529239690780417549e-01,7.758360084189697137e-01,1.265027427937816251e-01,1.044219105257596425e+00,2.110982281887681111e+00,1.010971450175507602e+00,-3.761983692976821891e-01,8.596699579682746117e-01,1.499776601656981789e+00,1.817359447581334608e+00,1.483729547982898245e+00,1.610198291457310971e+00,6.251451897230028143e-01,2.192075317937784540e+00,1.375962340380096016e+00,2.014308784377665251e+00,4.501045207816702920e-01
2.345829436496499998e+00,1.837719203732286699e+00,1.326188181848701131e+00,1.672573279610822361e+00,5.499864718242267886e-02,2.300646958265875508e+00,1.238462853553691456e+00,6.370633419896890581e-01,1.118289558140545870e+00,1.766613445908089775e+00,2.507260334240930533e+00,1.959456506660197439e+00,1.384911800002278648e-01,5.635700406076010749e-01,7.952710262078203085e-01,1.302469417706294541e-01,1.042353454078676300e+00,2.116370160443741710e+00,1.003969451918139688e+00,-3.587442340992491596e-01,8.396361538465726415e-01,1.506889081367858596e+00,1.830825629417636824e+00,1.465611140839054194e+00,1.621941319208301868e+00,6.119120723366573422e-01,2.171475255573395824e+00,1.387730477824559161e+00,2.015475310803268805e+00,4.544232876891690087e-01
2.350403560777786449e+00,1.824737440849664605e+00,1.304417123569269643e+00,1.675899467036439994e+00,2.858026804948958846e-02,2.285830714487749660e+00,1.225169693342411881e+00,6.529463174091868494e-01,1.145433712725654640e+00,1.766156832805934718e+00,2.526974358258291975e+00,1.966419072955141623e+00,1.438188005129270308e-01,5.716424437624103572e-01,7.851092879195854524e-01,1.178650689327117307e-01,1.043187169459472985e+00,2.123544617471558205e+00,9.820442522654559969e-01,-3.673973142136521264e-01,8.307057464986002948e-01,1.529119865729420713e+00,1.830179677257111281e+00,1.488372235395245324e+00,1.623215541777717208e+00,6.150849858226061784e-01,2.160726366907923968e+00,1.386206591181746939e+00,1.997305299946307233e+00,4.970501241952234861e-01
2.326288926583380157e+00,1.843323096907554914e+00,1.316977363335667617e+00,1.662663545537666598e+00,2.807798161413213589e-02,2.308790848711794297e+00,1.253351168573241692e+00,6.429923037542127906e-01,1.156438077591839253e+00,1.792454513285348217e+00,2.524310227187975819e+00,1.964017053642413524e+00,1.285981278663999861e-01,5.665697927332191686e-01,7.866759934083552563e-01,1.642800366965080361e-01,1.036612238028108424e+00,2.128219001910762742e+00,9.573709590326986429e-01,-3.512606926637898974e-01,8.543920548357619715e-01,1.508611397601801185e+00,1.844718882104825264e+00,1.457903069497570092e+00,1.627422151534142936e+00,6.081301021772048676e-01,2.170063470272155293e+00,1.357155830874400282e+00,2.026957342848886956e+00,4.914556275539269659e-01
2.338228421885823138e+00,1.835424180088142787e+00,1.303425904480409958e+00,1.656771473799133476e+00,1.018077301675661059e-02,2.267465273446756857e+00,1.229490615945185716e+00,6.346086833675050887e-01,1.156851300889784495e+00,1.788942242468209542e+00,2.525971818061790053e+00,1.975570638238721255e+00,1.391619307697950503e-01,5.703852866812958444e-01,7.852163630838847608e-01,1.655859159131070624e-01,1.033137922605573911e+00,2.125520734263445455e+00,9.519148314700840441e-01,-3.607756856655555122e-01,8.291199210678589226e-01,1.542290896550483792e+00,1.823168836711869023e+00,1.449096547338888596e+00,1.635106401433677581e+00,5.990150027648261100e-01,2.166029563577350991e+00,1.391467308058609964e+00,1.988633836039632730e+00,5.068298921497976783e-01
2.330597570308267752e+00,1.829415177825427286e+00,1.311925911065111139e+00,1.648815294310506330e+00,3.606652179184577367e-02,2.266587678573965370e+00,1.226570543800784341e+00,6.241523930460736169e-01,1.142343498512580879e+00,1.792580560744451379e+00,2.534731924308274209e+00,1.977404954700814121e+00,1.329988471271452422e-01,5.650431372480732017e-01,7.922196859331578356e-01,1.937040559753568369e-01,1.033647989139719892e+00,2.112256087511378499e+00,9.510149949545601000e-01,-3.565711612911440787e-01,8.113168858041915898e-01,1.530688797708646520e+00,1.812125204182173599e+00,1.445030461688433965e+00,1.633060701633313183e+00,5.971080118226058664e-01,2.170119026590997091e+00,1.380028817110266370e+00,1.991593003429911635e+00,5.091195581222468514e-01
2.319960570213102979e+00,1.820541209374231473e+00,1.306956886330673973e+00,1.669224158023596694e+00,3.901874438806293699e-02,2.275667806602869270e+00,1.235543848341492668e+00,6.277081037085128212e-01,1.141947418579216889e+00,1.790773745747907375e+00,2.537546625394862421e+00,1.984120890338296750e+00,1.322921180575818700e-01,5.640241633340722371e-01,7.905138876750482657e-01,2.037766283507977116e-01,1.041837426200991734e+00,2.119529233751869857e+00,9.337628327205590439e-01,-3.513490929501376647e-01,8.240183561815491720e-01,1.513402163827566538e+00,1.818133066711206558e+00,1.437124362394837318e+00,1.629545118758591427e+00,6.017338965315405241e-01,2.159586532262466552e+00,1.372020047547892529e+00,2.001479697280366121e+00,5.045423212730484330e-01
2.325927678151488820e+00,1.806793963637228551e+00,1.282844846222374713e+00,1.692616308400440195e+00,1.871956562067632335e-02,2.259659931820959144e+00,1.228580958835022052e+00,6.485653676149718549e-01,1.162856282457633172e+00,1.780901727411705160e+00,2.542877466512193596e+00,2.000866300506531914e+00,1.468144106522786541e-01,5.634016522547821149e-01,7.685786476095981534e-01,1.758586963088726862e-01,1.050675010995015368e+00,2.132064981623385869e+00,9.206126122294397973e-01,-3.541591800935195988e-01,8.379347067193848586e-01,1.525224257705824371e+00,1.818756007401659769e+00,1.440673697635536321e+00,1.634233252310569817e+00,5.790485747445349718e-01,2.135075696764198394e+00,1.390044589969724909e+00,1.981848526643840591e+00,5.113623658635868541e-01
2.315321028877761034e+00,1.813671317764978363e+00,1.302053471278096231e+00,1.674706571632781804e+00,4.973369944915809193e-02,2.281606633856465560e+00,1.252531556170589422e+00,6.334060513629652389e-01,1.157059481657731759e+00,1.811195873785805599e+00,2.540875006620239684e+00,2.014624284770075047e+00,1.460597402548124701e-01,5.535029487074825116e-01,7.655992944115130872e-01,1.937939970139808676e-01,1.034599363474140388e+00,2.114265205896300071e+00,9.412982764856437923e-01,-3.308989281680981831e-01,8.568963741048752913e-01,1.492645133178460926e+00,1.826363764687493285e+00,1.442634563112038748e+00,1.632400337990881800e+00,5.443312259340673531e-01,2.134897237161429207e+00,1.370891455640700585e+00,2.000690382527511968e+00,4.927569097319535185e-01
2.344640817794962473e+00,1.802189589948457016e+00,1.305318189549614427e+00,1.679422769578567731e+00,6.024806654614779655e-02,2.260242876780698573e+00,1.234334860571118853e+00,6.332821572476727834e-01,1.139970800111238303e+00,1.806236817648718462e+00,2.542303000890761666e+00,2.018754904762216196e+00,1.663213345938069077e-01,5.617613130397315357e-01,7.663936719631420091e-01,1.731786650542680439e-01,1.025990020329095032e+00,2.120076632333737443e+00,9.201323732757409335e-01,-3.354561599166646646e-01,8.282085937527627895e-01,1.511578224215835320e+00,1.814495890105760401e+00,1.443811992560928070e+00,1.636996123718541529e+00,5.297454782832500264e-01,2.122289966249698345e+00,1.404794907386183400e+00,1.978021764950991246e+00,4.796752144415733499e-01
2.352822761978423216e+00,1.804533952897178661e+00,1.312605038962534776e+00,1.663055647692770034e+00,8.066328982428822014e-02,2.283945435845376792e+00,1.246886873653911598e+00,6.138080366263175547e-01,1.130487818754394524e+00,1.821579223680918291e+00,2.564068829872329758e+00,2.017842218256377329e+00,1.664963519329753783e-01,5.633506986736698252e-01,7.606007369773688520e-01,1.743185510937539651e-01,1.023362775806494041e+00,2.121945600030218593e+00,9.024300639459152951e-01,-3.457298009753079771e-01,8.394390831530077479e-01,1.496311397187471526e+00,1.821387110190925362e+00,1.455896535376049572e+00,1.650646767152605943e+00,5.399805973651587987e-01,2.136549075325393510e+00,1.398180777838134992e+00,1.985985152108106666e+00,4.919798761128541531e-01
2.351904072071329566e+00,1.798768676764426866e+00,1.312411149957859458e+00,1.647393670446129388e+00,4.999527340324745606e-02,2.289839880676278749e+00,1.254587734682378830e+00,6.161255677397631247e-01,1.137284707468909417e+00,1.829694128224506500e+00,2.561174410139640756e+00,2.020698485067681904e+00,1.664543407080516790e-01,5.642911346552773599e-01,7.530827966281633534e-01,1.782445451351549748e-01,1.034505856215469199e+00,2.139257982559524152e+00,8.914498504251228139e-01,-3.552142025986774754e-01,8.594243319755753285e-01,1.481395393341897293e+00,1.849916230798722028e+00,1.444957098309391563e+00,1.657133716909811927e+00,5.629921765837396785e-01,2.153791696902131569e+00,1.408101081477115768e+00,1.988217934708780943e+00,4.850807889007582863e-01
2.359929915451045357e+00,1.789861580209601177e+00,1.301110982701323859e+00,1.640007552779677802e+00,4.106215889471417912e-02,2.268103873914514956e+00,1.241583020584828612e+00,6.366706011629079676e-01,1.140762584136317592e+00,1.832161858877266569e+00,2.567923547755458280e+00,2.019519693914597180e+00,1.686313106624390268e-01,5.645695846090328374e-01,7.455189442025923485e-01,1.659410758178122280e-01,1.029367174571381494e+00,2.134194288792004901e+00,8.936081574665118987e-01,-3.552467270234537788e-01,8.676614751872422371e-01,1.480923460208730891e+00,1.850081637053285100e+00,1.446287609429214527e+00,1.650403655091053690e+00,5.485838112835597080e-01,2.144401908831734982e+00,1.421260175610740362e+00,1.979796022401363320e+00,4.965156422794622659e-01
2.348304130773196885e+00,1.791573621732086119e+00,1.302900637373943571e+00,1.648642832645979883e+00,6.517505317490543404e-02,2.266528273397335091e+00,1.237999359164362545e+00,6.463902680796916878e-01,1.129917761736179305e+00,1.845540760703557215e+00,2.578325897074075890e+00,2.015823247917921446e+00,1.569465746669526374e-01,5.613493872403145790e-01,7.518179625809464639e-01,1.778017537789276514e-01,1.016905074629603778e+00,2.105349666876825232e+00,9.162309197550280171e-01,-3.434130777128019396e-01,8.738657005515806375e-01,1.463234360458392613e+00,1.847193035612097134e+00,1.440453202259789345e+00,1.640200455131999302e+00,5.198362075668245819e-01,2.151336480597199063e+00,1.421118968402834470e+00,1.986188286549636972e+00,4.953173814165877098e-01
2.343326648979673799e+00,1.779472131372064503e+00,1.307307913096691809e+00,1.661729790363182913e+00,7.278196182525201174e-02,2.250465298909740230e+00,1.229469276826671287e+00,6.518515317949883370e-01,1.121951164603314011e+00,1.834430560793894438e+00,2.586369718762527192e+00,2.011049025317258820e+00,1.584034015442185861e-01,5.715090963545375047e-01,7.505823227596210012e-01,1.851093318109585939e-01,1.014600109160084251e+00,2.120915926979802357e+00,9.189827836430557451e-01,-3.581101077580506886e-01,8.720261818101148199e-01,1.466468758228281821e+00,1.826727703641083833e+00,1.433990891983992544e+00,1.646788198645102508e+00,5.324467890849012841e-01,2.149628068942228687e+00,1.445547924110029747e+00,1.968174867367155745e+00,4.760518266589358061e-01
2.324914892640744135e+00,1.774301202145211365e+00,1.298422626129864366e+00,1.638957978244554914e+00,8.286610288018615711e-02,2.263127919773252561e+00,1.238893773192544456e+00,6.321735035734762365e-01,1.135793483987064256e+00,1.838037328574418261e+00,2.599153104584045249e+00,2.002682135228750049e+00,1.518824234415788454e-01,5.865233742375143278e-01,7.442807479602583376e-01,1.922256596461604239e-01,1.001833143913454682e+00,2.133450680038187386e+00,9.307034920959889046e-01,-3.796816920150312691e-01,8.862062212554823182e-01,1.463353877410096482e+00,1.819253690470985507e+00,1.447982311608135175e+00,1.665432973478616185e+00,5.631299337508538505e-01,2.149920450250025539e+00,1.437453305429889694e+00,1.963725790937699056e+00,4.830813007644093604e-01
2.318657903911031326e+00,1.763772351571615493e+00,1.300110040103806375e+00,1.635181394897565088e+00,7.977101129574554195e-02,2.249254384900089665e+00,1.227870819935030555e+00,6.373784899812250382e-01,1.143836309034874432e+00,1.843786247968891345e+00,2.598978704464340872e+00,2.001617957126992309e+00,1.449320489887477859e-01,5.993146161294693464e-01,7.525287177270655326e-01,1.907231151238147349e-01,9.994455842829979009e-01,2.133073122799520771e+00,9.306862042345900310e-01,-3.772122983717507982e-01,8.806429779630902122e-01,1.450119145884652738e+00,1.833381017320942608e+00,1.420993642093260290e+00,1.684502899085689176e+00,5.661455871888079194e-01,2.119049222395421594e+00,1.451927873132390578e+00,1.966909299345366069e+00,4.500466499886892069e-01
2.319902171739256502e+00,1.761316446104655542e+00,1.288719227011512203e+00,1.602011878983922610e+00,8.855711051032799652e-02,2.241454360926345313e+00,1.214566548974180149e+00,6.415691661776422583e-01,1.168798800905772817e+00,1.857558300576129140e+00,2.609770749230436948e+00,2.008088861031053440e+00,1.380056077320499508e-01,5.966165044911769799e-01,7.508364818541846120e-01,1.780835895715683626e-01,9.960014453558396763e-01,2.107486492443264581e+00,9.463967087711825377e-01,-3.856196387633820111e-01,8.524608322090084789e-01,1.448571741198813934e+00,1.838915622296394492e+00,1.441023580069009657e+00,1.700896202463075157e+00,5.570381057483335674e-01,2.083662336696505246e+00,1.447938494435659473e+00,1.960327767931773879e+00,4.599447061483952770e-01
2.315053757040934190e+00,1.783983408552967775e+00,1.299871920967667904e+00,1.612552785457911142e+00,9.697432011765180770e-02,2.242675354388565356e+00,1.216475463874695517e+00,6.312250898713870351e-01,1.173772271385183252e+00,1.870893504021373666e+00,2.608073148362186622e+00,1.992055833367586848e+00,1.363029133825391648e-01,5.915317133491930779e-01,7.583606804206844965e-01,1.906093502579500887e-01,9.893670078878114005e-01,2.117964620001051568e+00,9.207148775016719133e-01,-3.808290129180018635e-01,8.529275015267564486e-01,1.437257900035972868e+00,1.846740564913874616e+00,1.429895782998582998e+00,1.696761120120313215e+00,5.718761769668982975e-01,2.070648286697896356e+00,1.453098287495947938e+00,1.969205307655902848e+00,4.356811120475033716e-01
2.314567108212518765e+00,1.773494083598784465e+00,1.302235599636432317e+00,1.605988729125620740e+00,8.993223846047115888e-02,2.234977323221670531e+00,1.208543245572526015e+00,6.224275264033953814e-01,1.172542264585158200e+00,1.859524166267601641e+00,2.605263216210825128e+00,2.003764001326922006e+00,1.455139782558523553e-01,5.868665262571396424e-01,7.597434991445605190e-01,1.999925935008135813e-01,9.953463002236611068e-01,2.116232283734829078e+00,9.335836582830622232e-01,-3.967237900738767031e-01,8.465593503545860710e-01,1.452042637849913831e+00,1.844086121122463284e+00,1.447005809433931534e+00,1.700792348156286105e+00,5.673596062450323441e-01,2.092309146800280129e+00,1.477631831178102706e+00,1.942317089198915436e+00,4.411470210154611049e-01
2.306984913677976756e+00,1.757703182496902494e+00,1.296121131324689868e+00,1.618041237873806493e+00,7.595851326090828637e-02,2.245510378206243551e+00,1.215110667928199550e+00,6.224470371733911156e-01,1.168234260506713973e+00,1.849804466872550401e+00,2.608948344184359502e+00,2.009041535286144597e+00,1.334432998915112689e-01,5.796590255812589243e-01,7.596809406759517103e-01,2.336616067833083010e-01,1.003864878087785018e+00,2.106606849334678344e+00,9.302525710479676579e-01,-3.898991423527103373e-01,8.721430246105166262e-01,1.436475917739292951e+00,1.860902236056515946e+00,1.457396731925836519e+00,1.689463481252895471e+00,5.643098509066846180e-01,2.123028495823310102e+00,1.471583699519874555e+00,1.939908573742673781e+00,4.357538232268208245e-01
2.319112704885335496e+00,1.761115490210480194e+00,1.278853623463005684e+00,1.655456413799638815e+00,9.216856320195494778e-02,2.234357760790781189e+00,1.204059564378872960e+00,6.288112901133710020e-01,1.169774002461094531e+00,1.838981552252806573e+00,2.618452592417918723e+00,2.009189584884839341e+00,1.280551489192269798e-01,5.705292989740016196e-01,7.563393142993706242e-01,2.295330842296870455e-01,1.004959132903420871e+00,2.102433794408800516e+00,9.067315731156115888e-01,-3.838471413938532306e-01,8.787676438756538699e-01,1.441214796111325525e+00,1.848200189259648241e+00,1.476064886569753209e+00,1.672600797478512868e+00,5.594974234665971435e-01,2.119981147155555412e+00,1.473234149727211451e+00,1.928942363465762755e+00,4.310302861508183425e-01
2.331545816019574779e+00,1.771212410220955213e+00,1.294925444910910661e+00,1.655550206299198912e+00,1.030807686044662302e-01,2.229791328279656426e+00,1.196641429167371928e+00,6.316181727195170348e-01,1.156204792409129878e+00,1.843920168583529140e+00,2.613368668399214556e+00,2.019001146558456750e+00,1.220067551608118722e-01,5.584502893328666673e-01,7.612024578448501888e-01,2.298946426268619891e-01,1.011362659150685461e+00,2.087856498437829167e+00,9.085379286982867564e-01,-3.638926878547887878e-01,8.685422143555006080e-01,1.435147076286873657e+00,1.845559594832109074e+00,1.484994671336553385e+00,1.675223802157751907e+00,5.346138752272920902e-01,2.105494279907615063e+00,1.476633151778872222e+00,1.931521405449004636e+00,4.103156802411792037e-01
2.334185056578296003e+00,1.761220517377815487e+00,1.294279885927041462e+00,1.623168153505191613e+00,8.477011928065614210e-02,2.235513263232114856e+00,1.213430914519930459e+00,6.104686703992167063e-01,1.171588219146134202e+00,1.850422835747570494e+00,2.600907995332720102e+00,2.031916936269418272e+00,1.263385365351996081e-01,5.642488613898377636e-01,7.444844037468998366e-01,2.293303336597984632e-01,1.013155042220858393e+00,2.096657675999475057e+00,9.193618794001120476e-01,-3.827064020741289263e-01,8.686330092205868381e-01,1.449749554937609375e+00,1.855665482770035402e+00,1.501960947514733302e+00,1.692676429899287571e+00,5.424081293723171937e-01,2.118023420075855423e+00,1.471645027643875503e+00,1.926022921998326032e+00,4.107592615873965070e-01
2.333659250848314937e+00,1.769868021209907161e+00,1.296803623078433221e+00,1.620168944792087062e+00,9.416710404043544813e-02,2.252003229751133873e+00,1.231802211922867318e+00,6.152093415260491138e-01,1.170936616110118678e+00,1.856455045134139503e+00,2.592507872836905758e+00,2.027968747235542324e+00,1.310614052921942052e-01,5.786251537375215470e-01,7.369895533196718640e-01,2.434195333161355834e-01,1.004871926561410334e+00,2.122659276054533528e+00,8.858176069895802307e-01,-3.871728636309791916e-01,8.747078615432475335e-01,1.444346040389306252e+00,1.870303497742273890e+00,1.494756052556351911e+00,1.688821878642591257e+00,5.679111295464260856e-01,2.114566596563189016e+00,1.485334821148511564e+00,1.933555846915439247e+00,3.828273690069105006e-01
2.350676881371354110e+00,1.772170313794969809e+00,1.295598517267171568e+00,1.599515561124706942e+00,1.222220236047018849e-01,2.252780890867245311e+00,1.222351949201408328e+00,6.411598606202428829e-01,1.164492288543652609e+00,1.862990036406750649e+00,2.604521509824010206e+00,2.029278873334590116e+00,1.311790244873915212e-01,5.753214936438045823e-01,7.324302885478383152e-01,2.344494642524592998e-01,9.928659312761349831e-01,2.101547376611959894e+00,8.936765021358534788e-01,-3.943432273384986919e-01,8.475918469900949326e-01,1.441628124717095227e+00,1.855849755311819615e+00,1.517020303106045409e+00,1.687270842730903997e+00,5.604017089949306918e-01,2.080494473865475147e+00,1.484248865391570638e+00,1.927237634346743667e+00,4.067414190485748593e-01
2.346832784434579544e+00,1.763046721827193686e+00,1.297707447478363862e+00,1.610015231868269225e+00,1.196812123411203355e-01,2.252977345543166088e+00,1.220048472667378370e+00,6.742150465400073012e-01,1.160125683937985430e+00,1.862661544177185213e+00,2.591265062267520847e+00,2.027225841970306863e+00,1.197167946946028488e-01,5.684987994030692438e-01,7.334137779341400876e-01,2.438673544325156151e-01,1.003562545040946219e+00,2.098076819845873686e+00,9.031438123402293350e-01,-3.850776263554976375e-01,8.411771251919314407e-01,1.428411045500394660e+00,1.868121132453314237e+00,1.506864699629021587e+00,1.697403388471423247e+00,5.555630209625807003e-01,2.070929400348127558e+00,1.506080039096914014e+00,1.940844971643469696e+00,3.926843426395006387e-01
2.335562643321421827e+00,1.755056693962921965e+00,1.276003771021078759e+00,1.599441238543238830e+00,1.083042897455649828e-01,2.260473576635764204e+00,1.222998620004658310e+00,6.700228723180871038e-01,1.177619493052646904e+00,1.867275843119802881e+00,2.590215781320010180e+00,2.013081892472773138e+00,1.088843966101927380e-01,5.583728504394741554e-01,7.147721226189005517e-01,2.512267379692510461e-01,1.007544229918805767e+00,2.110822660009500584e+00,9.109953169669812167e-01,-4.052542252842404880e-01,8.737054784946830521e-01,1.438744780762327702e+00,1.849250746353304553e+00,1.522799636558386016e+00,1.703047238338372793e+00,5.858919478215409704e-01,2.095703547178696002e+00,1.511429005508278189e+00,1.939073564801782057e+00,4.181712638849086616e-01
2.339243798498750415e+00,1.742589813470056370e+00,1.292570958537202941e+00,1.605869618017439882e+00,1.024364958852889973e-01,2.256413029834139383e+00,1.204358227555107241e+00,6.770476106538737548e-01,1.169909565680572694e+00,1.856945641580544981e+00,2.577689729785127337e+00,1.995871322282859461e+00,1.030031484389648533e-01,5.533100324301321038e-01,7.295750601869780416e-01,2.709549431585702717e-01,1.008845256229411902e+00,2.125296568370396155e+00,8.926186673617240164e-01,-4.024567754419166032e-01,8.677341451904492242e-01,1.438783316839839399e+00,1.853526149805514223e+00,1.497492747223836407e+00,1.706247723881201939e+00,6.030156012127980691e-01,2.100961688876690214e+00,1.536775750198249746e+00,1.950790070301786416e+00,4.092596774718463837e-01
2.350191306550120540e+00,1.726817053759166276e+00,1.287053187368874640e+00,1.557336383032855931e+00,1.311110154178241893e-01,2.266667924598287698e+00,1.189495028304362378e+00,6.677240289376673577e-01,1.160236256446535164e+00,1.862078384337336301e+00,2.599587302588417526e+00,1.996087096267850081e+00,8.733810590467830370e-02,5.412981639342888673e-01,7.388073820680336468e-01,2.782999382234721542e-01,9.953061335832633638e-01,2.094872743204158727e+00,9.287966594074962279e-01,-4.011165564305246845e-01,8.466975563075304079e-01,1.431008115143470372e+00,1.854420089311144881e+00,1.544486910343378039e+00,1.703035604326749164e+00,5.681713881703636115e-01,2.098588253943118431e+00,1.506615403144890397e+00,1.961311018339284784e+00,4.579538891483663221e-01
2.361507488006831412e+00,1.722711691752315977e+00,1.286454885372970258e+00,1.579926984200346496e+00,9.199210685487695105e-02,2.246577878796224503e+00,1.165324488736074970e+00,6.914915670557112426e-01,1.170501453669915426e+00,1.842448106288800291e+00,2.577001795196013134e+00,1.972955284872621950e+00,8.711383993862718833e-02,5.505570646846076333e-01,7.493556718457319299e-01,2.608964932868642617e-01,9.981533393505307439e-01,2.150875407511422921e+00,8.868024265484438784e-01,-3.954619894618068288e-01,8.592377651426950091e-01,1.438196159867588975e+00,1.898098845590288519e+00,1.495552926271504823e+00,1.699256001413032680e+00,5.737008931150268110e-01,2.078679310431649441e+00,1.547358684875254742e+00,1.974912365110478962e+00,4.261290672589570505e-01
2.342733624745856336e+00,1.733255424358089325e+00,1.273498377609347143e+00,1.511888541909832906e+00,1.153139235593744483e-01,2.290551220969719637e+00,1.193601276527326061e+00,6.706887819994808986e-01,1.192158089626007555e+00,1.876540641933228226e+00,2.591548372801860012e+00,1.969896888630010556e+00,7.075693020859126492e-02,5.363410954876732806e-01,7.278717535330723187e-01,2.627621814846615167e-01,9.831462764315022085e-01,2.155269894119330676e+00,9.254015071297858608e-01,-4.223648189047443102e-01,8.901117790032863075e-01,1.432472261764513144e+00,1.913485756731341247e+00,1.553785647648112223e+00,1.700383278828246025e+00,5.684099035379730491e-01,2.093222827158532251e+00,1.507554843855228865e+00,1.982088579301321651e+00,4.854998245881635421e-01
2.359683104059110637e+00,1.723410634130822405e+00,1.316002497008488259e+00,1.538351699361559355e+00,1.031510004894879845e-01,2.268526365654830457e+00,1.156054836520174378e+00,7.049598896979494267e-01,1.148565422751511411e+00,1.845002719232282429e+00,2.572449437667433614e+00,1.952593342769924245e+00,8.287476096787166346e-02,5.354850148324907799e-01,7.498581950150602360e-01,2.733469078588050549e-01,9.846551439027372288e-01,2.210366952948189745e+00,8.935552868485037159e-01,-4.212858580719854307e-01,8.747867253374208563e-01,1.447018632797133053e+00,1.901035047078527773e+00,1.497076410848239503e+00,1.708943381747564105e+00,5.672136352281841321e-01,2.076323158285076964e+00,1.559222735347034261e+00,1.975100434341586997e+00,4.420583519290763874e-01
2.352030523156655395e+00,1.717836123944744386e+00,1.319802096041874595e+00,1.470185942725611206e+00,1.414055836334427996e-01,2.304623332904748967e+00,1.159834359634772216e+00,6.914643407216115589e-01,1.138535248772457376e+00,1.858079847626848302e+00,2.603761061326192561e+00,1.969544112043816853e+00,7.336312496935525063e-02,5.197856339157849170e-01,7.296612951831278338e-01,2.933059212273468885e-01,9.727353460103070892e-01,2.168345952928622200e+00,9.549344708846969620e-01,-4.524538502303886989e-01,8.792619028869737008e-01,1.447104408933803876e+00,1.871643095895932252e+00,1.565196463975771168e+00,1.721901705229895940e+00,5.395567040143044446e-01,2.075535118748515817e+00,1.498696879715179175e+00,1.977830976576532507e+00,5.025880464015998195e-01
2.356845777530492736e+00,1.710155230040275587e+00,1.318444629429430526e+00,1.533795266055977269e+00,1.018986337893268701e-01,2.296730731734317299e+00,1.131917460469378467e+00,7.258758600078984990e-01,1.138400199005214164e+00,1.826232980845290621e+00,2.570572286055513356e+00,1.943731178397973158e+00,8.089531360710150443e-02,5.354431434274606882e-01,7.339305253804524476e-01,2.773639108737770420e-01,9.709835836110274343e-01,2.223784493745105451e+00,8.798221404229116249e-01,-4.467684457486972849e-01,9.156457954955731227e-01,1.461326379783386864e+00,1.904924502891051086e+00,1.494259504351869383e+00,1.704279445296796425e+00,5.590027416798409865e-01,2.060602966036829464e+00,1.540747608702384142e+00,1.992461498408239162e+00,4.447486180311482351e-01
2.342433914399283612e+00,1.709307417930287176e+00,1.282994622389263428e+00,1.481953151291392157e+00,1.261735856218192398e-01,2.329798038302691499e+00,1.140748463435124371e+00,7.141162405121100898e-01,1.161020106511992056e+00,1.844891349830310334e+00,2.582392174365764959e+00,1.959190401199344400e+00,6.701204733390886403e-02,5.200627561866494331e-01,7.071996292517618299e-01,2.732871852473618968e-01,9.582058219252740372e-01,2.185432463807805092e+00,9.366492630768777916e-01,-4.578169797555490805e-01,9.348496058391088104e-01,1.450845969280076808e+00,1.904677442917365848e+00,1.539664729283154898e+00,1.703414685923391847e+00,5.322474376100040372e-01,2.072849904227845208e+00,1.479771278047421257e+00,1.999859461973265695e+00,4.908864067505314122e-01
