1.006099999999999994e+00,1.009050000000000002e+00,9.951100000000000501e-01,1.015400000000000080e+00,9.862900000000000000e-01,9.913899999999999935e-01,1.009379999999999944e+00,1.003789999999999960e+00,1.004219999999999891e+00,1.023490000000000011e+00,1.008350000000000080e+00,1.012180000000000080e+00,1.001440000000000108e+00,1.004729999999999901e+00,1.000960000000000072e+00,1.000799999999999912e+00,9.999599999999999600e-01,9.992499999999999716e-01,1.001020000000000021e+00,1.000310000000000032e+00,1.001759999999999984e+00,1.000499999999999945e+00,1.000850000000000017e+00,1.000170000000000003e+00,9.993400000000000061e-01,9.999799999999999800e-01,9.987099999999999866e-01,1.000609999999999999e+00,9.986599999999999921e-01,9.998299999999999965e-01
1.014829999999999899e+00,1.018620000000000081e+00,9.901800000000000601e-01,1.030059999999999976e+00,9.728099999999999525e-01,9.838099999999999623e-01,1.019150000000000000e+00,1.007369999999999877e+00,1.008429999999999938e+00,1.047579999999999956e+00,1.019000000000000128e+00,1.025040000000000173e+00,1.001270000000000104e+00,1.009679999999999911e+00,1.001980000000000093e+00,1.001959999999999962e+00,1.000350000000000072e+00,9.990599999999999481e-01,1.001959999999999962e+00,9.996099999999999985e-01,1.001640000000000086e+00,1.001360000000000028e+00,1.000290000000000123e+00,1.000510000000000010e+00,9.989200000000000301e-01,1.000059999999999949e+00,9.989799999999999791e-01,1.000220000000000109e+00,9.996099999999999985e-01,1.000110000000000054e+00
1.024609999999999799e+00,1.028290000000000148e+00,9.848200000000000287e-01,1.043900000000000050e+00,9.599399999999999045e-01,9.772499999999999520e-01,1.028969999999999940e+00,1.010999999999999899e+00,1.012009999999999854e+00,1.071939999999999893e+00,1.029780000000000140e+00,1.037120000000000264e+00,1.002170000000000005e+00,1.014239999999999808e+00,1.002500000000000169e+00,1.003859999999999975e+00,1.000010000000000066e+00,9.997299999999998965e-01,1.002019999999999911e+00,9.992799999999999461e-01,1.002240000000000020e+00,1.001400000000000068e+00,9.995900000000000896e-01,1.000839999999999952e+00,9.977900000000000658e-01,9.993399999999998951e-01,9.992099999999999316e-01,9.997500000000001386e-01,9.987500000000000266e-01,1.000500000000000167e+00
1.035739999999999883e+00,1.038020000000000165e+00,9.799100000000000588e-01,1.057790000000000008e+00,9.474499999999999034e-01,9.712699999999999667e-01,1.040379999999999860e+00,1.014619999999999855e+00,1.016459999999999919e+00,1.095949999999999980e+00,1.041710000000000136e+00,1.049940000000000317e+00,1.002180000000000071e+00,1.016939999999999733e+00,1.002780000000000227e+00,1.004929999999999879e+00,1.000879999999999992e+00,9.993299999999999406e-01,1.001659999999999995e+00,9.996299999999999075e-01,1.001740000000000075e+00,1.001180000000000181e+00,9.998500000000001275e-01,1.001039999999999930e+00,9.989100000000000756e-01,1.000399999999999956e+00,9.991899999999999116e-01,9.995200000000001861e-01,9.994600000000000151e-01,1.000050000000000106e+00
1.047389999999999821e+00,1.049020000000000064e+00,9.739700000000001134e-01,1.071700000000000097e+00,9.351599999999998802e-01,9.663999999999999257e-01,1.050159999999999760e+00,1.017509999999999915e+00,1.020710000000000006e+00,1.119609999999999994e+00,1.054410000000000069e+00,1.063480000000000425e+00,1.001710000000000100e+00,1.019529999999999825e+00,1.003640000000000310e+00,1.006599999999999939e+00,9.997500000000000275e-01,1.000140000000000029e+00,1.001579999999999915e+00,1.000199999999999978e+00,1.001640000000000086e+00,1.000810000000000199e+00,9.999200000000001420e-01,1.000329999999999941e+00,9.977800000000001113e-01,9.998599999999999710e-01,9.989999999999998881e-01,9.993100000000001426e-01,9.982300000000000617e-01,9.998300000000001075e-01
1.060069999999999846e+00,1.060869999999999980e+00,9.688900000000001400e-01,1.085570000000000146e+00,9.254799999999998583e-01,9.617899999999999228e-01,1.060689999999999689e+00,1.019629999999999814e+00,1.025309999999999944e+00,1.143070000000000030e+00,1.067649999999999988e+00,1.078190000000000426e+00,1.001130000000000075e+00,1.021069999999999922e+00,1.004170000000000229e+00,1.008329999999999949e+00,1.000190000000000135e+00,9.995700000000000696e-01,1.002189999999999914e+00,9.999500000000000055e-01,1.001140000000000141e+00,1.000540000000000207e+00,9.994800000000001461e-01,1.000759999999999872e+00,9.975800000000001333e-01,9.993699999999999806e-01,9.986899999999998556e-01,9.990200000000001301e-01,9.985200000000000742e-01,1.000620000000000065e+00
1.076009999999999911e+00,1.072829999999999950e+00,9.634000000000001451e-01,1.099640000000000173e+00,9.151299999999998880e-01,9.577499999999998792e-01,1.071089999999999653e+00,1.021969999999999823e+00,1.029660000000000020e+00,1.166670000000000096e+00,1.082270000000000065e+00,1.092950000000000532e+00,1.000090000000000146e+00,1.024359999999999937e+00,1.004010000000000291e+00,1.010880000000000001e+00,1.000380000000000047e+00,9.996400000000000841e-01,1.001339999999999897e+00,9.996000000000000441e-01,1.001740000000000075e+00,1.001590000000000202e+00,1.000270000000000215e+00,1.000919999999999810e+00,9.978000000000001313e-01,1.000399999999999956e+00,9.979799999999998672e-01,9.992400000000001281e-01,9.989600000000000701e-01,1.001049999999999995e+00
1.092059999999999809e+00,1.085189999999999877e+00,9.573900000000001853e-01,1.113440000000000207e+00,9.045999999999998487e-01,9.542199999999998461e-01,1.081999999999999629e+00,1.024819999999999842e+00,1.034350000000000103e+00,1.188880000000000159e+00,1.097450000000000037e+00,1.110210000000000585e+00,9.995600000000001151e-01,1.026319999999999899e+00,1.003410000000000357e+00,1.014690000000000092e+00,1.000159999999999938e+00,9.983500000000000707e-01,1.001869999999999816e+00,9.994300000000000406e-01,1.000570000000000181e+00,1.001660000000000217e+00,1.000470000000000192e+00,9.992399999999997950e-01,9.979600000000001803e-01,1.000469999999999970e+00,9.966399999999998593e-01,9.981300000000001837e-01,9.998000000000000220e-01,1.001069999999999904e+00
1.109079999999999844e+00,1.097349999999999826e+00,9.518200000000002214e-01,1.126200000000000312e+00,8.969199999999998285e-01,9.507599999999998275e-01,1.093639999999999723e+00,1.027499999999999858e+00,1.038710000000000022e+00,1.211570000000000258e+00,1.113329999999999931e+00,1.126790000000000624e+00,9.973600000000001353e-01,1.028219999999999912e+00,1.002230000000000398e+00,1.017240000000000144e+00,1.000019999999999909e+00,9.992100000000000426e-01,1.001729999999999787e+00,9.996500000000000385e-01,1.000110000000000277e+00,1.002580000000000249e+00,1.000230000000000175e+00,9.994099999999997985e-01,9.986600000000002142e-01,1.000569999999999959e+00,9.966199999999998393e-01,9.982100000000001527e-01,9.991600000000000481e-01,1.000619999999999843e+00
1.127909999999999746e+00,1.109619999999999829e+00,9.450700000000001877e-01,1.138930000000000220e+00,8.888399999999998524e-01,9.500099999999997991e-01,1.105099999999999749e+00,1.029679999999999929e+00,1.042629999999999946e+00,1.235280000000000156e+00,1.129909999999999970e+00,1.144170000000000575e+00,9.950400000000001466e-01,1.030089999999999950e+00,1.001070000000000348e+00,1.018270000000000231e+00,9.996699999999999475e-01,9.997900000000000675e-01,1.001259999999999817e+00,1.000020000000000131e+00,1.000760000000000316e+00,1.002530000000000143e+00,9.992400000000001281e-01,9.994399999999997730e-01,9.982400000000002382e-01,1.001279999999999948e+00,9.960099999999998399e-01,9.990500000000001046e-01,9.991700000000000026e-01,1.000869999999999926e+00
1.147089999999999721e+00,1.123019999999999907e+00,9.383400000000001739e-01,1.151330000000000187e+00,8.818299999999998917e-01,9.494099999999997541e-01,1.116169999999999662e+00,1.032519999999999882e+00,1.046999999999999931e+00,1.257970000000000255e+00,1.146779999999999911e+00,1.161180000000000545e+00,9.925900000000001944e-01,1.032419999999999893e+00,1.000580000000000247e+00,1.020550000000000290e+00,9.995499999999999385e-01,1.001349999999999962e+00,1.001349999999999740e+00,9.995900000000000896e-01,1.001400000000000290e+00,1.003310000000000146e+00,9.984900000000000997e-01,9.984399999999997721e-01,9.975300000000002498e-01,1.001299999999999857e+00,9.956999999999998074e-01,9.995700000000000696e-01,1.000040000000000040e+00,1.001090000000000035e+00
1.167989999999999640e+00,1.137329999999999952e+00,9.317100000000001492e-01,1.163560000000000150e+00,8.753999999999998449e-01,9.492899999999997451e-01,1.128899999999999570e+00,1.034639999999999782e+00,1.051660000000000039e+00,1.281010000000000204e+00,1.164389999999999814e+00,1.180630000000000512e+00,9.917000000000002480e-01,1.033939999999999859e+00,9.992800000000002791e-01,1.022530000000000383e+00,9.993999999999999551e-01,1.001679999999999904e+00,1.002249999999999641e+00,9.990100000000000646e-01,1.001440000000000330e+00,1.001890000000000169e+00,9.984900000000000997e-01,9.985699999999997356e-01,9.977100000000002078e-01,1.001989999999999936e+00,9.957899999999998419e-01,9.989600000000000701e-01,9.994399999999999951e-01,1.000690000000000079e+00
1.189689999999999692e+00,1.151449999999999863e+00,9.246900000000001230e-01,1.175660000000000149e+00,8.715999999999998193e-01,9.511199999999997434e-01,1.142199999999999660e+00,1.037369999999999681e+00,1.056490000000000151e+00,1.303140000000000187e+00,1.182579999999999742e+00,1.200030000000000596e+00,9.889200000000002433e-01,1.035639999999999894e+00,9.968900000000002759e-01,1.025390000000000468e+00,1.000659999999999883e+00,1.001409999999999911e+00,1.003499999999999615e+00,9.994200000000000861e-01,1.001140000000000363e+00,1.000600000000000156e+00,9.986500000000001487e-01,9.973499999999997367e-01,9.974700000000001898e-01,1.002559999999999896e+00,9.961399999999998034e-01,9.974800000000000333e-01,9.986399999999999721e-01,1.000930000000000097e+00
1.211629999999999763e+00,1.166129999999999889e+00,9.173800000000000843e-01,1.188460000000000072e+00,8.687099999999998712e-01,9.541999999999997151e-01,1.156449999999999756e+00,1.039739999999999664e+00,1.061230000000000118e+00,1.325640000000000152e+00,1.201129999999999809e+00,1.220280000000000697e+00,9.863500000000002821e-01,1.037289999999999823e+00,9.950500000000003231e-01,1.027050000000000463e+00,9.996099999999998875e-01,1.001499999999999835e+00,1.002799999999999692e+00,1.000620000000000065e+00,1.000680000000000458e+00,1.000220000000000109e+00,9.998700000000001475e-01,9.972699999999997678e-01,9.968800000000002104e-01,1.002919999999999812e+00,9.959199999999998054e-01,9.976500000000000368e-01,9.980999999999999872e-01,1.001710000000000100e+00
1.233569999999999833e+00,1.181489999999999929e+00,9.101000000000001311e-01,1.199770000000000003e+00,8.664899999999998714e-01,9.563599999999997658e-01,1.170169999999999710e+00,1.041909999999999670e+00,1.064740000000000020e+00,1.346740000000000048e+00,1.219579999999999886e+00,1.240650000000000697e+00,9.830500000000003125e-01,1.038639999999999786e+00,9.922700000000003184e-01,1.029820000000000402e+00,1.001029999999999864e+00,1.002499999999999947e+00,1.002759999999999652e+00,1.000920000000000032e+00,1.000890000000000502e+00,9.989300000000000956e-01,9.996700000000001696e-01,9.966899999999997428e-01,9.964900000000002089e-01,1.001289999999999791e+00,9.967999999999997973e-01,9.973000000000000753e-01,9.975199999999999623e-01,1.001770000000000049e+00
1.257569999999999855e+00,1.197079999999999922e+00,9.023400000000001420e-01,1.210820000000000007e+00,8.652899999999998926e-01,9.614799999999997793e-01,1.184359999999999635e+00,1.045369999999999688e+00,1.069930000000000048e+00,1.367960000000000065e+00,1.237439999999999873e+00,1.260510000000000685e+00,9.798300000000003118e-01,1.040529999999999733e+00,9.890100000000002778e-01,1.031470000000000331e+00,1.001459999999999795e+00,1.001269999999999882e+00,1.003179999999999739e+00,1.000720000000000054e+00,1.000240000000000462e+00,9.992700000000001026e-01,9.996700000000001696e-01,9.961699999999997779e-01,9.959300000000002040e-01,1.001449999999999729e+00,9.975999999999998202e-01,9.962700000000000999e-01,9.976800000000000113e-01,1.001859999999999973e+00
1.282189999999999941e+00,1.212319999999999842e+00,8.946400000000001018e-01,1.221459999999999990e+00,8.642299999999999427e-01,9.670199999999997686e-01,1.200519999999999587e+00,1.047569999999999668e+00,1.073970000000000091e+00,1.389539999999999997e+00,1.255919999999999925e+00,1.281180000000000652e+00,9.763100000000003442e-01,1.042079999999999673e+00,9.858800000000003116e-01,1.033130000000000326e+00,1.002759999999999874e+00,1.001239999999999908e+00,1.003169999999999673e+00,1.000070000000000014e+00,1.001300000000000523e+00,9.989000000000001211e-01,9.995900000000002006e-01,9.955699999999997329e-01,9.966800000000002324e-01,1.001909999999999634e+00,9.973699999999998678e-01,9.959000000000001185e-01,9.978000000000000203e-01,1.002580000000000027e+00
1.307150000000000034e+00,1.227849999999999886e+00,8.862900000000001333e-01,1.231030000000000069e+00,8.647499999999999076e-01,9.724399999999997490e-01,1.216949999999999532e+00,1.050389999999999713e+00,1.078490000000000171e+00,1.410379999999999967e+00,1.274409999999999821e+00,1.302660000000000595e+00,9.728600000000003911e-01,1.044149999999999689e+00,9.816000000000003611e-01,1.035040000000000404e+00,1.002719999999999834e+00,1.001349999999999962e+00,1.002529999999999699e+00,9.996800000000000130e-01,1.000790000000000513e+00,9.984000000000001762e-01,9.992000000000001991e-01,9.963099999999996959e-01,9.971900000000002429e-01,1.001449999999999729e+00,9.978199999999998182e-01,9.949100000000000721e-01,9.987500000000000266e-01,1.002099999999999991e+00
1.333369999999999944e+00,1.243439999999999879e+00,8.765300000000001424e-01,1.239759999999999973e+00,8.665699999999999514e-01,9.793899999999997608e-01,1.233249999999999513e+00,1.054039999999999644e+00,1.082890000000000130e+00,1.429950000000000054e+00,1.293529999999999847e+00,1.324510000000000520e+00,9.690900000000003400e-01,1.045849999999999724e+00,9.773400000000003196e-01,1.036300000000000443e+00,1.003989999999999938e+00,1.000799999999999912e+00,1.003099999999999659e+00,9.996300000000000185e-01,1.000810000000000421e+00,9.982600000000001472e-01,9.997400000000001841e-01,9.963399999999996703e-01,9.982600000000002582e-01,1.001589999999999758e+00,9.981899999999997997e-01,9.924600000000001199e-01,9.991700000000000026e-01,1.001609999999999889e+00
1.359369999999999967e+00,1.258589999999999876e+00,8.676500000000001434e-01,1.248709999999999987e+00,8.681399999999999118e-01,9.873999999999997224e-01,1.249989999999999490e+00,1.056999999999999718e+00,1.086350000000000149e+00,1.448930000000000051e+00,1.312509999999999843e+00,1.347490000000000521e+00,9.648100000000003895e-01,1.048389999999999711e+00,9.722700000000003007e-01,1.038160000000000416e+00,1.004179999999999851e+00,1.001149999999999984e+00,1.003429999999999600e+00,9.990499999999999936e-01,1.000860000000000527e+00,9.984700000000001907e-01,9.991200000000002301e-01,9.962399999999996814e-01,9.977500000000002478e-01,1.000819999999999821e+00,9.983499999999998487e-01,9.919000000000001149e-01,9.988500000000000156e-01,1.002009999999999845e+00
1.385639999999999983e+00,1.273919999999999941e+00,8.586300000000001154e-01,1.256599999999999939e+00,8.716499999999999249e-01,9.963599999999996903e-01,1.266929999999999445e+00,1.060159999999999769e+00,1.089660000000000073e+00,1.468450000000000033e+00,1.331479999999999775e+00,1.370090000000000474e+00,9.613200000000003964e-01,1.050649999999999640e+00,9.670200000000003238e-01,1.039660000000000473e+00,1.004589999999999872e+00,1.002070000000000016e+00,1.004839999999999511e+00,9.986099999999999977e-01,1.000490000000000546e+00,9.994900000000002116e-01,9.988300000000002177e-01,9.961099999999997179e-01,9.969100000000001849e-01,1.001309999999999922e+00,9.981499999999998707e-01,9.915800000000001280e-01,9.982400000000000162e-01,1.001809999999999867e+00
1.412430000000000074e+00,1.290289999999999937e+00,8.494800000000001239e-01,1.264140000000000041e+00,8.743099999999999206e-01,1.006489999999999663e+00,1.284469999999999335e+00,1.063269999999999715e+00,1.093190000000000106e+00,1.485589999999999966e+00,1.350889999999999702e+00,1.392280000000000406e+00,9.576700000000003543e-01,1.053439999999999710e+00,9.611300000000003729e-01,1.041100000000000581e+00,1.004289999999999905e+00,1.002499999999999947e+00,1.004689999999999417e+00,9.981100000000000527e-01,9.998900000000005006e-01,1.000130000000000186e+00,9.995200000000001861e-01,9.964999999999997193e-01,9.968900000000001649e-01,1.002589999999999870e+00,9.972399999999999043e-01,9.923000000000001819e-01,9.985899999999999777e-01,1.001879999999999882e+00
1.439270000000000049e+00,1.305899999999999839e+00,8.394800000000001150e-01,1.270380000000000065e+00,8.792199999999998905e-01,1.016219999999999679e+00,1.304759999999999254e+00,1.066479999999999650e+00,1.096310000000000118e+00,1.504089999999999927e+00,1.369579999999999798e+00,1.416200000000000347e+00,9.524900000000003919e-01,1.055899999999999617e+00,9.548100000000003806e-01,1.044000000000000483e+00,1.003699999999999815e+00,1.001959999999999962e+00,1.004369999999999319e+00,9.985000000000000542e-01,9.993000000000005212e-01,1.000180000000000291e+00,1.000430000000000152e+00,9.961699999999997779e-01,9.967200000000001614e-01,1.001649999999999929e+00,9.979199999999999182e-01,9.921500000000001984e-01,9.994899999999999896e-01,1.002109999999999834e+00
1.466260000000000119e+00,1.320569999999999800e+00,8.284500000000001307e-01,1.275519999999999987e+00,8.823499999999998566e-01,1.026759999999999673e+00,1.323009999999999353e+00,1.069059999999999677e+00,1.098760000000000181e+00,1.521179999999999977e+00,1.387779999999999792e+00,1.438030000000000364e+00,9.480600000000003469e-01,1.059179999999999566e+00,9.481800000000003559e-01,1.045670000000000543e+00,1.003029999999999866e+00,1.001169999999999893e+00,1.005629999999999358e+00,9.979800000000000892e-01,9.977300000000005609e-01,1.001590000000000202e+00,1.001290000000000235e+00,9.957699999999998219e-01,9.971000000000002084e-01,1.002259999999999929e+00,9.978299999999998837e-01,9.912100000000001465e-01,1.000899999999999901e+00,1.003859999999999753e+00
1.492920000000000025e+00,1.334479999999999889e+00,8.184800000000000963e-01,1.279719999999999969e+00,8.889899999999998359e-01,1.038699999999999735e+00,1.340999999999999304e+00,1.071659999999999613e+00,1.100650000000000128e+00,1.537360000000000060e+00,1.405759999999999899e+00,1.460310000000000441e+00,9.437600000000003764e-01,1.061789999999999567e+00,9.405100000000004012e-01,1.046480000000000521e+00,1.002719999999999834e+00,1.000189999999999912e+00,1.006149999999999434e+00,9.969200000000000284e-01,9.972200000000005504e-01,1.001150000000000206e+00,1.001840000000000286e+00,9.955699999999998440e-01,9.959200000000002495e-01,1.002159999999999940e+00,9.976599999999998802e-01,9.906200000000001671e-01,9.994799999999999240e-01,1.002569999999999739e+00
1.520350000000000090e+00,1.348419999999999952e+00,8.069900000000000961e-01,1.282510000000000039e+00,8.955399999999997807e-01,1.050339999999999829e+00,1.360499999999999376e+00,1.074809999999999599e+00,1.102850000000000108e+00,1.553560000000000052e+00,1.422309999999999963e+00,1.482620000000000493e+00,9.389300000000003754e-01,1.065629999999999633e+00,9.325900000000003631e-01,1.047670000000000545e+00,1.003719999999999946e+00,1.001139999999999919e+00,1.005229999999999402e+00,9.970100000000000628e-01,9.968100000000005290e-01,1.001240000000000130e+00,1.001880000000000326e+00,9.954499999999998350e-01,9.953100000000002501e-01,1.002079999999999860e+00,9.973699999999998678e-01,9.902100000000001456e-01,9.995199999999999640e-01,1.003279999999999728e+00
1.548190000000000177e+00,1.362929999999999975e+00,7.964300000000000823e-01,1.286080000000000112e+00,9.015599999999998060e-01,1.062919999999999865e+00,1.380439999999999445e+00,1.077959999999999585e+00,1.104230000000000045e+00,1.567450000000000010e+00,1.438869999999999871e+00,1.505170000000000563e+00,9.350500000000003809e-01,1.069229999999999681e+00,9.236500000000004151e-01,1.049060000000000548e+00,1.003779999999999895e+00,1.001190000000000024e+00,1.004559999999999453e+00,9.975400000000000933e-01,9.961600000000004895e-01,9.997900000000001786e-01,1.002720000000000278e+00,9.953199999999998715e-01,9.949300000000002031e-01,1.002489999999999881e+00,9.972699999999998788e-01,9.901400000000001311e-01,1.001549999999999940e+00,1.003189999999999804e+00
1.574780000000000069e+00,1.375999999999999890e+00,7.857100000000001305e-01,1.286450000000000093e+00,9.073499999999997678e-01,1.075679999999999970e+00,1.399659999999999460e+00,1.082109999999999683e+00,1.105080000000000062e+00,1.582750000000000101e+00,1.456029999999999935e+00,1.526300000000000656e+00,9.304600000000003979e-01,1.073659999999999615e+00,9.144400000000003637e-01,1.050750000000000517e+00,1.004019999999999913e+00,1.001390000000000002e+00,1.005419999999999536e+00,9.985800000000001342e-01,9.965500000000004910e-01,9.999800000000002020e-01,1.001310000000000366e+00,9.946699999999998321e-01,9.950400000000001466e-01,1.002889999999999837e+00,9.975999999999998202e-01,9.905200000000000671e-01,1.002920000000000034e+00,1.002069999999999794e+00
1.600670000000000037e+00,1.389349999999999863e+00,7.744000000000000883e-01,1.287770000000000081e+00,9.131499999999997952e-01,1.088810000000000056e+00,1.420449999999999546e+00,1.085089999999999666e+00,1.106540000000000079e+00,1.595350000000000046e+00,1.472140000000000004e+00,1.547540000000000582e+00,9.270500000000003737e-01,1.075429999999999664e+00,9.051600000000004087e-01,1.052610000000000490e+00,1.002639999999999976e+00,1.000820000000000043e+00,1.006219999999999448e+00,9.979300000000000948e-01,9.961800000000005095e-01,9.991700000000002246e-01,1.001420000000000421e+00,9.948399999999998355e-01,9.951200000000001156e-01,1.002809999999999757e+00,9.981499999999998707e-01,9.908400000000000540e-01,1.003830000000000000e+00,1.003119999999999790e+00
1.626689999999999969e+00,1.402619999999999756e+00,7.629000000000001336e-01,1.287390000000000034e+00,9.199399999999997579e-01,1.103169999999999984e+00,1.440449999999999564e+00,1.088029999999999609e+00,1.106700000000000017e+00,1.607069999999999999e+00,1.488450000000000051e+00,1.568050000000000610e+00,9.234900000000003661e-01,1.079979999999999718e+00,8.948600000000004329e-01,1.054540000000000477e+00,1.002999999999999892e+00,1.001829999999999998e+00,1.007129999999999415e+00,9.973400000000001153e-01,9.959600000000005116e-01,9.988000000000002432e-01,1.001180000000000403e+00,9.951099999999998280e-01,9.953900000000001080e-01,1.002279999999999838e+00,9.981599999999998252e-01,9.910700000000000065e-01,1.004150000000000098e+00,1.002349999999999852e+00
1.652789999999999981e+00,1.414869999999999850e+00,7.517400000000001858e-01,1.284629999999999939e+00,9.259799999999998033e-01,1.115739999999999954e+00,1.461359999999999548e+00,1.091629999999999656e+00,1.105650000000000022e+00,1.618989999999999929e+00,1.502750000000000030e+00,1.586910000000000709e+00,9.202500000000003455e-01,1.083689999999999820e+00,8.851600000000003909e-01,1.055980000000000585e+00,1.003649999999999931e+00,1.001840000000000064e+00,1.006639999999999313e+00,9.967500000000001359e-01,9.953300000000004921e-01,1.000080000000000302e+00,1.000610000000000444e+00,9.953799999999998205e-01,9.946100000000001051e-01,1.001949999999999896e+00,9.970899999999998098e-01,9.926000000000000378e-01,1.003380000000000161e+00,1.002709999999999768e+00
1.677159999999999984e+00,1.425909999999999789e+00,7.419800000000001949e-01,1.282000000000000028e+00,9.336799999999998434e-01,1.130819999999999936e+00,1.481469999999999620e+00,1.094619999999999704e+00,1.104710000000000081e+00,1.629809999999999981e+00,1.517300000000000093e+00,1.606280000000000818e+00,9.168700000000002959e-01,1.087919999999999776e+00,8.745500000000003826e-01,1.057430000000000536e+00,1.003249999999999975e+00,1.001470000000000082e+00,1.005959999999999299e+00,9.965600000000001124e-01,9.952600000000004776e-01,1.000750000000000250e+00,1.001670000000000504e+00,9.953299999999998260e-01,9.938900000000001622e-01,1.002129999999999965e+00,9.971799999999998443e-01,9.927700000000000413e-01,1.002400000000000180e+00,1.000349999999999850e+00
1.702259999999999884e+00,1.438439999999999719e+00,7.317000000000002391e-01,1.278240000000000043e+00,9.392499999999998073e-01,1.147089999999999943e+00,1.502549999999999608e+00,1.097919999999999785e+00,1.103509999999999991e+00,1.639259999999999939e+00,1.532590000000000119e+00,1.624330000000000718e+00,9.142300000000003202e-01,1.091399999999999704e+00,8.643200000000004213e-01,1.058480000000000532e+00,1.002780000000000005e+00,1.000960000000000072e+00,1.005449999999999289e+00,9.964400000000001034e-01,9.951500000000004231e-01,1.001510000000000344e+00,1.001950000000000562e+00,9.959399999999998254e-01,9.936900000000001842e-01,1.002049999999999885e+00,9.972499999999998588e-01,9.921300000000000674e-01,1.001960000000000184e+00,1.000569999999999737e+00
1.727149999999999963e+00,1.448899999999999633e+00,7.204600000000002114e-01,1.274499999999999966e+00,9.455599999999998451e-01,1.162269999999999914e+00,1.522499999999999520e+00,1.101019999999999888e+00,1.101580000000000004e+00,1.647389999999999910e+00,1.544000000000000039e+00,1.641780000000000683e+00,9.113900000000003665e-01,1.095019999999999660e+00,8.540900000000004599e-01,1.059780000000000610e+00,1.003049999999999997e+00,1.000400000000000178e+00,1.006299999999999306e+00,9.957000000000001405e-01,9.945400000000004237e-01,1.001740000000000297e+00,1.001950000000000562e+00,9.962599999999998124e-01,9.927200000000001578e-01,1.001649999999999929e+00,9.976499999999998147e-01,9.915200000000000680e-01,1.002720000000000278e+00,9.998699999999997035e-01
1.749679999999999902e+00,1.459649999999999670e+00,7.091000000000001746e-01,1.269079999999999986e+00,9.500999999999998336e-01,1.179389999999999938e+00,1.544579999999999620e+00,1.104579999999999895e+00,1.099509999999999987e+00,1.656209999999999960e+00,1.557130000000000125e+00,1.657750000000000723e+00,9.090800000000003322e-01,1.098079999999999723e+00,8.425400000000005107e-01,1.061000000000000609e+00,1.002459999999999907e+00,1.000640000000000196e+00,1.006199999999999317e+00,9.959900000000001530e-01,9.954100000000004611e-01,1.002710000000000212e+00,1.002260000000000595e+00,9.961899999999997979e-01,9.920100000000001694e-01,1.001949999999999896e+00,9.974399999999997712e-01,9.918200000000000349e-01,1.002170000000000227e+00,9.986399999999997501e-01
1.772540000000000004e+00,1.470099999999999740e+00,6.986200000000001298e-01,1.262809999999999988e+00,9.546799999999998620e-01,1.194490000000000052e+00,1.565769999999999662e+00,1.108669999999999822e+00,1.097210000000000019e+00,1.663039999999999852e+00,1.568550000000000111e+00,1.674600000000000755e+00,9.083900000000003638e-01,1.102429999999999799e+00,8.310700000000005305e-01,1.061870000000000536e+00,1.002659999999999885e+00,1.001230000000000286e+00,1.005249999999999311e+00,9.953500000000001791e-01,9.948300000000004362e-01,1.002170000000000227e+00,1.002070000000000682e+00,9.963799999999998214e-01,9.917700000000001515e-01,1.001799999999999802e+00,9.968099999999997518e-01,9.912100000000000355e-01,1.002050000000000329e+00,9.985199999999997411e-01
1.794300000000000006e+00,1.480269999999999753e+00,6.886600000000001609e-01,1.255279999999999951e+00,9.589099999999998181e-01,1.210700000000000109e+00,1.586429999999999563e+00,1.111529999999999907e+00,1.093639999999999946e+00,1.668849999999999945e+00,1.579910000000000148e+00,1.690740000000000798e+00,9.073500000000003229e-01,1.107969999999999899e+00,8.196600000000004993e-01,1.062500000000000444e+00,1.001969999999999805e+00,1.001910000000000300e+00,1.005749999999999256e+00,9.939700000000001312e-01,9.942000000000004167e-01,1.001810000000000311e+00,1.002350000000000740e+00,9.967199999999998283e-01,9.910600000000001630e-01,1.001719999999999722e+00,9.960599999999997234e-01,9.913899999999999935e-01,1.002440000000000442e+00,9.980799999999997452e-01
1.815330000000000110e+00,1.491349999999999731e+00,6.792100000000002025e-01,1.248450000000000060e+00,9.644399999999998530e-01,1.225210000000000132e+00,1.607869999999999466e+00,1.114909999999999846e+00,1.090759999999999952e+00,1.673759999999999915e+00,1.591090000000000115e+00,1.704870000000000774e+00,9.056800000000003736e-01,1.112369999999999859e+00,8.082600000000005336e-01,1.062870000000000426e+00,1.002359999999999918e+00,1.002670000000000394e+00,1.005669999999999176e+00,9.930500000000000993e-01,9.947400000000004017e-01,1.001610000000000333e+00,1.003180000000000849e+00,9.977099999999998747e-01,9.913600000000001300e-01,1.001469999999999638e+00,9.965499999999997138e-01,9.909299999999999775e-01,1.003120000000000456e+00,9.982099999999997086e-01
1.835630000000000095e+00,1.501309999999999700e+00,6.703600000000001780e-01,1.239300000000000068e+00,9.688499999999998780e-01,1.240800000000000125e+00,1.628369999999999429e+00,1.117989999999999817e+00,1.086989999999999901e+00,1.679269999999999818e+00,1.600900000000000212e+00,1.719570000000000709e+00,9.060200000000003806e-01,1.116759999999999753e+00,7.974900000000004763e-01,1.063920000000000421e+00,1.002389999999999892e+00,1.001520000000000410e+00,1.005479999999999263e+00,9.929600000000000648e-01,9.948400000000003907e-01,1.001560000000000450e+00,1.002750000000000918e+00,9.974599999999999023e-01,9.914100000000001245e-01,1.000829999999999664e+00,9.969699999999996898e-01,9.900599999999999401e-01,1.003300000000000525e+00,9.989799999999997571e-01
1.856060000000000043e+00,1.510859999999999648e+00,6.608400000000002050e-01,1.230310000000000015e+00,9.715199999999999392e-01,1.255680000000000129e+00,1.647899999999999476e+00,1.120439999999999880e+00,1.082549999999999901e+00,1.684549999999999770e+00,1.610410000000000119e+00,1.732250000000000734e+00,9.061600000000004096e-01,1.120249999999999746e+00,7.856100000000004746e-01,1.065650000000000430e+00,1.001049999999999995e+00,1.001760000000000428e+00,1.005119999999999347e+00,9.934800000000000297e-01,9.958000000000003515e-01,1.001780000000000559e+00,1.002790000000000958e+00,9.973299999999999388e-01,9.909000000000001140e-01,1.001849999999999685e+00,9.964099999999996848e-01,9.908299999999999885e-01,1.003340000000000565e+00,9.977599999999997582e-01
1.875760000000000094e+00,1.520879999999999566e+00,6.533700000000002284e-01,1.222499999999999920e+00,9.744599999999999929e-01,1.269760000000000222e+00,1.669039999999999413e+00,1.125429999999999930e+00,1.077199999999999935e+00,1.686979999999999702e+00,1.620130000000000070e+00,1.745320000000000649e+00,9.068800000000003525e-01,1.126029999999999642e+00,7.744600000000004814e-01,1.065700000000000536e+00,1.000850000000000017e+00,1.001200000000000312e+00,1.005199999999999427e+00,9.931499999999999773e-01,9.966000000000003745e-01,1.001190000000000468e+00,1.001890000000001058e+00,9.972399999999999043e-01,9.911000000000000920e-01,1.002119999999999678e+00,9.965599999999996683e-01,9.909900000000000375e-01,1.003820000000000601e+00,9.970099999999997298e-01
1.896270000000000122e+00,1.529339999999999478e+00,6.450800000000002088e-01,1.213879999999999848e+00,9.764899999999999691e-01,1.285220000000000251e+00,1.689049999999999496e+00,1.130469999999999864e+00,1.072149999999999936e+00,1.690289999999999626e+00,1.629320000000000102e+00,1.756850000000000689e+00,9.087600000000003453e-01,1.128669999999999618e+00,7.630600000000005156e-01,1.065930000000000488e+00,1.000790000000000068e+00,1.001320000000000210e+00,1.005159999999999387e+00,9.931799999999999518e-01,9.957400000000004026e-01,1.000860000000000527e+00,1.002650000000001151e+00,9.974899999999998768e-01,9.913500000000000645e-01,1.001879999999999660e+00,9.964899999999996538e-01,9.911100000000000465e-01,1.004850000000000687e+00,9.974799999999997002e-01
1.915320000000000134e+00,1.538769999999999527e+00,6.373000000000001997e-01,1.202459999999999862e+00,9.790200000000000014e-01,1.300230000000000219e+00,1.710059999999999469e+00,1.135009999999999852e+00,1.066419999999999924e+00,1.692219999999999613e+00,1.636250000000000204e+00,1.767810000000000770e+00,9.105300000000003946e-01,1.133209999999999607e+00,7.518000000000004679e-01,1.066050000000000386e+00,1.000150000000000095e+00,1.001430000000000264e+00,1.005179999999999296e+00,9.938199999999999257e-01,9.961700000000004440e-01,1.001330000000000497e+00,1.002310000000001144e+00,9.972499999999998588e-01,9.910000000000001030e-01,1.002079999999999638e+00,9.955999999999995964e-01,9.914500000000000535e-01,1.005420000000000647e+00,9.978599999999997472e-01
1.933990000000000098e+00,1.547899999999999610e+00,6.286400000000001986e-01,1.191879999999999828e+00,9.821299999999999475e-01,1.314380000000000326e+00,1.731699999999999573e+00,1.139979999999999771e+00,1.060379999999999878e+00,1.694889999999999564e+00,1.644530000000000269e+00,1.779040000000000843e+00,9.134200000000003428e-01,1.134709999999999663e+00,7.406600000000004291e-01,1.066160000000000441e+00,1.000630000000000130e+00,1.002140000000000253e+00,1.005789999999999296e+00,9.939899999999999292e-01,9.959700000000004660e-01,1.001340000000000563e+00,1.001770000000001160e+00,9.970399999999998153e-01,9.908500000000001195e-01,1.001849999999999685e+00,9.944399999999995465e-01,9.912800000000000500e-01,1.005710000000000548e+00,9.980999999999997652e-01
1.952620000000000022e+00,1.555739999999999679e+00,6.224200000000001953e-01,1.181429999999999758e+00,9.840099999999999403e-01,1.328450000000000353e+00,1.751569999999999627e+00,1.145069999999999810e+00,1.054469999999999796e+00,1.695979999999999599e+00,1.651460000000000372e+00,1.788960000000000772e+00,9.158000000000003915e-01,1.137869999999999715e+00,7.307400000000003892e-01,1.066440000000000499e+00,1.000210000000000043e+00,1.001420000000000199e+00,1.005569999999999187e+00,9.940499999999998781e-01,9.966100000000004400e-01,1.001000000000000556e+00,1.001480000000001258e+00,9.970699999999997898e-01,9.906200000000001671e-01,1.002599999999999714e+00,9.940499999999995451e-01,9.919200000000000239e-01,1.006010000000000515e+00,9.985299999999998066e-01
1.969489999999999963e+00,1.564309999999999645e+00,6.153800000000001491e-01,1.170349999999999779e+00,9.841799999999999438e-01,1.341680000000000428e+00,1.771759999999999557e+00,1.149519999999999875e+00,1.047759999999999803e+00,1.697259999999999547e+00,1.659210000000000296e+00,1.797840000000000771e+00,9.189700000000003977e-01,1.141549999999999621e+00,7.209100000000003838e-01,1.066200000000000481e+00,1.000480000000000036e+00,1.001270000000000104e+00,1.005889999999999285e+00,9.945999999999999286e-01,9.959800000000004205e-01,1.001300000000000523e+00,1.001040000000001262e+00,9.975199999999997402e-01,9.914100000000001245e-01,1.003239999999999688e+00,9.933999999999995056e-01,9.919400000000000439e-01,1.006740000000000412e+00,9.985399999999997611e-01
1.985859999999999959e+00,1.572209999999999663e+00,6.089100000000001733e-01,1.159939999999999749e+00,9.853699999999999681e-01,1.355380000000000473e+00,1.792359999999999509e+00,1.155429999999999957e+00,1.041399999999999881e+00,1.697789999999999466e+00,1.664640000000000342e+00,1.806490000000000817e+00,9.245800000000004015e-01,1.145809999999999551e+00,7.105400000000003935e-01,1.064780000000000504e+00,1.000680000000000014e+00,1.001260000000000039e+00,1.006009999999999183e+00,9.952599999999999225e-01,9.967100000000004290e-01,1.000890000000000502e+00,1.000690000000001190e+00,9.977299999999997837e-01,9.913900000000001045e-01,1.002719999999999612e+00,9.927899999999995062e-01,9.919700000000000184e-01,1.006680000000000463e+00,9.980399999999998162e-01
2.001749999999999918e+00,1.580379999999999674e+00,6.030000000000002025e-01,1.149769999999999737e+00,9.855199999999999516e-01,1.367250000000000520e+00,1.813119999999999399e+00,1.161399999999999988e+00,1.034339999999999815e+00,1.698359999999999426e+00,1.671240000000000281e+00,1.813400000000000789e+00,9.280700000000003946e-01,1.148989999999999512e+00,7.000600000000003487e-01,1.065170000000000616e+00,1.000769999999999937e+00,1.001650000000000151e+00,1.006249999999999201e+00,9.962399999999999034e-01,9.964500000000003910e-01,1.000670000000000393e+00,1.000080000000001190e+00,9.984499999999998376e-01,9.908100000000000795e-01,1.003119999999999568e+00,9.918899999999994943e-01,9.915800000000000169e-01,1.006140000000000478e+00,9.980299999999998617e-01
2.018279999999999852e+00,1.588679999999999648e+00,5.967800000000001992e-01,1.137799999999999701e+00,9.860199999999998965e-01,1.378080000000000416e+00,1.833719999999999350e+00,1.166579999999999950e+00,1.026949999999999807e+00,1.697669999999999346e+00,1.677180000000000337e+00,1.820520000000000804e+00,9.309100000000003483e-01,1.150279999999999525e+00,6.901100000000003343e-01,1.064560000000000617e+00,1.000529999999999919e+00,1.001090000000000257e+00,1.005759999999999099e+00,9.961799999999998434e-01,9.964900000000004310e-01,1.000510000000000455e+00,9.993700000000012018e-01,9.975699999999998457e-01,9.910600000000000520e-01,1.003339999999999677e+00,9.929199999999994697e-01,9.913100000000000245e-01,1.005820000000000380e+00,9.984799999999998121e-01
2.034640000000000004e+00,1.595399999999999707e+00,5.918700000000002293e-01,1.125419999999999643e+00,9.855099999999998861e-01,1.391000000000000458e+00,1.853769999999999252e+00,1.171749999999999847e+00,1.019639999999999880e+00,1.696889999999999343e+00,1.680360000000000298e+00,1.826140000000000763e+00,9.360400000000003162e-01,1.152159999999999629e+00,6.816800000000002857e-01,1.064730000000000620e+00,1.000979999999999981e+00,1.000780000000000225e+00,1.005029999999999202e+00,9.963699999999998669e-01,9.964300000000004820e-01,1.000600000000000378e+00,9.987500000000012479e-01,9.976599999999998802e-01,9.912200000000001010e-01,1.003699999999999593e+00,9.927499999999994662e-01,9.922900000000000054e-01,1.005490000000000439e+00,9.982599999999998142e-01
2.050339999999999829e+00,1.603229999999999711e+00,5.878400000000002512e-01,1.114309999999999690e+00,9.856199999999999406e-01,1.402390000000000470e+00,1.874629999999999352e+00,1.176719999999999766e+00,1.012289999999999912e+00,1.696629999999999416e+00,1.685760000000000369e+00,1.832310000000000771e+00,9.411700000000002841e-01,1.153949999999999587e+00,6.716500000000003023e-01,1.064500000000000668e+00,1.001160000000000050e+00,1.000690000000000301e+00,1.004859999999999198e+00,9.961899999999999089e-01,9.967200000000004945e-01,1.000300000000000411e+00,9.984900000000012099e-01,9.980899999999999217e-01,9.909400000000001540e-01,1.004189999999999694e+00,9.923399999999994447e-01,9.929000000000000048e-01,1.005220000000000447e+00,9.985099999999997866e-01
2.065469999999999917e+00,1.610179999999999723e+00,5.832400000000002027e-01,1.103519999999999612e+00,9.856599999999999806e-01,1.413200000000000456e+00,1.894579999999999265e+00,1.181119999999999726e+00,1.005020000000000024e+00,1.694829999999999393e+00,1.690320000000000267e+00,1.838060000000000693e+00,9.469700000000003115e-01,1.154729999999999590e+00,6.628500000000002723e-01,1.064070000000000737e+00,1.001380000000000159e+00,1.000290000000000346e+00,1.005929999999999103e+00,9.959199999999999164e-01,9.970600000000005014e-01,1.000510000000000455e+00,9.975200000000011835e-01,9.991199999999998971e-01,9.917900000000001715e-01,1.004219999999999668e+00,9.915999999999994818e-01,9.929499999999999993e-01,1.004890000000000505e+00,9.983599999999998031e-01
2.081280000000000019e+00,1.616989999999999705e+00,5.791800000000002502e-01,1.093339999999999534e+00,9.850900000000000212e-01,1.423950000000000493e+00,1.916459999999999164e+00,1.185779999999999834e+00,9.980499999999999927e-01,1.693599999999999328e+00,1.694300000000000361e+00,1.842520000000000602e+00,9.524800000000003264e-01,1.156069999999999487e+00,6.534300000000002884e-01,1.063390000000000724e+00,1.001070000000000126e+00,1.000120000000000342e+00,1.006559999999999011e+00,9.961899999999999089e-01,9.973400000000005594e-01,1.000490000000000546e+00,9.973600000000011345e-01,9.993499999999998495e-01,9.924200000000001909e-01,1.004579999999999584e+00,9.913699999999994183e-01,9.921799999999999509e-01,1.004570000000000407e+00,9.972599999999998133e-01
2.096420000000000172e+00,1.623819999999999819e+00,5.765400000000002745e-01,1.082249999999999490e+00,9.832499999999999574e-01,1.433280000000000554e+00,1.936049999999999160e+00,1.191479999999999873e+00,9.908399999999999430e-01,1.692419999999999369e+00,1.699270000000000280e+00,1.847700000000000564e+00,9.573600000000003218e-01,1.155759999999999454e+00,6.442400000000002569e-01,1.062210000000000765e+00,1.001020000000000021e+00,1.000840000000000396e+00,1.006209999999998939e+00,9.961199999999998944e-01,9.983200000000005403e-01,1.001250000000000639e+00,9.972000000000010855e-01,9.984599999999999032e-01,9.922900000000002274e-01,1.004469999999999530e+00,9.909599999999993969e-01,9.928599999999999648e-01,1.004550000000000498e+00,9.976499999999998147e-01
2.111130000000000173e+00,1.631449999999999845e+00,5.736000000000002208e-01,1.072109999999999452e+00,9.824999999999999289e-01,1.442320000000000491e+00,1.957749999999999213e+00,1.199099999999999833e+00,9.846999999999999087e-01,1.690459999999999408e+00,1.703860000000000374e+00,1.852030000000000509e+00,9.621000000000002883e-01,1.158369999999999456e+00,6.355400000000002159e-01,1.062540000000000706e+00,1.000650000000000039e+00,1.001170000000000337e+00,1.006259999999999044e+00,9.968099999999998628e-01,9.981000000000005423e-01,1.001930000000000653e+00,9.972800000000010545e-01,9.989399999999999391e-01,9.916600000000002080e-01,1.004879999999999551e+00,9.908399999999993879e-01,9.929899999999999283e-01,1.004350000000000520e+00,9.968099999999997518e-01
2.126360000000000028e+00,1.638749999999999929e+00,5.697300000000001807e-01,1.061779999999999502e+00,9.812499999999999556e-01,1.451320000000000388e+00,1.976339999999999097e+00,1.204949999999999743e+00,9.766899999999999471e-01,1.689069999999999405e+00,1.706620000000000470e+00,1.855930000000000524e+00,9.684200000000002806e-01,1.158989999999999521e+00,6.274500000000001743e-01,1.060720000000000773e+00,1.001349999999999962e+00,1.000670000000000393e+00,1.007029999999998982e+00,9.967299999999998938e-01,9.984400000000005493e-01,1.001780000000000559e+00,9.970700000000010110e-01,9.991299999999999626e-01,9.916700000000001625e-01,1.004529999999999479e+00,9.909899999999993714e-01,9.933699999999999752e-01,1.004160000000000608e+00,9.972099999999997078e-01
2.140870000000000051e+00,1.644630000000000036e+00,5.684300000000002129e-01,1.052139999999999409e+00,9.797599999999999643e-01,1.459260000000000446e+00,1.995829999999999105e+00,1.210849999999999760e+00,9.712299999999999267e-01,1.686369999999999481e+00,1.708410000000000428e+00,1.860750000000000570e+00,9.742600000000002369e-01,1.159539999999999571e+00,6.205600000000002225e-01,1.059490000000000709e+00,1.001319999999999988e+00,1.001280000000000392e+00,1.006919999999998927e+00,9.960599999999999454e-01,9.980000000000005533e-01,1.002480000000000482e+00,9.976500000000010360e-01,9.995499999999999385e-01,9.918800000000002060e-01,1.005099999999999438e+00,9.912999999999994039e-01,9.930599999999999428e-01,1.004350000000000520e+00,9.976799999999996782e-01
2.155320000000000125e+00,1.651520000000000099e+00,5.662300000000002331e-01,1.042749999999999400e+00,9.778899999999999260e-01,1.466880000000000406e+00,2.014969999999999040e+00,1.216429999999999678e+00,9.642099999999999005e-01,1.684919999999999529e+00,1.711990000000000345e+00,1.864300000000000512e+00,9.799700000000002298e-01,1.159239999999999604e+00,6.126200000000002754e-01,1.058860000000000801e+00,1.000720000000000054e+00,1.001050000000000439e+00,1.007329999999998948e+00,9.959799999999999764e-01,9.985600000000005583e-01,1.001810000000000533e+00,9.980800000000010774e-01,9.992099999999999316e-01,9.922700000000002074e-01,1.004979999999999318e+00,9.907199999999993789e-01,9.932999999999999607e-01,1.003760000000000430e+00,9.978099999999996417e-01
2.168160000000000309e+00,1.658770000000000078e+00,5.641200000000002879e-01,1.034579999999999389e+00,9.766299999999998871e-01,1.474650000000000460e+00,2.033609999999999030e+00,1.221969999999999779e+00,9.574999999999999067e-01,1.683199999999999585e+00,1.714070000000000427e+00,1.866380000000000594e+00,9.862500000000002931e-01,1.158689999999999554e+00,6.057600000000002982e-01,1.058090000000000863e+00,1.000879999999999992e+00,1.000720000000000498e+00,1.007519999999998861e+00,9.960599999999999454e-01,9.986000000000005983e-01,1.001660000000000439e+00,9.979600000000010684e-01,9.992699999999998806e-01,9.915900000000001935e-01,1.005199999999999427e+00,9.904399999999994320e-01,9.930499999999999883e-01,1.003980000000000317e+00,9.975899999999996437e-01
2.183420000000000361e+00,1.664619999999999989e+00,5.615800000000003012e-01,1.027079999999999327e+00,9.753399999999998737e-01,1.481100000000000527e+00,2.052669999999999106e+00,1.228079999999999838e+00,9.512799999999999034e-01,1.682359999999999634e+00,1.716220000000000523e+00,1.869540000000000646e+00,9.920300000000003005e-01,1.157499999999999529e+00,5.989500000000003155e-01,1.057130000000000791e+00,1.000809999999999977e+00,1.000890000000000502e+00,1.007279999999998843e+00,9.962899999999998979e-01,9.985600000000005583e-01,1.002020000000000355e+00,9.978000000000010195e-01,9.991299999999998516e-01,9.909500000000002196e-01,1.005399999999999405e+00,9.914499999999993873e-01,9.932199999999999918e-01,1.004080000000000306e+00,9.973699999999996457e-01
2.198920000000000208e+00,1.670789999999999997e+00,5.612600000000003142e-01,1.020209999999999395e+00,9.730199999999998850e-01,1.486570000000000613e+00,2.072969999999999313e+00,1.233899999999999775e+00,9.449299999999999367e-01,1.679519999999999680e+00,1.718190000000000550e+00,1.872920000000000584e+00,9.981400000000002493e-01,1.156439999999999468e+00,5.913800000000003498e-01,1.055850000000000843e+00,1.000850000000000017e+00,1.001380000000000603e+00,1.007489999999998886e+00,9.962299999999999489e-01,9.982100000000005968e-01,1.002500000000000391e+00,9.973300000000010490e-01,9.988599999999998591e-01,9.908800000000002051e-01,1.005609999999999449e+00,9.912199999999994349e-01,9.930200000000000138e-01,1.004670000000000396e+00,9.974399999999996602e-01
2.213810000000000056e+00,1.677529999999999966e+00,5.599100000000003519e-01,1.013019999999999365e+00,9.701799999999999313e-01,1.492300000000000626e+00,2.091659999999999187e+00,1.238419999999999854e+00,9.378299999999999415e-01,1.677879999999999594e+00,1.719460000000000655e+00,1.876840000000000508e+00,1.004860000000000309e+00,1.154179999999999540e+00,5.855700000000003680e-01,1.054090000000000860e+00,1.001009999999999955e+00,1.001260000000000705e+00,1.007399999999998963e+00,9.964599999999999014e-01,9.981000000000006533e-01,1.001990000000000380e+00,9.970000000000009965e-01,9.992099999999998206e-01,9.910400000000002541e-01,1.005889999999999507e+00,9.912499999999994094e-01,9.928000000000000158e-01,1.004370000000000429e+00,9.973599999999996912e-01
2.226799999999999891e+00,1.683449999999999891e+00,5.582300000000003370e-01,1.005649999999999267e+00,9.694699999999999429e-01,1.495940000000000714e+00,2.110889999999999045e+00,1.245159999999999823e+00,9.317499999999999671e-01,1.676679999999999504e+00,1.719960000000000599e+00,1.880090000000000483e+00,1.011770000000000280e+00,1.151049999999999462e+00,5.794300000000003337e-01,1.052880000000000926e+00,1.001639999999999864e+00,1.000560000000000782e+00,1.006849999999998913e+00,9.964699999999998559e-01,9.978400000000006154e-01,1.002180000000000293e+00,9.969600000000009565e-01,9.995799999999998020e-01,9.913200000000002010e-01,1.005949999999999456e+00,9.911499999999994204e-01,9.928900000000000503e-01,1.004810000000000425e+00,9.981099999999997197e-01
2.240930000000000089e+00,1.688589999999999813e+00,5.564500000000003332e-01,9.995799999999992469e-01,9.679499999999999771e-01,1.501190000000000691e+00,2.128599999999999159e+00,1.249859999999999749e+00,9.253199999999999203e-01,1.675329999999999542e+00,1.720950000000000646e+00,1.883400000000000407e+00,1.017470000000000319e+00,1.148599999999999399e+00,5.736700000000003463e-01,1.051510000000000833e+00,1.001929999999999765e+00,1.000660000000000771e+00,1.006679999999998909e+00,9.963699999999998669e-01,9.978300000000006609e-01,1.002850000000000241e+00,9.968500000000009020e-01,9.995099999999997875e-01,9.915300000000002445e-01,1.005579999999999474e+00,9.911999999999994149e-01,9.931800000000000628e-01,1.004570000000000407e+00,9.980699999999996797e-01
2.254960000000000075e+00,1.694049999999999834e+00,5.544200000000003570e-01,9.917699999999992633e-01,9.658899999999999153e-01,1.505440000000000778e+00,2.147029999999999106e+00,1.255709999999999660e+00,9.178399999999998782e-01,1.674379999999999535e+00,1.720950000000000646e+00,1.886160000000000503e+00,1.022470000000000212e+00,1.145999999999999464e+00,5.683000000000003604e-01,1.050150000000000805e+00,1.001709999999999656e+00,1.000990000000000713e+00,1.006889999999998953e+00,9.967099999999998738e-01,9.975300000000006939e-01,1.002740000000000187e+00,9.967300000000008930e-01,9.994999999999998330e-01,9.917200000000002680e-01,1.004979999999999540e+00,9.908299999999994334e-01,9.935800000000000187e-01,1.004550000000000498e+00,9.982999999999996321e-01
2.268569999999999975e+00,1.699159999999999782e+00,5.527900000000003367e-01,9.864199999999992974e-01,9.656699999999999173e-01,1.508580000000000698e+00,2.165689999999999227e+00,1.260169999999999568e+00,9.116099999999999204e-01,1.674789999999999557e+00,1.720420000000000726e+00,1.888140000000000596e+00,1.028260000000000174e+00,1.142239999999999478e+00,5.630600000000003380e-01,1.049370000000000802e+00,1.001759999999999540e+00,1.001340000000000785e+00,1.006329999999999059e+00,9.964899999999998759e-01,9.978200000000007064e-01,1.002810000000000201e+00,9.969600000000008455e-01,9.999899999999998235e-01,9.918900000000002715e-01,1.005099999999999438e+00,9.909699999999994624e-01,9.940100000000000602e-01,1.004840000000000400e+00,9.980499999999996597e-01
2.280530000000000168e+00,1.704509999999999748e+00,5.508500000000002839e-01,9.821099999999992614e-01,9.643599999999998840e-01,1.511160000000000725e+00,2.184549999999999326e+00,1.266639999999999544e+00,9.060899999999999510e-01,1.672219999999999596e+00,1.719240000000000768e+00,1.891890000000000516e+00,1.034340000000000259e+00,1.138259999999999383e+00,5.583300000000003260e-01,1.047730000000000716e+00,1.001859999999999529e+00,1.001550000000000828e+00,1.006659999999999000e+00,9.963799999999998214e-01,9.977300000000006719e-01,1.002440000000000220e+00,9.968000000000007965e-01,1.000259999999999927e+00,9.921300000000002894e-01,1.005159999999999387e+00,9.911499999999994204e-01,9.943000000000000727e-01,1.004900000000000349e+00,9.981799999999996231e-01
2.293800000000000061e+00,1.709879999999999844e+00,5.499600000000002264e-01,9.776699999999992619e-01,9.630199999999998761e-01,1.513870000000000715e+00,2.202359999999999207e+00,1.271959999999999535e+00,8.993399999999999173e-01,1.671339999999999604e+00,1.720210000000000683e+00,1.895060000000000411e+00,1.039500000000000313e+00,1.135059999999999292e+00,5.543800000000003170e-01,1.047940000000000760e+00,1.001899999999999569e+00,1.000890000000000724e+00,1.006499999999999062e+00,9.968599999999998573e-01,9.977600000000006464e-01,1.002720000000000278e+00,9.968600000000007455e-01,1.000340000000000007e+00,9.924200000000003019e-01,1.004989999999999384e+00,9.906999999999994699e-01,9.948500000000000121e-01,1.004980000000000429e+00,9.984599999999996811e-01
2.307669999999999888e+00,1.715179999999999927e+00,5.502800000000002134e-01,9.739599999999992708e-01,9.611099999999999088e-01,1.516110000000000735e+00,2.220219999999999416e+00,1.276729999999999476e+00,8.932699999999998974e-01,1.671119999999999717e+00,1.720210000000000683e+00,1.897040000000000504e+00,1.046170000000000266e+00,1.131739999999999302e+00,5.495300000000002960e-01,1.046260000000000856e+00,1.002139999999999587e+00,1.000910000000000633e+00,1.006359999999999033e+00,9.966799999999998994e-01,9.975400000000006484e-01,1.003180000000000183e+00,9.970000000000007745e-01,1.000189999999999912e+00,9.922800000000002729e-01,1.005639999999999423e+00,9.908399999999994989e-01,9.949600000000000666e-01,1.004380000000000495e+00,9.985199999999996301e-01
2.319879999999999942e+00,1.720210000000000017e+00,5.500000000000002665e-01,9.695299999999992258e-01,9.618699999999998917e-01,1.518400000000000638e+00,2.237409999999999233e+00,1.283249999999999558e+00,8.875599999999999046e-01,1.670269999999999699e+00,1.720020000000000771e+00,1.898750000000000604e+00,1.050910000000000233e+00,1.128239999999999243e+00,5.456200000000003270e-01,1.046360000000000845e+00,1.002459999999999685e+00,1.001120000000000676e+00,1.006269999999999110e+00,9.964699999999998559e-01,9.977700000000007119e-01,1.003310000000000146e+00,9.972000000000007525e-01,1.000309999999999810e+00,9.928300000000003234e-01,1.006209999999999383e+00,9.908699999999994734e-01,9.952500000000000790e-01,1.004080000000000528e+00,9.979799999999996452e-01
2.332669999999999799e+00,1.726339999999999986e+00,5.495700000000002250e-01,9.648499999999992083e-01,9.606599999999998474e-01,1.518850000000000700e+00,2.256339999999999346e+00,1.287359999999999616e+00,8.810399999999999343e-01,1.668219999999999592e+00,1.718680000000000874e+00,1.901150000000000562e+00,1.054800000000000182e+00,1.125639999999999308e+00,5.423900000000003718e-01,1.044560000000000821e+00,1.002509999999999568e+00,1.001480000000000592e+00,1.006389999999999230e+00,9.967799999999998883e-01,9.976000000000007084e-01,1.003160000000000052e+00,9.966700000000007220e-01,9.999699999999998035e-01,9.925900000000003054e-01,1.006169999999999343e+00,9.907199999999994899e-01,9.953300000000000480e-01,1.003940000000000499e+00,9.978999999999996762e-01
2.343989999999999796e+00,1.729950000000000099e+00,5.492900000000002780e-01,9.617499999999992166e-01,9.613499999999998158e-01,1.520560000000000800e+00,2.274689999999999213e+00,1.292749999999999622e+00,8.742999999999999661e-01,1.668379999999999530e+00,1.718550000000000910e+00,1.904390000000000471e+00,1.060170000000000279e+00,1.121699999999999253e+00,5.388200000000004097e-01,1.043560000000000709e+00,1.002439999999999554e+00,1.001430000000000486e+00,1.007229999999999182e+00,9.967999999999999083e-01,9.976000000000007084e-01,1.002720000000000056e+00,9.970500000000006580e-01,9.999099999999998545e-01,9.925800000000003509e-01,1.005899999999999350e+00,9.906099999999995465e-01,9.957500000000000240e-01,1.004030000000000422e+00,9.975099999999996747e-01
2.355889999999999596e+00,1.733670000000000044e+00,5.490500000000002601e-01,9.594599999999992024e-01,9.598199999999997845e-01,1.520920000000000716e+00,2.292059999999999320e+00,1.298229999999999551e+00,8.693999999999999506e-01,1.667009999999999437e+00,1.718960000000000932e+00,1.907360000000000388e+00,1.066050000000000164e+00,1.117909999999999293e+00,5.357500000000003926e-01,1.043760000000000687e+00,1.001999999999999558e+00,1.000960000000000516e+00,1.006899999999999240e+00,9.973899999999998878e-01,9.979400000000007154e-01,1.002460000000000129e+00,9.970100000000006180e-01,9.999099999999998545e-01,9.921000000000003149e-01,1.006089999999999263e+00,9.904199999999995230e-01,9.954700000000000770e-01,1.003880000000000328e+00,9.972899999999996767e-01
2.367549999999999599e+00,1.738499999999999934e+00,5.490600000000002145e-01,9.575699999999991441e-01,9.585499999999997911e-01,1.520270000000000676e+00,2.310689999999999245e+00,1.303539999999999477e+00,8.645399999999999752e-01,1.667349999999999444e+00,1.718690000000000939e+00,1.910220000000000473e+00,1.070980000000000265e+00,1.113449999999999385e+00,5.322400000000003795e-01,1.043370000000000797e+00,1.002019999999999467e+00,1.000950000000000450e+00,1.006629999999999248e+00,9.971899999999999098e-01,9.981700000000006678e-01,1.002230000000000176e+00,9.967800000000006655e-01,1.000109999999999832e+00,9.917100000000003135e-01,1.006029999999999314e+00,9.905999999999994809e-01,9.957800000000001095e-01,1.004150000000000320e+00,9.967999999999996863e-01
2.379929999999999435e+00,1.742609999999999992e+00,5.488100000000002421e-01,9.554599999999990878e-01,9.573999999999998067e-01,1.520760000000000778e+00,2.327899999999999192e+00,1.308949999999999392e+00,8.590299999999999603e-01,1.667109999999999426e+00,1.717060000000000919e+00,1.913330000000000419e+00,1.075120000000000298e+00,1.110319999999999308e+00,5.284700000000003284e-01,1.043150000000000688e+00,1.002309999999999368e+00,1.000960000000000516e+00,1.007119999999999349e+00,9.975599999999998913e-01,9.984900000000006548e-01,1.002480000000000260e+00,9.965600000000006675e-01,1.000029999999999752e+00,9.922500000000002984e-01,1.005889999999999285e+00,9.908999999999994479e-01,9.957000000000001405e-01,1.003870000000000262e+00,9.963999999999997303e-01
2.392329999999999401e+00,1.746769999999999934e+00,5.473900000000002652e-01,9.530899999999991046e-01,9.569999999999998508e-01,1.521190000000000708e+00,2.345339999999999314e+00,1.313989999999999325e+00,8.549599999999999422e-01,1.667189999999999506e+00,1.716540000000000843e+00,1.916680000000000383e+00,1.079190000000000316e+00,1.105579999999999341e+00,5.248300000000003518e-01,1.043420000000000680e+00,1.002109999999999390e+00,1.001440000000000552e+00,1.007709999999999440e+00,9.972799999999999443e-01,9.979900000000005988e-01,1.002060000000000173e+00,9.965500000000007130e-01,9.998799999999997690e-01,9.925500000000002654e-01,1.005609999999999227e+00,9.907199999999994899e-01,9.955600000000001115e-01,1.003770000000000273e+00,9.961199999999996724e-01
2.403509999999999369e+00,1.749929999999999986e+00,5.459300000000002484e-01,9.506399999999991524e-01,9.580899999999998862e-01,1.521320000000000672e+00,2.362559999999999327e+00,1.319959999999999356e+00,8.488499999999999934e-01,1.666539999999999466e+00,1.715140000000000775e+00,1.919410000000000283e+00,1.082960000000000367e+00,1.099769999999999248e+00,5.238800000000003454e-01,1.044140000000000734e+00,1.002279999999999394e+00,1.001560000000000450e+00,1.007219999999999338e+00,9.967799999999999994e-01,9.980700000000005678e-01,1.002120000000000122e+00,9.964900000000007640e-01,1.000159999999999716e+00,9.924600000000002309e-01,1.005439999999999223e+00,9.906299999999994554e-01,9.955200000000000715e-01,1.003810000000000313e+00,9.963799999999997103e-01
2.413949999999999374e+00,1.752869999999999928e+00,5.455100000000002725e-01,9.489499999999991831e-01,9.575399999999998357e-01,1.520490000000000563e+00,2.379569999999999297e+00,1.325169999999999293e+00,8.428200000000000136e-01,1.666129999999999445e+00,1.712890000000000690e+00,1.921360000000000179e+00,1.087320000000000286e+00,1.096039999999999237e+00,5.210100000000003062e-01,1.044990000000000752e+00,1.002469999999999306e+00,1.001680000000000348e+00,1.007549999999999280e+00,9.964300000000000379e-01,9.980000000000005533e-01,1.002620000000000067e+00,9.963600000000008006e-01,9.996199999999997310e-01,9.920300000000001894e-01,1.005259999999999154e+00,9.904699999999994064e-01,9.956500000000000350e-01,1.003590000000000426e+00,9.960999999999997634e-01
2.423739999999999561e+00,1.758559999999999901e+00,5.449100000000002275e-01,9.487899999999991341e-01,9.578699999999997772e-01,1.519350000000000644e+00,2.396379999999999288e+00,1.329829999999999401e+00,8.384000000000000341e-01,1.666409999999999503e+00,1.711780000000000745e+00,1.924370000000000136e+00,1.091350000000000264e+00,1.091259999999999231e+00,5.177500000000002656e-01,1.046300000000000674e+00,1.002559999999999230e+00,1.001920000000000366e+00,1.007259999999999378e+00,9.963500000000000689e-01,9.979900000000005988e-01,1.002950000000000008e+00,9.962700000000007661e-01,9.995399999999997620e-01,9.917300000000002225e-01,1.005149999999999100e+00,9.908699999999993624e-01,9.959400000000000475e-01,1.003080000000000416e+00,9.958599999999997454e-01
2.435049999999999493e+00,1.762779999999999792e+00,5.451500000000002455e-01,9.478799999999991677e-01,9.579899999999997862e-01,1.518480000000000718e+00,2.413759999999999462e+00,1.334609999999999408e+00,8.341200000000000836e-01,1.667189999999999506e+00,1.709970000000000656e+00,1.927590000000000137e+00,1.094650000000000345e+00,1.088539999999999175e+00,5.142300000000002980e-01,1.045530000000000737e+00,1.002439999999999110e+00,1.002180000000000293e+00,1.007599999999999385e+00,9.963500000000000689e-01,9.982700000000006568e-01,1.002939999999999943e+00,9.960600000000007226e-01,9.997599999999997600e-01,9.915700000000002845e-01,1.005429999999999158e+00,9.905099999999993354e-01,9.960400000000000365e-01,1.003250000000000419e+00,9.961299999999997379e-01
2.445609999999999395e+00,1.766439999999999788e+00,5.446600000000002550e-01,9.467399999999991378e-01,9.574199999999998267e-01,1.517130000000000756e+00,2.429049999999999265e+00,1.340089999999999337e+00,8.311200000000000809e-01,1.668479999999999519e+00,1.708270000000000621e+00,1.932140000000000191e+00,1.099490000000000300e+00,1.083289999999999198e+00,5.107800000000003449e-01,1.046110000000000761e+00,1.002219999999999001e+00,1.002100000000000213e+00,1.007629999999999360e+00,9.961400000000000254e-01,9.984300000000005948e-01,1.002959999999999852e+00,9.963400000000006695e-01,1.000139999999999807e+00,9.914600000000002300e-01,1.005709999999999216e+00,9.908799999999993169e-01,9.965800000000000214e-01,1.003590000000000426e+00,9.961999999999997524e-01
2.455279999999999241e+00,1.769669999999999854e+00,5.440900000000002956e-01,9.450099999999991285e-01,9.560199999999998699e-01,1.515830000000000677e+00,2.446109999999999118e+00,1.344629999999999326e+00,8.270700000000000829e-01,1.669229999999999547e+00,1.707960000000000589e+00,1.934940000000000104e+00,1.102510000000000323e+00,1.079489999999999172e+00,5.079600000000003002e-01,1.047650000000000858e+00,1.002059999999999063e+00,1.001790000000000180e+00,1.007459999999999356e+00,9.958900000000000530e-01,9.990500000000005487e-01,1.003099999999999881e+00,9.966700000000006110e-01,9.998999999999997890e-01,9.913600000000002410e-01,1.005769999999999165e+00,9.910299999999993004e-01,9.967400000000000704e-01,1.003550000000000386e+00,9.965499999999997138e-01
2.465479999999999450e+00,1.773149999999999782e+00,5.445100000000002716e-01,9.422099999999991038e-01,9.567899999999999183e-01,1.514430000000000609e+00,2.462229999999999031e+00,1.350579999999999226e+00,8.231400000000000938e-01,1.670539999999999470e+00,1.706970000000000542e+00,1.939800000000000191e+00,1.106080000000000396e+00,1.073249999999999149e+00,5.058800000000003294e-01,1.047560000000000935e+00,1.001859999999999085e+00,1.002200000000000202e+00,1.007069999999999244e+00,9.952800000000000535e-01,9.989100000000005197e-01,1.003379999999999939e+00,9.964500000000006130e-01,9.998099999999997545e-01,9.913200000000002010e-01,1.005809999999999205e+00,9.909099999999992914e-01,9.967000000000000304e-01,1.003190000000000470e+00,9.961599999999997124e-01
2.475999999999999535e+00,1.776319999999999677e+00,5.435900000000002397e-01,9.418599999999991423e-01,9.559599999999999209e-01,1.512380000000000724e+00,2.479209999999999248e+00,1.356469999999999176e+00,8.193300000000001138e-01,1.671139999999999404e+00,1.705050000000000621e+00,1.943880000000000274e+00,1.110120000000000440e+00,1.068389999999999063e+00,5.047300000000003450e-01,1.048240000000000949e+00,1.001649999999999041e+00,1.001830000000000220e+00,1.007299999999999196e+00,9.950300000000000811e-01,9.989400000000004942e-01,1.003249999999999975e+00,9.961600000000006006e-01,9.994099999999997985e-01,9.916000000000002590e-01,1.006059999999999288e+00,9.904399999999993209e-01,9.964200000000000834e-01,1.003690000000000415e+00,9.957799999999996654e-01
2.487179999999999502e+00,1.779609999999999692e+00,5.430200000000002802e-01,9.404099999999990800e-01,9.567199999999999038e-01,1.510420000000000762e+00,2.495869999999999145e+00,1.361729999999999219e+00,8.154100000000000792e-01,1.671819999999999418e+00,1.702700000000000546e+00,1.947470000000000256e+00,1.112160000000000482e+00,1.063989999999999103e+00,5.033500000000002972e-01,1.048590000000001021e+00,1.001239999999999020e+00,1.002000000000000224e+00,1.007239999999999247e+00,9.951100000000000501e-01,9.989300000000005397e-01,1.003220000000000001e+00,9.960700000000005661e-01,1.000109999999999832e+00,9.911900000000002375e-01,1.005729999999999347e+00,9.905299999999993554e-01,9.962400000000001254e-01,1.003510000000000346e+00,9.958499999999996799e-01
2.495789999999999509e+00,1.782809999999999784e+00,5.418800000000002504e-01,9.404899999999990490e-01,9.574299999999998922e-01,1.508020000000000804e+00,2.512659999999999005e+00,1.366759999999999309e+00,8.112000000000000322e-01,1.672369999999999468e+00,1.701450000000000573e+00,1.951020000000000199e+00,1.115640000000000409e+00,1.059119999999999173e+00,5.010900000000002574e-01,1.050260000000001082e+00,1.001279999999999060e+00,1.001690000000000191e+00,1.007099999999999218e+00,9.955400000000000915e-01,9.988400000000005052e-01,1.003390000000000004e+00,9.960000000000005516e-01,1.000529999999999919e+00,9.911500000000001975e-01,1.005759999999999321e+00,9.905399999999993099e-01,9.962200000000001054e-01,1.003530000000000255e+00,9.959499999999996689e-01
2.505849999999999689e+00,1.785549999999999748e+00,5.422700000000002518e-01,9.391899999999990811e-01,9.572599999999998888e-01,1.506530000000000813e+00,2.527899999999998926e+00,1.373039999999999372e+00,8.067600000000000326e-01,1.673479999999999412e+00,1.698960000000000470e+00,1.954150000000000276e+00,1.118010000000000392e+00,1.053889999999999105e+00,4.989300000000002622e-01,1.051120000000001165e+00,1.001539999999998987e+00,1.001240000000000130e+00,1.007159999999999167e+00,9.952600000000001446e-01,9.984900000000005438e-01,1.003090000000000037e+00,9.960500000000005461e-01,1.000340000000000007e+00,9.911800000000001720e-01,1.005619999999999292e+00,9.904399999999993209e-01,9.960400000000001475e-01,1.003150000000000208e+00,9.960299999999996379e-01
2.516289999999999694e+00,1.789659999999999807e+00,5.414500000000002089e-01,9.398699999999990951e-01,9.576299999999998702e-01,1.503900000000000903e+00,2.545629999999998727e+00,1.378999999999999337e+00,8.043000000000000149e-01,1.674579999999999513e+00,1.697780000000000511e+00,1.957660000000000178e+00,1.120830000000000437e+00,1.047659999999999147e+00,4.978000000000002423e-01,1.053460000000001173e+00,1.001519999999999078e+00,1.001030000000000086e+00,1.007399999999999185e+00,9.947700000000001541e-01,9.981600000000006023e-01,1.003410000000000135e+00,9.962000000000005295e-01,1.000340000000000007e+00,9.913800000000001500e-01,1.005639999999999201e+00,9.904799999999993609e-01,9.963200000000000944e-01,1.002770000000000161e+00,9.960599999999996124e-01
2.526149999999999896e+00,1.792559999999999709e+00,5.414200000000002344e-01,9.396399999999991426e-01,9.579499999999998572e-01,1.502300000000000857e+00,2.563189999999998747e+00,1.383779999999999344e+00,8.005700000000000038e-01,1.676519999999999566e+00,1.695440000000000502e+00,1.961710000000000287e+00,1.123290000000000344e+00,1.042849999999999167e+00,4.960600000000002230e-01,1.054440000000001154e+00,1.001619999999999067e+00,1.001360000000000028e+00,1.007359999999999145e+00,9.955400000000000915e-01,9.987000000000005873e-01,1.003470000000000084e+00,9.965300000000005820e-01,1.000280000000000058e+00,9.913900000000001045e-01,1.005689999999999307e+00,9.906399999999994099e-01,9.963900000000001089e-01,1.003170000000000117e+00,9.962799999999996103e-01
2.536359999999999726e+00,1.795399999999999663e+00,5.399400000000001976e-01,9.389599999999991287e-01,9.573899999999998522e-01,1.499330000000000940e+00,2.580929999999998614e+00,1.389999999999999236e+00,7.962799999999999878e-01,1.678579999999999517e+00,1.692430000000000545e+00,1.966430000000000344e+00,1.126630000000000242e+00,1.038089999999999069e+00,4.951500000000002011e-01,1.055420000000001135e+00,1.001929999999999099e+00,1.001200000000000090e+00,1.007349999999999079e+00,9.953300000000000480e-01,9.987100000000005418e-01,1.004040000000000044e+00,9.964400000000005475e-01,9.996900000000000786e-01,9.913400000000001100e-01,1.005289999999999351e+00,9.908699999999993624e-01,9.969300000000000939e-01,1.002870000000000150e+00,9.957899999999996199e-01
2.545639999999999681e+00,1.798029999999999573e+00,5.394500000000002071e-01,9.390399999999990976e-01,9.584699999999998221e-01,1.497320000000000872e+00,2.597519999999998497e+00,1.394259999999999167e+00,7.921599999999999753e-01,1.681759999999999478e+00,1.689800000000000635e+00,1.969980000000000286e+00,1.129420000000000313e+00,1.032849999999999158e+00,4.945100000000002272e-01,1.056180000000001229e+00,1.001599999999999158e+00,1.001210000000000155e+00,1.007239999999999025e+00,9.951600000000000446e-01,9.987400000000005162e-01,1.004220000000000113e+00,9.965600000000005565e-01,9.990800000000000791e-01,9.914700000000000735e-01,1.005559999999999343e+00,9.908699999999993624e-01,9.965100000000001179e-01,1.003140000000000143e+00,9.954699999999996329e-01
2.555669999999999664e+00,1.799869999999999637e+00,5.383100000000001772e-01,9.387999999999990797e-01,9.585499999999997911e-01,1.495830000000000881e+00,2.614769999999998706e+00,1.399279999999999191e+00,7.883899999999999242e-01,1.683609999999999385e+00,1.687230000000000674e+00,1.974030000000000395e+00,1.131910000000000416e+00,1.028609999999999136e+00,4.938200000000002032e-01,1.057620000000001337e+00,1.001639999999999198e+00,1.001090000000000257e+00,1.006829999999999004e+00,9.948100000000000831e-01,9.991700000000005577e-01,1.004180000000000073e+00,9.963800000000005985e-01,9.988100000000000867e-01,9.916800000000001170e-01,1.005769999999999387e+00,9.906199999999993899e-01,9.967200000000001614e-01,1.003370000000000095e+00,9.950999999999996515e-01
2.564219999999999722e+00,1.802199999999999580e+00,5.378400000000002068e-01,9.387199999999991107e-01,9.581699999999997441e-01,1.492800000000000793e+00,2.632529999999998704e+00,1.403679999999999151e+00,7.844399999999999151e-01,1.687169999999999392e+00,1.683080000000000576e+00,1.978970000000000340e+00,1.134820000000000384e+00,1.023269999999999236e+00,4.932300000000002238e-01,1.059530000000001415e+00,1.001529999999999143e+00,1.001320000000000210e+00,1.006629999999999026e+00,9.950700000000001211e-01,9.994100000000005757e-01,1.004000000000000004e+00,9.965100000000005620e-01,9.990000000000001101e-01,9.918200000000001459e-01,1.005469999999999420e+00,9.906299999999993444e-01,9.967500000000001359e-01,1.003270000000000106e+00,9.949799999999996425e-01
2.572539999999999605e+00,1.805689999999999573e+00,5.367500000000001714e-01,9.380699999999990712e-01,9.588499999999997581e-01,1.490430000000000810e+00,2.649789999999998535e+00,1.408939999999999193e+00,7.806799999999999295e-01,1.689619999999999456e+00,1.679730000000000611e+00,1.984690000000000287e+00,1.138460000000000472e+00,1.018339999999999135e+00,4.913900000000002155e-01,1.060920000000001417e+00,1.000979999999999093e+00,1.001340000000000119e+00,1.006839999999999069e+00,9.951400000000001356e-01,9.995300000000005847e-01,1.003700000000000037e+00,9.969300000000005380e-01,9.990800000000000791e-01,9.919800000000001949e-01,1.005169999999999453e+00,9.901199999999993340e-01,9.968800000000000994e-01,1.003370000000000095e+00,9.951399999999996915e-01
2.582499999999999574e+00,1.807399999999999674e+00,5.354200000000002291e-01,9.382199999999990547e-01,9.586299999999997601e-01,1.487030000000000740e+00,2.667019999999998614e+00,1.414599999999999191e+00,7.769999999999999130e-01,1.690529999999999422e+00,1.678200000000000580e+00,1.989540000000000308e+00,1.140090000000000492e+00,1.012849999999999140e+00,4.900900000000001921e-01,1.062480000000001423e+00,1.001009999999999067e+00,1.001280000000000170e+00,1.006869999999999044e+00,9.954900000000000970e-01,9.991800000000006232e-01,1.003719999999999946e+00,9.966400000000005255e-01,9.993600000000000261e-01,9.916200000000001680e-01,1.005239999999999467e+00,9.901499999999993085e-01,9.968500000000001249e-01,1.003520000000000190e+00,9.950399999999997025e-01
2.591929999999999623e+00,1.810189999999999744e+00,5.353700000000002346e-01,9.370499999999990504e-01,9.598199999999997845e-01,1.484800000000000786e+00,2.685369999999998480e+00,1.418849999999999278e+00,7.742999999999998773e-01,1.692649999999999322e+00,1.674860000000000682e+00,1.993740000000000290e+00,1.142640000000000544e+00,1.008899999999999242e+00,4.896000000000002017e-01,1.065240000000001519e+00,1.001389999999999114e+00,1.001270000000000104e+00,1.006879999999999109e+00,9.951700000000001101e-01,9.992800000000006122e-01,1.003609999999999891e+00,9.962100000000004840e-01,9.997400000000000730e-01,9.914600000000002300e-01,1.005139999999999478e+00,9.901299999999992885e-01,9.968700000000001449e-01,1.003480000000000150e+00,9.955799999999996874e-01
2.600059999999999594e+00,1.811249999999999805e+00,5.346100000000002517e-01,9.359799999999990350e-01,9.606499999999997819e-01,1.482840000000000824e+00,2.703649999999998332e+00,1.424049999999999372e+00,7.697099999999998943e-01,1.695009999999999240e+00,1.671780000000000710e+00,1.998720000000000274e+00,1.145110000000000516e+00,1.003719999999999279e+00,4.895100000000002227e-01,1.067750000000001531e+00,1.001199999999999202e+00,1.001219999999999999e+00,1.006779999999999120e+00,9.950700000000001211e-01,9.991600000000006032e-01,1.003689999999999971e+00,9.964900000000005420e-01,9.994500000000000606e-01,9.910900000000002485e-01,1.005409999999999471e+00,9.896699999999992725e-01,9.970200000000001284e-01,1.003530000000000255e+00,9.956099999999996619e-01
2.608929999999999527e+00,1.813539999999999708e+00,5.340500000000002467e-01,9.351099999999989976e-01,9.618399999999998062e-01,1.480010000000000936e+00,2.720259999999998346e+00,1.429159999999999320e+00,7.663699999999998846e-01,1.697039999999999216e+00,1.668650000000000633e+00,2.004220000000000113e+00,1.146550000000000624e+00,9.984099999999992425e-01,4.882300000000002194e-01,1.069440000000001501e+00,1.001609999999999223e+00,1.000930000000000097e+00,1.007019999999999138e+00,9.955300000000001370e-01,9.993200000000006522e-01,1.004019999999999913e+00,9.962900000000005640e-01,9.995300000000000296e-01,9.908200000000002561e-01,1.005579999999999474e+00,9.897699999999992615e-01,9.973700000000000898e-01,1.003740000000000299e+00,9.954499999999997240e-01
2.618439999999999657e+00,1.815209999999999768e+00,5.344100000000002737e-01,9.342599999999989802e-01,9.625399999999998402e-01,1.477920000000001011e+00,2.737439999999998541e+00,1.432959999999999345e+00,7.633899999999999020e-01,1.700049999999999173e+00,1.666330000000000533e+00,2.008799999999999919e+00,1.149030000000000662e+00,9.932799999999992746e-01,4.880800000000002359e-01,1.071850000000001524e+00,1.001649999999999263e+00,1.001060000000000061e+00,1.006729999999999237e+00,9.951300000000001811e-01,9.994100000000006867e-01,1.004079999999999862e+00,9.960000000000005516e-01,1.000340000000000007e+00,9.909700000000002396e-01,1.005879999999999441e+00,9.893599999999992400e-01,9.973300000000000498e-01,1.003850000000000353e+00,9.951199999999997825e-01
2.627399999999999736e+00,1.816429999999999767e+00,5.334800000000002873e-01,9.342699999999989346e-01,9.635999999999997900e-01,1.474250000000000949e+00,2.754819999999998714e+00,1.436069999999999292e+00,7.583799999999999430e-01,1.702469999999999262e+00,1.663080000000000558e+00,2.014199999999999768e+00,1.151010000000000755e+00,9.879399999999992632e-01,4.882600000000002494e-01,1.073860000000001591e+00,1.001279999999999282e+00,1.001149999999999984e+00,1.006469999999999310e+00,9.951100000000001611e-01,9.987100000000006528e-01,1.004039999999999822e+00,9.961800000000005095e-01,1.000580000000000025e+00,9.910800000000001830e-01,1.005729999999999347e+00,9.893799999999992600e-01,9.974900000000000988e-01,1.004130000000000411e+00,9.954499999999997240e-01
