1.027640000000000109e+00,1.066920000000000091e+00,9.556400000000000450e-01,2.779095715355182961e+00,-1.371958362761331873e+00,2.239849461548251153e+00,1.086767111143277509e+00,1.021071830281819581e+00,1.011330662500644628e+00,1.275915329933302811e+00,1.335252491932577223e+00,1.179895150022764572e+00,9.690629677168405287e-01,1.090074181859531421e+00,9.679420029560645844e-01,1.014260921543985061e+00,1.006660725997938988e+00,1.062007913078028665e+00,5.430382241801017251e-01,5.384869705933755801e-01,7.853759302728952063e-01,1.042055586995787042e+00,1.063685527725427127e+00,1.044900123923541368e+00,8.287508732920300103e-01,9.883719972334897852e-01,1.135966370215723442e+00,9.937779748343898989e-01,1.001388704569525334e+00,1.012060791719260111e+00
1.088600000000000012e+00,1.210280000000000022e+00,8.324799999999999978e-01,-1.698162504517117810e+00,1.847976953688883928e+00,3.099985910024360969e+00,9.591995308793582753e-01,9.605053609955154226e-01,1.062654558673757021e+00,1.512520135482539940e+00,1.830952598423392530e+00,1.388637129696124850e+00,6.336199203789361079e-01,1.064248148347906708e+00,1.084447341755534477e+00,1.082212644589550576e+00,9.536034409014958468e-01,1.112963051624065169e+00,1.327686481260960338e+00,2.010423000110001523e-01,1.483607936991666598e+00,8.943992978141024341e-01,1.200897305858197761e+00,1.035020097601718536e+00,9.416647309411704247e-01,6.170839505279112069e-01,1.378811767208885541e+00,9.040088766440185220e-01,1.371685625234766448e+00,9.763123761740467588e-01
1.170640000000000125e+00,1.083679999999999977e+00,9.274000000000000021e-01,-3.122312618325449485e+00,-4.406718439902816975e-01,5.727453227780273437e+00,9.297662508510895485e-01,9.034972736094992740e-01,1.101327378639517018e+00,1.681941371262071661e+00,1.802011889088643404e+00,1.573020745127756914e+00,7.147563968487131714e-01,1.076073912087121442e+00,1.012111036938158959e+00,1.037282343853731970e+00,9.486972526334473965e-01,1.183378035977109555e+00,9.212529214627431795e-01,-1.675216422717172304e-01,1.687229289198314497e+00,8.579353003526462018e-01,1.252399351110038417e+00,1.030255211761565315e+00,6.675102544270827831e-02,6.608602700282832920e-01,8.052297000476845712e-01,9.297120910751279776e-01,1.376039638478482763e+00,9.358200786714149233e-01
1.099160000000000137e+00,1.073799999999999866e+00,8.719599999999999573e-01,-9.388370611232765839e-03,2.761206114261917310e+00,6.035234702448351030e-01,7.378845237829382286e-01,1.065880011754276824e+00,1.080244825730538372e+00,3.421920926646890848e-01,1.896791657246098328e+00,1.428887326089435028e+00,6.910808463598148155e-01,1.191994534818880291e+00,8.872546472865616707e-01,9.175563315299872791e-01,9.676438240074025643e-01,1.413714159761909839e+00,7.302080566164887987e-01,-1.025211362793503866e+02,1.139409840838654304e+02,8.827916121410659400e-01,1.255318153725887731e+00,9.516642871621288080e-01,2.638491836730246232e-01,2.057109971819539584e-01,1.950660142120709262e-01,1.052718283379802777e+00,1.380389277211440113e+00,8.054191941353765483e-01
1.154720000000000191e+00,1.112759999999999749e+00,8.509599999999999387e-01,4.582473767479829263e+00,-9.945254887645416098e-01,1.163401486838802068e-01,8.456896903987682901e-01,1.055911259399365365e+00,9.701333738172138732e-01,1.227453348964050228e+00,1.464305422655354461e+00,1.653358079495283572e+00,5.989229174360695129e-01,1.235223818309012511e+00,8.475150773869917220e-01,1.106331864216929528e+00,9.913989831557722399e-01,1.367407400621683866e+00,8.577870326685056446e-01,-1.024549666904786136e+02,1.141888984926892334e+02,8.596074195048679645e-01,1.212089174841084249e+00,1.054003429164664052e+00,-3.490901606768154153e+01,2.636508811760512883e-01,5.308144726444481876e+01,1.042714381518380584e+00,1.316373706531831500e+00,9.173143050069552107e-01
1.101960000000000273e+00,1.207359999999999767e+00,9.147599999999999065e-01,1.111947122004381061e+00,-1.010714989987635537e-01,2.294247675874258263e+00,8.925165922320673628e-01,9.531659211721852376e-01,9.545117561277736140e-01,1.182096710154521890e+00,1.767418088339656856e+00,1.448000766173064280e+00,5.421629381262029757e-01,1.288432906577328563e+00,8.538930658758406844e-01,1.149131029059293985e+00,1.027264208384938815e+00,1.231889770649751803e+00,4.955795764317688423e+00,-1.014764240134268221e+02,1.137666918095895880e+02,7.988207930806925372e-01,1.194014484503274298e+00,1.141745962440303908e+00,-3.519104630205120543e+01,3.402553479937620029e-01,5.305072626160664129e+01,9.309194231750015369e-01,1.360418827608606440e+00,9.947996583098215329e-01
1.090200000000000280e+00,1.244159999999999711e+00,8.959999999999999076e-01,3.755664406876981776e-01,4.625399881398700730e-01,2.543847502397449389e+00,9.138222543012470833e-01,8.652144401246569805e-01,1.009993575057008375e+00,1.377246262857348746e+00,1.791742771026590741e+00,1.507114705437259561e+00,5.940193292820096227e-01,1.228761092330291849e+00,8.379603512701127022e-01,1.183244397741410436e+00,9.996128245974672533e-01,1.225245612859595212e+00,5.113205811543655166e+00,-1.014212692383230063e+02,1.137934601554044320e+02,7.901512789563539529e-01,1.223634259537423441e+00,1.160342957914004547e+00,-3.469558313472435884e+01,3.231571965911141930e-01,5.369060848635885463e+01,9.061596082717241485e-01,1.356731058533117595e+00,1.016605950161064031e+00
1.215200000000000280e+00,1.313279999999999781e+00,8.748799999999998800e-01,1.591770876084822595e-01,9.453055284518039336e-01,2.557000442193763767e+00,9.753980666221628848e-01,7.206394217087739307e-01,1.168872755196121993e+00,1.828582589416619664e+00,1.980079727211190077e+00,1.799891968398033892e+00,9.100372635214434291e-01,9.709020859386117142e-01,7.636299126806619375e-01,1.257128613524008731e+00,9.414283468963561274e-01,1.280150229722610389e+00,5.033384101049785286e+00,-1.013261786709952474e+02,1.136173526018475570e+02,8.693331159439965372e-01,1.218886243242364165e+00,1.208256873751276217e+00,-3.403452959429446878e+01,3.514459854349615275e-01,5.441508992955515822e+01,9.120977720534124700e-01,1.290401855012093257e+00,1.055872876454617248e+00
1.326560000000000183e+00,1.382959999999999745e+00,8.816799999999999082e-01,4.662550676790561677e-01,1.763891431020797373e+00,1.925551292043040652e+00,9.780472869479648335e-01,6.349323459381350787e-01,1.334698044852548504e+00,1.774711779211976870e+00,2.312490104754166609e+00,2.069793457624682365e+00,1.057124964000407896e+00,8.374591556770226708e-01,7.112703800474068361e-01,1.270102705294524181e+00,9.178614009959618070e-01,1.362833277897895767e+00,5.032926718198702964e+00,-1.014628619861400267e+02,1.134405906597213232e+02,9.644747386180546611e-01,1.245727127560755765e+00,1.161591629603009102e+00,-3.397111946793349802e+01,3.521588372522987953e-01,5.460539611270371552e+01,9.839265495153229901e-01,1.278050693039719299e+00,1.014911877917518579e+00
1.333120000000000083e+00,1.438879999999999715e+00,9.480799999999999228e-01,-6.735509231341065828e-01,7.900508771474892278e-01,3.367460797064269151e+00,1.195531393938733089e+00,5.852850255674435509e-01,1.211179322800327363e+00,1.694346048960381879e+00,2.411303390662423496e+00,1.913238414421075229e+00,9.294990865086385501e-01,9.185849024360721593e-01,7.183414290508580713e-01,1.321624230325813887e+00,9.377789344262321691e-01,1.330006666267908422e+00,5.354752624678694062e+00,-1.016518979609734714e+02,1.132066668211598000e+02,1.075147222719128548e+00,1.271550052987323820e+00,1.139906783670178392e+00,-3.405831390436573969e+01,2.653322654450194218e-01,5.471178116513259937e+01,1.022948353961252055e+00,1.230487023318237227e+00,1.014750249458851616e+00
1.337880000000000180e+00,1.472279999999999811e+00,8.291999999999999371e-01,2.888129312182002639e+00,8.704554213717305977e-01,5.089477120300429647e-01,9.551346129838892418e-01,7.489673191570369593e-01,1.417689260805345297e+00,1.436895908800053911e+00,2.452742913713571227e+00,2.294886116930302311e+00,1.092236437087357626e+00,9.391695931383829965e-01,6.487585131363863278e-01,1.090958439138274727e+00,9.229696927304817944e-01,1.479248165939147430e+00,4.316961642239997232e+00,-1.017886428806076538e+02,1.150176971115896976e+02,9.881363302775960644e-01,1.333700769027103439e+00,1.053676205498109031e+00,-3.426023405812232880e+01,5.739364313055126399e-01,5.468680672830047484e+01,9.365948504561031340e-01,1.395055632294768255e+00,8.880975361656495703e-01
1.216680000000000206e+00,1.443639999999999812e+00,8.423599999999998866e-01,2.762499258972348049e+00,1.216057166917811072e-01,8.915958640705390348e-01,1.058325006579413863e+00,7.334539972218332426e-01,1.333699607014294131e+00,1.244651612525666362e+00,2.140939851738863808e+00,3.160562635161080713e+00,9.402968876061246206e-01,9.254944795483091013e-01,8.185756261607379791e-01,1.062936180688648369e+00,9.800459907965349826e-01,1.439864685186418525e+00,4.618408050962144351e+00,-1.018565778837132001e+02,1.150485291408876947e+02,9.725310260438499999e-01,1.405994350449400576e+00,1.022768440619553854e+00,-3.406587737979629793e+01,3.841519395604577891e-01,5.450085146295805316e+01,8.968073473347465407e-01,1.468009125825407990e+00,8.567079588900301523e-01
1.078640000000000265e+00,1.557959999999999789e+00,1.006159999999999943e+00,2.166122698711562489e+00,7.036163805458681697e-01,1.003387814708305958e+00,1.259463120761039168e+00,6.879344665894615574e-01,1.153785508833963691e+00,1.526965697303424685e+00,1.856751353093572199e+00,3.894522360297841601e+00,7.062788676849284242e-01,7.461153558645999828e-01,1.219114794377438082e+00,1.074455312977596222e+00,1.007831388490264102e+00,1.399967438011998855e+00,5.245491195945178653e+00,-1.019162862367009268e+02,1.153686295744899013e+02,9.371517288830176762e-01,1.465183484230392796e+00,1.079101226974338079e+00,-3.379104085518984135e+01,3.785918930709017416e-01,5.413393473249105625e+01,7.684670745276479531e-01,1.574005821906055980e+00,8.781828762962295976e-01
1.269840000000000302e+00,1.672359999999999847e+00,1.216199999999999948e+00,2.869502256013198416e+00,1.870148993065289478e+00,1.510739619606643602e-01,1.186523392811800637e+00,8.674575060309690500e-01,1.062111628532433016e+00,1.302882096512132604e+00,2.621492486341002959e+00,2.964234967360348527e+00,8.570109853111217424e-01,6.960996333765472333e-01,1.436445200770737562e+00,1.275716494507143528e+00,8.666962176039316734e-01,1.546725917037623965e+00,4.787319255127280293e+00,-1.013838426894537861e+02,1.143525763838316465e+02,1.061389497332567045e+00,1.405261262084473772e+00,1.201745082886971794e+00,-3.379084093595117366e+01,6.868663647964015073e-01,5.396896729889255084e+01,8.455802009686860243e-01,1.409517823833762451e+00,9.840477109701610825e-01
1.118000000000000327e+00,1.616439999999999877e+00,1.227199999999999847e+00,1.651373587694671352e+00,8.465308014422228133e-01,1.697302969323335020e+00,1.402692517573693731e+00,7.550867472854330131e-01,1.079595928048897591e+00,8.632850887124481343e-01,2.401520856457463715e+00,3.558350321603283906e+00,5.806839213844591230e-01,7.191931997750875549e-01,1.467988209250357334e+00,1.111897736390250246e+00,1.031033277136365944e+00,1.431760127738242794e+00,5.730753616790236649e+00,-1.017989775978158207e+02,1.147239429594108628e+02,8.548787843224692207e-01,1.459828408790213805e+00,1.158144222108385968e+00,-3.384113600698849922e+01,4.648404425714616206e-01,5.390307499790138479e+01,6.614716905754048915e-01,1.659677990683110727e+00,8.966353560782720500e-01
1.324360000000000426e+00,1.762880000000000003e+00,1.176119999999999832e+00,2.655965941878539738e+00,2.616096551988913887e+00,-7.257417602964224557e-01,1.163834522759421120e+00,8.019147568557914996e-01,1.223593410933981440e+00,1.058478064107159833e+00,2.415557446673942898e+00,3.438720281086272923e+00,8.687313805069827310e-01,6.306818104019630278e-01,1.532092503986786536e+00,1.330325518409207985e+00,8.082587766314167643e-01,1.579788953561694687e+00,4.737175996162099167e+00,-1.016602277503507707e+02,1.137658580622647264e+02,1.091084357381719050e+00,1.424804568588969422e+00,1.188746639577422659e+00,-3.352010752670967975e+01,4.642892748945918191e-01,5.456905223971447327e+01,8.510347684875069207e-01,1.450250482665224272e+00,9.155996937955992454e-01
1.227160000000000473e+00,1.681719999999999882e+00,1.186199999999999921e+00,2.170732810276030378e+00,1.611657565516226187e+00,3.537036059858074122e-01,1.312702516392438179e+00,8.021810934613546884e-01,1.230345800327587780e+00,8.537758085512427986e-01,2.668825689473681706e+00,3.660084127383727459e+00,6.942146057291874728e-01,6.619809493289947611e-01,1.540751670800247553e+00,1.215361372808910989e+00,9.166513233872166655e-01,1.528143392405012291e+00,5.247042671583098894e+00,-1.016424297938211652e+02,1.139183019377841219e+02,9.373146040558190117e-01,1.490311209822928529e+00,1.200940323584299696e+00,-3.366883114824850765e+01,3.865304534178379825e-01,5.444569956275655898e+01,7.080574518423756736e-01,1.609913429136058394e+00,9.018800802394449923e-01
1.132560000000000455e+00,1.717839999999999812e+00,1.224359999999999893e+00,1.180526143877072442e+00,6.495893565707164807e-01,1.996928564679714357e+00,1.536305171733863606e+00,7.568411244328644427e-01,1.207310278405194337e+00,7.760006163952701819e-01,2.747063534512677041e+00,3.510390712474507069e+00,5.522081993572034442e-01,7.036377004690698156e-01,1.542889158615178502e+00,1.126065248031907773e+00,9.866721382161248721e-01,1.510878564345008002e+00,5.354752250026764138e+00,-1.017943199060795223e+02,1.142329632162850146e+02,7.574440479271677962e-01,1.578064763678830307e+00,1.261874669920707959e+00,-3.384482537572731786e+01,2.475716872111896616e-01,5.431961333221108390e+01,5.581637718901396594e-01,1.778844817401376677e+00,8.619480189683191851e-01
1.303840000000000554e+00,1.799799999999999844e+00,1.194639999999999924e+00,2.404764597592481401e+00,1.551367019326338914e+00,-1.757323077638608400e-01,1.266917247181309270e+00,8.523515061312746388e-01,1.333346627452724364e+00,8.923129654958190660e-01,2.649380757125869845e+00,3.752751463397672627e+00,7.679986415332169525e-01,6.400886844438727907e-01,1.573890054755579637e+00,1.359147345124378070e+00,8.482749899131857285e-01,1.591645929774360591e+00,4.762609586122124483e+00,-1.015106987242156436e+02,1.127686261607700828e+02,1.077017833774552180e+00,1.500873024760208896e+00,1.289870779610304607e+00,-3.361176304602002318e+01,1.825622832167358989e-01,5.507161143809727122e+01,7.762291483361312139e-01,1.509465139786974053e+00,9.007777999196708851e-01
1.112520000000000620e+00,1.713079999999999936e+00,1.280519999999999881e+00,1.176255580559000258e+00,9.782918165698151203e-01,1.277975969983430549e+00,1.500114433561366756e+00,6.945350612178344818e-01,1.412269899432070597e+00,6.362269254504687721e-01,2.947431341227993329e+00,3.609812987114858984e+00,5.044894805842790042e-01,7.146413524308127263e-01,1.396500442956697396e+00,1.133535187844490810e+00,9.528401277686198156e-01,1.592785724566018191e+00,5.080104027218043328e+00,-1.019020985007775550e+02,1.132172337208213122e+02,8.185560974609384921e-01,1.658722692932622644e+00,1.234659962418916734e+00,-3.375167390507052545e+01,6.310067519809091363e-02,5.486034202223677880e+01,5.880617756949479968e-01,1.800855487745014472e+00,7.760689200413939393e-01
1.173600000000000643e+00,1.766239999999999810e+00,1.288319999999999910e+00,2.072762235556435684e+00,8.278052128392882070e-01,4.186189570276189764e-01,1.435313511999165126e+00,8.000389701486112504e-01,1.395570032880296463e+00,8.622329753220044912e-01,2.903379831280797685e+00,3.507339811797291595e+00,5.573538245371161270e-01,7.625076500029501769e-01,1.471207140211567177e+00,1.279605132675725843e+00,8.990943877176832411e-01,1.607114229511065417e+00,4.982493735217226494e+00,-1.017669762534279130e+02,1.127249689037455340e+02,9.940826148742651913e-01,1.594438780716649795e+00,1.270704663507673526e+00,-3.409142339811900513e+01,1.010854745352843947e-01,5.515661131660211680e+01,7.057602356508776431e-01,1.650778469679585081e+00,8.104608598698593847e-01
1.059480000000000643e+00,1.747479999999999922e+00,1.333599999999999897e+00,3.101349447823753547e-01,1.416416045955865455e+00,1.870939836179224880e+00,1.618858620073722943e+00,5.382597833777296170e-01,1.547146585461891322e+00,5.888064738205152082e-01,3.100772085733054517e+00,3.448210187512644964e+00,4.777488092891663540e-01,7.616588295546441456e-01,1.301953108388247848e+00,1.045620525911024723e+00,9.375062219214767012e-01,1.693776887579951929e+00,4.751122115449419425e+00,-1.022969083766010954e+02,1.135420465215272827e+02,7.128410752159350938e-01,1.582978067191386895e+00,1.316566000432519923e+00,-3.380534677282049216e+01,2.183545319086641068e-02,5.481999766781873262e+01,4.792891864743163977e-01,1.893723108420581669e+00,7.831247377151708822e-01
1.087000000000000632e+00,1.732159999999999922e+00,1.401759999999999895e+00,2.081785575992431525e+00,1.186094501272405566e-02,7.664613738564070022e-01,1.568441112108176716e+00,6.871387348276053464e-01,1.471322796277366729e+00,7.231211408256584816e-01,2.704030015851139890e+00,3.393665441906485114e+00,4.185774153891291260e-01,8.904472130021675591e-01,1.492426901557921237e+00,1.320317325942739428e+00,8.789931894455729200e-01,1.641482803813407720e+00,5.162278974842921642e+00,-1.022991796673053955e+02,1.127984152684238239e+02,1.096607137681549382e+00,1.435092609231712890e+00,1.301846663331500453e+00,-3.511791003848766479e+01,3.247875813067974821e-03,5.575967264300663118e+01,7.100992171745260650e-01,1.640368757634782071e+00,7.721328705548128335e-01
1.115760000000000529e+00,1.721479999999999899e+00,1.454119999999999857e+00,5.123589354814235275e-01,1.656729620874207498e+00,1.616205082002949212e+00,1.686583467350469157e+00,4.840146470600608652e-01,1.663926628500994820e+00,-1.910952257620723849e-03,3.349012289522642405e+00,3.607829212566778576e+00,4.421793407428683542e-01,7.819870369380816921e-01,1.469353962064090524e+00,1.191439907409207244e+00,9.279153498760844831e-01,1.740359573903631718e+00,2.375518917771059613e+00,-1.017353260988985113e+02,1.140661406730182819e+02,9.613748513566242604e-01,1.292882552992400402e+00,1.390572590505444461e+00,-3.451661418737903375e+01,1.998466555785397003e-01,5.541405806010173052e+01,5.723540116800367450e-01,1.709623522812299123e+00,8.415751924390737493e-01
1.099720000000000475e+00,1.657519999999999882e+00,1.481639999999999846e+00,3.880776741800748830e-01,1.505144446592635799e+00,1.985473840093857634e+00,1.712297898312249211e+00,4.475031082402308180e-01,1.583253054584215835e+00,-1.801643863148757888e-03,3.371173702756594892e+00,3.271178217326174753e+00,3.267960768920050163e-01,7.898912449844155415e-01,1.464793004288429623e+00,1.135488466041423727e+00,8.961420869401224287e-01,1.695746877043914802e+00,2.820316860612218868e+00,-1.017895556355411486e+02,1.139275248357536015e+02,1.092474645684530898e+00,1.249730201193739010e+00,1.372961359884816268e+00,-3.412148486764490229e+01,-1.072524397227238468e+00,5.815780776254793238e+01,7.040912682010855850e-01,1.588617841431908539e+00,8.233472230369650591e-01
1.181280000000000552e+00,1.547039999999999971e+00,1.340999999999999748e+00,1.110665662497873463e+00,1.680589761833823692e+00,8.011985793069134054e-01,1.583229100157091285e+00,4.880576836796070572e-01,1.675532572232672379e+00,-3.975568737541637643e-02,3.301442657028541561e+00,3.515765733223937151e+00,1.670637561083100076e-01,8.602475174433596994e-01,1.436402479371398311e+00,1.023495500644875600e+00,9.228949509961100750e-01,1.716632878777066606e+00,3.673490488868371262e+00,-1.011620174262591547e+02,1.143143972804866877e+02,1.277517712275242134e+00,1.155072979481428286e+00,1.359200339511018374e+00,-3.413934979252985613e+01,-1.725344188401291667e+00,6.030145364494151750e+01,8.387545525352213538e-01,1.461725376378028018e+00,8.049116226239894090e-01
1.239280000000000603e+00,1.537439999999999918e+00,1.343919999999999781e+00,1.857155850653536167e+00,1.795931664404574635e+00,3.481644867924615916e-01,1.716215571720965283e+00,5.060455452579061264e-01,1.814438530171995412e+00,2.679831158145917769e-01,3.745540318946183334e+00,3.531505961468897947e+00,2.877639366298500034e-01,8.998609622907625116e-01,1.384110324439568718e+00,9.529770628193258153e-01,9.382302849791304133e-01,1.826437736809266354e+00,3.490853864940248741e+00,-1.008421479054153309e+02,1.140648111766792283e+02,1.044771209828669223e+00,1.295296687022929660e+00,1.326619996760354026e+00,-3.422544496815072534e+01,-1.554020531634481728e+00,5.928362780736034665e+01,8.607757779016973476e-01,1.656458538732583863e+00,6.466144780979208306e-01
1.315400000000000569e+00,1.415239999999999831e+00,1.443039999999999878e+00,2.418616875829152857e+00,9.127250325863640601e-01,7.045032334724323775e-01,1.796985230855501880e+00,5.533450950132180468e-01,1.795050532668283516e+00,-8.269619550195206337e-02,4.124750203581540653e+00,3.546290220802339466e+00,3.115878591358561267e-01,9.400521513080438707e-01,1.273643538992957680e+00,8.301805079617565752e-01,9.791956744560199599e-01,1.900561218184770196e+00,3.542093477275804148e+00,-1.006359415365996455e+02,1.140506369969270395e+02,9.035243885228960714e-01,1.341073466713250451e+00,1.308550636348780660e+00,-3.424843776121809924e+01,-1.866423866242357121e+00,5.872877528874015951e+01,8.694792300146015895e-01,1.804090517678465400e+00,4.771290968483460349e-01
1.319480000000000652e+00,1.590839999999999810e+00,1.328039999999999887e+00,1.856158216747280099e+00,2.347121340890244934e+00,3.367402829581656043e-02,1.740824856475600813e+00,4.301385217038496966e-01,1.857721908990149773e+00,3.587692479633521891e-01,3.907346115805931497e+00,3.509361378709483503e+00,1.780247102034096807e-01,8.424147012786594724e-01,1.352912419425974733e+00,9.277297731001385994e-01,1.025751172657670240e+00,1.766821918192523766e+00,3.711458672280240734e+00,-1.004856583827715042e+02,1.140459393545359887e+02,1.008032264293483138e+00,1.202873486820031479e+00,1.466912253253248810e+00,-3.431423746545366527e+01,-1.875494089994384828e+00,5.876057626639467912e+01,7.964050697537875534e-01,1.671086487469048754e+00,6.504294045765331989e-01
1.369480000000000697e+00,1.371639999999999748e+00,1.325879999999999947e+00,2.290014510506218848e+00,3.245337841130062628e-01,1.245943277211554179e+00,1.871998264434252102e+00,5.602153963036236028e-01,1.705813056233454805e+00,-3.338153748135951338e-01,4.196270387409504643e+00,3.423869101033174100e+00,3.445580051943497590e-01,9.262113601107725414e-01,1.333500533667593357e+00,8.742404552305679255e-01,1.031914543194671907e+00,1.995582202191986232e+00,3.356495085159747926e+00,-1.008646104647190498e+02,1.138367830113889738e+02,8.545169781643177087e-01,1.329531178420190418e+00,1.347424280741428282e+00,-3.454724007216925230e+01,-1.908080203972057021e+00,5.885940598727949435e+01,8.703350379355005995e-01,1.801707149525438201e+00,2.594191141900877851e-01
1.429880000000000706e+00,1.540079999999999671e+00,1.200720000000000010e+00,1.777097205283276082e+00,2.354869960951654573e+00,-2.576343802155869334e-01,1.702323481555008122e+00,4.557296077675665469e-01,1.863219399505388729e+00,3.260157657261565367e-01,4.078283624200389035e+00,3.255267136645675130e+00,8.996027010698159909e-02,8.549974847231559538e-01,1.399457971255228639e+00,9.588091715326476638e-01,1.159822243733172664e+00,1.794922269365464063e+00,3.803019103026521908e+00,-9.799734034346610656e+01,1.139523999454711145e+02,1.168879986872244148e+00,1.060188981812380860e+00,1.475359676236346784e+00,-3.451341473832972895e+01,-1.924661387735609575e+00,5.874779579427333687e+01,8.177440209088782108e-01,1.452469032781221303e+00,4.794948933823472981e-01
1.322200000000000708e+00,1.516999999999999682e+00,1.198760000000000048e+00,1.375395551032380315e+00,1.054618345737038831e+00,1.135936217851797991e+00,1.859047216555032023e+00,5.266837206477748001e-01,1.737312399327416212e+00,7.846889150391499479e-01,3.863442588413100953e+00,3.713472001631326513e+00,1.848279408105310551e-01,9.184502735861110878e-01,1.312442432079143462e+00,9.046066516137342139e-01,1.200159467842582650e+00,1.775535128121829898e+00,3.762876150786752749e+00,-9.833464975187023072e+01,1.138887074497870060e+02,1.007700067822946188e+00,1.095767811409961823e+00,1.513277252897619718e+00,-3.481265924954261237e+01,-1.825033924705056432e+00,5.922886037228298051e+01,7.545343311721312007e-01,1.559544152290308627e+00,4.719428802083697194e-01
1.313840000000000785e+00,1.472959999999999603e+00,1.333839999999999915e+00,1.222517591825605709e+00,1.846164876576233960e-01,1.803529883579966242e+00,1.920919472336596101e+00,4.891500644754671057e-01,1.636699134878006667e+00,8.772653203759447349e-01,4.059755712544559358e+00,3.812303647685108210e+00,2.090792078980305835e-01,9.005419305477971870e-01,1.358105367915409589e+00,9.175923336770934746e-01,1.180415395626579711e+00,1.805214679401145217e+00,4.538892651802050260e+00,-1.001809548086681900e+02,1.139793933379434776e+02,9.645394624149240537e-01,9.577250440673303888e-01,1.514939235924040339e+00,-3.448811696675898730e+01,-1.801380090919276089e+00,5.949728600470267281e+01,7.905182176403411365e-01,1.582960013271998534e+00,4.008385869099072574e-01
1.369560000000000777e+00,1.534319999999999684e+00,1.263079999999999981e+00,1.490299597439454171e+00,1.006796037351227024e+00,1.389274602356882937e+00,1.901825636380469975e+00,6.485085977536246826e-01,1.819870724609269796e+00,3.540241784070806697e-01,4.917300431622010137e+00,3.852299603651061055e+00,2.727190457098653265e-01,1.046854194817514294e+00,1.353532029554980864e+00,9.837816400804099137e-01,1.104954033032776728e+00,1.898779182059977977e+00,-7.014140673660080871e+00,-8.140852132700247523e+01,1.144426090721731697e+02,1.027459945934399821e+00,9.696862483900089424e-01,1.491070791657995942e+00,-3.413851615971771736e+01,-1.672244178905776479e+00,5.907674882400306160e+01,8.473777140279832309e-01,1.532267280906026485e+00,3.904867737006290640e-01
1.348960000000000825e+00,1.502839999999999732e+00,1.360319999999999974e+00,1.066824447261686348e+00,1.251874809753310114e+00,1.598681255671144052e+00,1.891028120258824385e+00,6.116785979273563489e-01,1.899127583875423353e+00,2.494269117505202304e-01,5.301940318227230442e+00,3.806398381847837076e+00,2.716218234467502324e-01,1.024637618295907604e+00,1.293096771332877815e+00,9.135276347948645403e-01,1.179756107801385845e+00,1.806465932964148369e+00,-6.887135582680166124e+00,-8.200697505705218759e+01,1.143861380194500015e+02,9.196674246636763472e-01,9.357078345239214778e-01,1.592547872581138391e+00,-3.450494932577696261e+01,5.988920818315373040e-01,5.803573807816617602e+01,8.345254705763482939e-01,1.707668550320117662e+00,2.657646010325302455e-01
1.333480000000000887e+00,1.658399999999999874e+00,1.446679999999999966e+00,3.539510135670050905e-01,2.275565671980976923e+00,1.470616931682165118e+00,1.822501310202257807e+00,5.989612552946734780e-01,2.103132615497062208e+00,5.685837531163475678e-01,5.296059616265286429e+00,3.162028338010261841e+00,3.345071242357837704e-01,1.009236469618425724e+00,1.467451511142879639e+00,9.620135106212671650e-01,1.388629911701732222e+00,1.487563242099553928e+00,-5.522197862916358169e+00,-8.901807341432198939e+01,1.146998424844697979e+02,9.992269827373381208e-01,7.284108273607109441e-01,1.619812397340229859e+00,-3.410567148035266882e+01,1.214948357633378162e+00,5.748193669695087493e+01,9.020520791931730953e-01,1.497866856642150246e+00,3.836459438725049464e-01
1.360960000000000836e+00,1.569719999999999782e+00,1.434560000000000057e+00,5.491350890085821002e-01,2.505914239284560807e+00,1.000695657231012614e+00,1.783871691881061317e+00,6.806369027204486333e-01,2.232203679722427836e+00,6.713732236670491016e-01,5.113021492774938892e+00,2.959587894739135638e+00,2.998213324012487524e-01,1.079603856541027085e+00,1.522652352659072950e+00,8.352594302688094441e-01,1.329409878086842856e+00,1.465971019215001947e+00,-5.313417142868282816e+00,-8.871746136425636564e+01,1.148290488625752346e+02,1.007522472222715182e+00,6.737182960613553595e-01,1.724147658278884165e+00,-3.409208714967707721e+01,-6.347877177434677609e-01,5.959973270322189620e+01,9.386914212629482446e-01,1.380998160311156742e+00,4.472067525999777748e-01
1.483160000000000922e+00,1.423599999999999755e+00,1.470160000000000133e+00,9.694453594671371688e-01,1.546131503675046481e+00,1.045603148843474939e+00,1.906789456759006240e+00,7.324279036843350799e-01,2.060422896908609580e+00,5.232016310259698377e-01,4.556200371430072948e+00,3.138075532315409699e+00,2.999876778172355651e-01,1.135053435223702278e+00,1.444709566269852141e+00,5.360811822936841775e-01,1.364145302505515911e+00,1.584159524882307046e+00,-5.162066630749959195e+00,-8.883619296527159293e+01,1.153671608642908097e+02,1.227900747476034171e+00,6.902191110881307212e-01,1.675836558514018915e+00,-3.431977675780331083e+01,4.099416962623509963e-01,5.789328479847969788e+01,1.081440184210118671e+00,1.168643204646492073e+00,5.057921018200550733e-01
1.504880000000000884e+00,1.426559999999999828e+00,1.293880000000000141e+00,1.572046312045184191e+00,2.267837275147640330e+00,-5.053868533551790776e-01,1.762657746045980023e+00,7.919983857966030882e-01,2.319843834939778304e+00,9.678298207035812561e-01,4.203173704799492150e+00,2.762628323399670904e+00,1.994545087560578023e-01,1.234690315781579173e+00,1.688899006709739359e+00,5.218056902523231511e-01,1.326817543263297816e+00,1.529568423361141960e+00,-4.611287675555455934e+00,-8.860257959107275383e+01,1.152370536548641127e+02,1.163641747517860869e+00,5.880847412935612528e-01,1.778668242503447239e+00,-3.444552297292462839e+01,2.552900040729601527e-01,5.865360803991284655e+01,1.029684379100890279e+00,1.159051930007949371e+00,5.732819745536179568e-01
1.519920000000000826e+00,1.293599999999999861e+00,1.487840000000000273e+00,6.608039703539306808e-01,1.162163265301374704e+00,1.125627098830969786e+00,1.855057265702794611e+00,8.200683717233694381e-01,2.241157255659051550e+00,-9.280829479219832034e-02,4.094395352659056186e+00,3.298090595134947733e+00,3.179174980122218552e-01,1.331417164266872621e+00,1.430269008719609269e+00,2.821391971216546390e-01,1.273517252771839248e+00,1.630238911620145004e+00,-4.737192407045625053e+00,-8.852644679235636715e+01,1.156224025835900591e+02,1.452029776038354925e+00,5.522961550296552335e-01,1.790227164052996756e+00,-3.427446712044186228e+01,4.544992224118105106e-01,5.842105886761864042e+01,1.219103559257058933e+00,8.992149772428068566e-01,6.026126743937426644e-01
1.374720000000000830e+00,1.491359999999999797e+00,1.312800000000000189e+00,1.097617066005565967e+00,1.695586997589256129e+00,-1.153816492783099612e-02,1.750596115672191200e+00,7.419877695304207821e-01,2.397085745746078800e+00,5.361263033232710473e-01,3.766867611673065941e+00,2.680921130971104738e+00,2.952432354694671801e-01,1.293274980038939148e+00,1.676684620114246016e+00,5.218242163508487463e-01,1.315235226740927743e+00,1.576655169393059053e+00,-4.596839789310256386e+00,-8.871981971538957623e+01,1.152614159563532752e+02,1.173834911222212396e+00,7.067589842772669106e-01,1.852311543170900077e+00,-3.442501962131643722e+01,3.761206562076379600e-01,5.891750070421272767e+01,1.058888075737496548e+00,1.154423861786744832e+00,5.594022503967571724e-01
1.428320000000000700e+00,1.387119999999999909e+00,1.486920000000000242e+00,6.194401986164014273e-01,1.347334288384132384e+00,5.754746485716710769e-01,1.773506524680777297e+00,6.755647500761305935e-01,2.370764825395119679e+00,1.469644899887645462e-02,4.143581468712991267e+00,3.196030476036848533e+00,3.748162978573387205e-01,1.255028937241972287e+00,1.508607993994452334e+00,3.626468861786316111e-01,1.259629543657348361e+00,1.653852750448510767e+00,-4.552150932105003989e+00,-8.871478882743052452e+01,1.155338607049728950e+02,1.366862938101394143e+00,6.829992144916620100e-01,1.857520667896107147e+00,-3.468904601428786094e+01,5.146379206878493040e-01,5.868122939042210362e+01,1.200572590756581182e+00,9.675461992608180850e-01,6.104931820617220950e-01
1.264320000000000777e+00,1.549719999999999986e+00,1.360800000000000232e+00,1.474388057016374987e+00,1.635912935161128789e+00,-3.590149237372315394e-01,1.765557495323333725e+00,7.433562036626515379e-01,2.453054071430235794e+00,9.356071224236867101e-01,3.565876275650839311e+00,2.620701825020113951e+00,3.045674698962285154e-01,1.346018251880317429e+00,1.764760430693520288e+00,6.153268807414600250e-01,1.337946506189824136e+00,1.604401723295494575e+00,-4.561748908195346175e+00,-8.844013811580907714e+01,1.152181442520016930e+02,1.081290426416770645e+00,7.014329959591187880e-01,1.952641492727275052e+00,-3.447902158029486230e+01,4.853756486815278826e-01,5.909072821163650957e+01,9.916071575265982263e-01,1.203454177452716989e+00,5.455820347511325386e-01
1.385880000000000667e+00,1.394279999999999964e+00,1.582640000000000269e+00,4.126960664613994467e-01,1.331011807251709866e+00,5.403013860092407139e-01,1.722576037332103294e+00,5.796437402521903426e-01,2.519958493797567645e+00,-1.372878373249121209e-01,4.069869387661460891e+00,3.128800110005673041e+00,4.165980849775545725e-01,1.257347345037580943e+00,1.499211332757145687e+00,3.377309292434187982e-01,1.271086814314848379e+00,1.712228230936517104e+00,-4.432767689566460945e+00,-8.849665370942652487e+01,1.158241550008617793e+02,1.386369372234196984e+00,6.714435605334880819e-01,1.959800338774255524e+00,-3.434266052805915592e+01,4.671881022695271723e-01,5.851812473968688977e+01,1.229246501650025802e+00,9.127718192336624625e-01,5.924256957306460736e-01
1.206080000000000707e+00,1.556440000000000046e+00,1.455280000000000351e+00,1.103867412382434354e+00,1.357773971384862666e+00,-8.788764329806331155e-02,1.745310023326598792e+00,6.292950916740700507e-01,2.561642668923066690e+00,7.069181548819928329e-01,3.602393289991050462e+00,2.465578994551800740e+00,3.948094426573249827e-01,1.318547559167398520e+00,1.774412285118876609e+00,6.339894388433439110e-01,1.346773073860560777e+00,1.701713304413378536e+00,-4.509810502769235896e+00,-8.850196516975049121e+01,1.154978872909258172e+02,1.077602568359646185e+00,6.446141979230965990e-01,2.012023020648868066e+00,-3.433615006613414522e+01,4.863267442615667457e-01,5.893610296918313196e+01,9.971674224208472159e-01,1.192856088399561587e+00,5.049467843572064130e-01
1.360400000000000720e+00,1.397920000000000051e+00,1.627560000000000340e+00,6.762125693084366507e-01,1.350905000261042321e+00,-8.296606446195758933e-03,1.665752932402005282e+00,5.335721563874523676e-01,2.598545627149707826e+00,-2.102217886798783963e-01,3.938219558035280343e+00,3.232016628623398891e+00,4.679495819546450885e-01,1.249604144829819408e+00,1.532358337580141505e+00,4.092740707168579517e-01,1.259732374481729922e+00,1.770674884976345398e+00,-4.251366232000476586e+00,-8.864083946036029715e+01,1.158975761555950186e+02,1.329561907170862423e+00,6.274798967638270941e-01,1.930286860891418765e+00,-3.474823034713647019e+01,4.088230594449961397e-01,5.867365599609314586e+01,1.241642338476311780e+00,9.540742429760316057e-01,4.787255743132290964e-01
1.121360000000000579e+00,1.524120000000000141e+00,1.523600000000000287e+00,1.351269142982798099e+00,1.258065243799044941e+00,-1.297227913426061141e-01,1.765649114879159320e+00,6.449968457900615570e-01,2.596017571953568304e+00,1.108221965434096568e+00,3.007701731770761722e+00,2.345607615081878095e+00,4.704349786274740763e-01,1.362518285189935341e+00,1.760907431213400098e+00,6.898139901773825411e-01,1.334533848072493534e+00,1.756664859583672245e+00,-4.486382716816481597e+00,-8.839814714972092702e+01,1.156263387466584192e+02,1.057713776789417803e+00,6.036424067655875580e-01,2.032420604710630130e+00,-3.437936790677689203e+01,5.001488898460965116e-01,5.882942200497007690e+01,9.544066291464445850e-01,1.199031594424290192e+00,5.256547247634216768e-01
1.318680000000000518e+00,1.415000000000000258e+00,1.633160000000000167e+00,4.871101772082900849e-01,2.260756946420821478e+00,-6.464594698006441709e-01,1.600457626981827142e+00,4.517294821859952902e-01,2.747442144464296465e+00,2.234090712964635905e-01,3.511332966501927721e+00,2.913172558085745489e+00,5.281243822213161909e-01,1.208268084416438626e+00,1.537816889191455871e+00,4.772261865893469568e-01,1.206070050117135528e+00,1.828565713243621493e+00,-3.804591256251963483e+00,-8.878137063600529189e+01,1.162846284018192478e+02,1.290324025791874885e+00,6.058368035213399505e-01,1.977514895281961671e+00,-3.459471189904402166e+01,2.645041643612773274e-01,5.850524698361547138e+01,1.203703018357232146e+00,9.584304455990633187e-01,5.187995363472029942e-01
1.137280000000000513e+00,1.393160000000000176e+00,1.602120000000000211e+00,1.348866297617815624e+00,1.225848394317102130e+00,-1.552805862259823977e-01,1.758430026510375388e+00,6.262548517808558257e-01,2.562318455969438524e+00,1.341317647785435829e+00,3.027692181668379057e+00,2.561223291483996967e+00,6.091057855675420241e-01,1.295915746978805183e+00,1.711147168965567511e+00,7.369407492833681683e-01,1.200399991577479453e+00,1.949036668522868831e+00,-4.172628548173356045e+00,-8.844847522936255757e+01,1.159588541221901892e+02,1.034979266833643274e+00,6.081777627434388211e-01,2.016345496103103763e+00,-3.425066177172703874e+01,6.629749661437307484e-01,5.809233803515299144e+01,9.389350580017485903e-01,1.169268324475252196e+00,5.615992995510140640e-01
1.287520000000000664e+00,1.301520000000000232e+00,1.617640000000000189e+00,3.815677424775834048e-01,2.848651862522264100e+00,-1.308172043311019106e+00,1.546870105586141575e+00,4.998622641295448199e-01,2.795983419304648887e+00,5.679377364007359708e-01,3.566530303940496083e+00,2.959965793192647077e+00,6.445743438987410201e-01,1.168585132757915979e+00,1.532554508314792674e+00,5.216559438421055628e-01,1.102413531643701594e+00,1.997212835984616630e+00,-3.304527787082623291e+00,-8.991125431923170197e+01,1.169475504148977336e+02,1.229128907307504903e+00,5.775406128531577199e-01,1.971451341411190938e+00,-3.444007771883580915e+01,3.998316321977091192e-01,5.831182432338493271e+01,1.128171120559159135e+00,9.676547899560161703e-01,5.701635895993485414e-01
1.231320000000000636e+00,1.291520000000000223e+00,1.580880000000000285e+00,9.826879536105272983e-01,1.447963250606816743e+00,-3.301926953332658954e-01,1.644869100912487170e+00,7.313561981600031903e-01,2.571133153922572134e+00,2.949078972327174419e+00,3.343708123707347823e+00,2.909699362535678180e+00,7.127734328188295443e-01,1.305218519514654396e+00,1.601779800716795155e+00,7.035908481290393812e-01,1.100752588967626622e+00,2.112920978744387224e+00,-3.400538402586694708e+00,-8.938928519431560460e+01,1.166156329713475799e+02,1.061412058899282806e+00,5.596823719977828127e-01,2.052979472665320770e+00,-3.321421536489742010e+01,2.419763213816637226e-01,5.771515113556353072e+01,9.513111033605892164e-01,1.092598435352721165e+00,6.232524370370440270e-01
1.264960000000000750e+00,1.244320000000000315e+00,1.561360000000000303e+00,1.457120234755889809e-01,2.422762515794373073e+00,-1.065907003867553993e+00,1.426352295975863438e+00,7.639099586291310251e-01,2.697692974201888916e+00,1.618184338091695817e+00,3.173265059100549568e+00,3.682897520451714257e+00,7.753993445364886217e-01,1.322338181018658521e+00,1.619445281663418834e+00,4.747747671562171923e-01,1.030195287193696574e+00,2.188641853678636728e+00,-3.149360276464288066e+00,-9.024787950295483085e+01,1.168808218589433778e+02,1.020516608068925191e+00,6.019336454231389855e-01,2.073857039851775497e+00,-3.336163872757798998e+01,1.794987342396846541e-01,5.794050779334625645e+01,9.875764884029152313e-01,1.055039940604872273e+00,6.191984965352168579e-01
1.114880000000000759e+00,1.308320000000000372e+00,1.643480000000000274e+00,4.925718765225858831e-01,8.229095891755742187e-01,8.292891028641435902e-02,1.392671955082150470e+00,8.800331556532942079e-01,2.492988206023102116e+00,1.597116425652711724e+00,3.117500541915787071e+00,3.171724893843698823e+00,8.181230321964055863e-01,1.329176370610302138e+00,1.656822448557435434e+00,6.608600099870477473e-01,1.008979294265873294e+00,2.239208592939386566e+00,-3.498835869783353036e+00,-8.860418220703091663e+01,1.169311295137995899e+02,9.374290682077992543e-01,6.900709715404312883e-01,2.142691847723393828e+00,-3.307352823803919506e+01,2.317923863681453645e-02,5.785504222845089828e+01,8.385943854675775855e-01,1.158607072271674587e+00,6.679434764466102292e-01
1.132040000000000823e+00,1.384640000000000315e+00,1.575400000000000356e+00,-2.315086736004899337e-01,2.688109346449337078e+00,-1.197141234579000235e+00,1.342731881057636079e+00,8.709273320858709200e-01,2.718773305811340357e+00,1.631151824326999344e+00,2.928985183379755775e+00,3.303218729422925826e+00,9.742267557405147604e-01,1.357965917934729649e+00,1.600936950017770588e+00,5.656390259548256250e-01,1.000272983978261365e+00,2.361164565986366703e+00,-3.571820769406625296e+00,-8.937811463892519726e+01,1.170896504046678501e+02,9.311627611264882143e-01,8.389586308906312739e-01,2.139338539758187441e+00,-3.381314202552851356e+01,4.808219560818489946e-02,5.814777990659793971e+01,8.028183344289280265e-01,1.197223185795985412e+00,6.632842381312542557e-01
1.131680000000000907e+00,1.407440000000000246e+00,1.607800000000000340e+00,6.531550902257348135e-01,5.495765877913147968e-01,-4.374745979674710128e-02,1.533833715683880383e+00,8.993663698378007165e-01,2.463392847697492893e+00,4.682735316492442124e+00,3.070907290601978978e+00,2.738219359490245974e+00,7.141219039303502436e-01,1.410275713816210530e+00,1.817684047568877803e+00,6.424376849403199419e-01,1.046865185215122063e+00,2.250498356742369310e+00,-3.092195183315646911e+00,-8.757981526050119214e+01,1.168464849506089536e+02,9.067234053170732944e-01,8.059577395347627959e-01,2.135211449290718821e+00,6.844008831984541530e+01,-3.330410749407631954e+01,5.642969031017732817e+01,8.024446805575499164e-01,1.201557013259031192e+00,6.594448033227328088e-01
1.080920000000000991e+00,1.330840000000000245e+00,1.616040000000000365e+00,1.225620811456086034e+00,7.039550197993310610e-01,-1.892293082300860740e-01,1.619233029836644411e+00,1.081416199041373982e+00,2.549680718291292614e+00,4.973821888686082104e+00,2.828580192765894452e+00,2.683007043083930565e+00,6.613701331115580118e-01,1.520290494979784190e+00,1.845371726332524887e+00,6.687100938812700068e-01,1.004057050930201367e+00,2.241420028473642745e+00,-2.327421091680072163e+00,-8.738113352846218618e+01,1.166387145162737085e+02,7.928653809953941645e-01,8.694687124398086109e-01,2.183068164018813206e+00,6.840292719040260749e+01,-3.347402495793178190e+01,5.646189591567732435e+01,7.033111920474203194e-01,1.288910073080257845e+00,6.339618183041876298e-01
9.550800000000009282e-01,1.208040000000000225e+00,1.616640000000000299e+00,1.641003131915285129e+00,5.309757264663367282e-01,5.952973650910937664e-01,1.841943202727271078e+00,1.195364620750441809e+00,2.643214132231649582e+00,5.007672543369723783e+00,3.021772310791558169e+00,2.670735988474782108e+00,6.733611314513737733e-01,1.566819249253867730e+00,1.896136894718400967e+00,6.497174563948593384e-01,1.068088628170544174e+00,2.180508232393001400e+00,-2.331285197260936304e+00,-8.752593444453066240e+01,1.169045376335736108e+02,7.599981664974156947e-01,8.400005070148414132e-01,2.235453898235680192e+00,6.805453335320967767e+01,-3.392440751241261410e+01,5.676322404250347375e+01,6.657891518610713488e-01,1.259279568222657852e+00,7.227743889825862800e-01
8.335200000000009268e-01,1.215800000000000214e+00,1.607240000000000224e+00,1.223835169965902914e+00,2.500900243132552436e+00,-1.297370771996189109e-01,1.899170701804170580e+00,1.210367679842057287e+00,2.741860005808082867e+00,5.271472379004001674e+00,3.213730219122140852e+00,2.832020294295015894e+00,6.113764503431822206e-01,1.534221553869071997e+00,2.014702662260266841e+00,5.444144583817028815e-01,1.212645732976288304e+00,2.025321619748188695e+00,-2.058346533583056637e+00,-8.745440440501782575e+01,1.165380699022391866e+02,7.154893292916554293e-01,7.535968177248764110e-01,2.319884324918151997e+00,6.818348515115292230e+01,-3.461740268150262523e+01,5.655082712074078444e+01,6.160055099967070014e-01,1.232989356843769535e+00,8.360680114582932365e-01
7.928800000000009174e-01,1.065080000000000249e+00,1.541800000000000281e+00,2.556337835033525963e+00,-1.762105137894805384e+00,2.895108294719964448e+00,2.125002702287168255e+00,1.385248495951544090e+00,2.576285824016233850e+00,5.011749796646590482e+00,2.749458064705129878e+00,2.646364490404880865e+00,8.217185587536155467e-01,1.599485558802876684e+00,1.759010680306000829e+00,6.277108116605358834e-01,1.229383194940517399e+00,2.070175554583247202e+00,-2.206643833244894548e+00,-8.783712823794236613e+01,1.170221687533527017e+02,8.403485360505792423e-01,7.009770940752871882e-01,2.203355912905566427e+00,6.696219633885826283e+01,-3.625102720411454271e+01,5.859078416983744120e+01,7.320402241049858150e-01,1.146597050636706916e+00,8.033047342136993008e-01
7.420400000000009211e-01,9.505200000000002536e-01,1.579200000000000381e+00,2.572187364110376961e+00,-2.345564766390254352e+00,3.804698761998868584e+00,2.203733016193303307e+00,1.371900431734084380e+00,2.655417340299546236e+00,4.935640894185510774e+00,3.011010495921721652e+00,2.596913572052497621e+00,8.766062614861546143e-01,1.675918997478197170e+00,1.752924709459691810e+00,6.518155901013229503e-01,1.301440653993365393e+00,2.102856287013852299e+00,-1.666345493498171848e+00,-9.015583588931340842e+01,1.174616381169207386e+02,8.818030044178667426e-01,7.154061246487233294e-01,2.167794035995713742e+00,6.561263716443832550e+01,-3.543002646514432286e+01,5.957737028951546421e+01,7.595530020208780542e-01,1.123759547706962847e+00,7.908778708237752531e-01
6.160400000000009202e-01,8.505200000000002758e-01,1.496480000000000476e+00,3.413566586789428481e+00,-2.957235964665480665e+00,2.304567667590235125e+00,2.199341796172400443e+00,1.205433293369237324e+00,2.732618663506041656e+00,5.137330036037178971e+00,2.426710924087538856e+00,2.907984859586943749e+00,8.502789702123879634e-01,1.523102328989746956e+00,1.806542987590937566e+00,6.435173469971752214e-01,1.284619395364545946e+00,1.978528902183907645e+00,-2.016781223302943626e+00,-8.798201587360242115e+01,1.167600760375543274e+02,8.838848834440317104e-01,7.332999030356788239e-01,2.097965908083176956e+00,6.870619163264535700e+01,-3.518795793735218069e+01,5.657256422417394504e+01,8.352338045683272982e-01,1.116513949171374698e+00,7.353949069245804271e-01
6.053600000000008974e-01,8.428400000000002557e-01,1.409960000000000546e+00,1.307708394231397619e+00,-1.002139471418779237e+00,4.265267621543773480e+00,2.151867124279140953e+00,1.128453811959982067e+00,2.769913587059176230e+00,5.285446832804097106e+00,2.205620045838915022e+00,2.963393469257416868e+00,8.011827398815543066e-01,1.492523094245161497e+00,1.859898865707958260e+00,5.886349221736223436e-01,1.223035205638230538e+00,1.984827973902714371e+00,-2.235230727154221331e+00,-8.852146925704880687e+01,1.176392484638933809e+02,8.284432098475692507e-01,8.297738890811440227e-01,2.137828956905897915e+00,6.899872361825990197e+01,-3.517949362860618834e+01,5.649779416861239412e+01,7.831502148780125072e-01,1.233828454573367761e+00,7.117617414795293085e-01
7.138400000000009182e-01,8.110400000000002052e-01,1.301920000000000632e+00,-6.686486893130265230e+00,8.916809607592210085e+00,5.538081482682213341e+00,1.982378186245681517e+00,1.003864138297673403e+00,2.835203582535313238e+00,5.599837153618198116e+00,2.667140151824649585e-01,3.474637902611560136e+00,9.607513450181651704e-01,1.501774460371391839e+00,1.724371415264538854e+00,4.882840826069340112e-01,1.163305033317155290e+00,2.073229423292325180e+00,-8.033664340631987422e-01,-8.956322339264652044e+01,1.185938903103338760e+02,7.839628043618650510e-01,9.207162261063386310e-01,2.146616490000495592e+00,6.839755667626232594e+01,-3.415980024792391134e+01,5.591830193435701091e+01,7.673124468002728849e-01,1.317310849056273492e+00,6.759548901901019091e-01
7.530800000000008598e-01,6.882800000000002250e-01,1.152680000000000593e+00,-1.699124537719503181e+01,2.309679269970195747e+01,2.070402107415317605e+00,1.827635885163408025e+00,1.129084948374569963e+00,2.698780848531308507e+00,5.835424432719882759e+00,-4.862567174476525311e-01,3.602696338261909492e+00,7.647170034481158840e-01,1.586216234876073106e+00,1.770177027468367026e+00,5.233571269828638517e-01,1.096964577329910595e+00,2.066436924055158997e+00,-7.029609953817078649e-01,-8.942104206012150769e+01,1.188232554714031011e+02,7.299862269455176245e-01,8.551007590378587597e-01,2.172183247402899475e+00,6.822812303074493911e+01,-3.398972765032828391e+01,5.600515055903363759e+01,7.243595313937782887e-01,1.323307237872846320e+00,7.158636540633197543e-01
6.809600000000008979e-01,6.539200000000002788e-01,1.111320000000000530e+00,-3.247937455076032620e+01,3.481920818114942051e+01,9.051549515658859235e+00,1.792567473037204318e+00,1.175015899735057490e+00,2.687439006543648645e+00,6.419682521144884468e+00,-9.833559272757778080e-01,3.981876322005785340e+00,5.523055720028540172e-01,1.699103660466802834e+00,1.881592736152620571e+00,3.999747391981713918e-01,1.014265890359220990e+00,2.061607649385904573e+00,-3.250318291555970296e-01,-8.932576562310200075e+01,1.180852566102612400e+02,7.019305728198943495e-01,8.074594536930237432e-01,2.262641499453992289e+00,6.788641428667655475e+01,-3.762693704462288480e+01,5.726122399732792445e+01,6.374039990227802210e-01,1.318928663499535636e+00,7.975837294035590386e-01
5.973200000000009613e-01,6.677600000000002423e-01,1.150800000000000489e+00,-3.726077292321779311e+01,3.783952741080344140e+01,1.142662118045999797e+01,1.782013649941341926e+00,1.228147949240979697e+00,2.622053949098691383e+00,7.443444519068536103e+00,-1.474788927666997651e+00,3.452800489540801543e+00,7.610431897599662099e-01,1.650185374736213184e+00,1.781448803321203478e+00,4.188523342645611436e-01,8.907350755100461592e-01,2.138557000870314972e+00,1.656901121728763027e+00,-9.363426258320365037e+01,1.184596594561616172e+02,7.992890861098876920e-01,7.272587272432256000e-01,2.285012468817851250e+00,6.766440654114826714e+01,-3.755738773891581417e+01,5.711845466324287202e+01,7.173906024448077901e-01,1.224780753209154138e+00,8.337124576100866102e-01
5.492800000000009897e-01,6.358000000000002538e-01,1.092880000000000518e+00,-3.516540055654566288e+01,3.038163398326439690e+01,2.030357818347481569e+01,1.896069751126262526e+00,1.170220575795051898e+00,2.531709426754827241e+00,7.342349782630593680e+00,-5.208466016071324756e-01,2.665564501021212784e+00,6.955266344361717978e-01,1.657380195295038217e+00,1.778503153278959026e+00,3.803640033876468651e-01,8.967188146497703238e-01,2.207005218495908583e+00,-2.128299726351710319e+01,-9.018825803268681796e+01,1.176403432222568881e+02,7.533316003345676970e-01,7.838985908201081543e-01,2.298695232074671413e+00,6.760124626539399628e+01,-3.670671917163528519e+01,5.557294751759835805e+01,6.859854147427704163e-01,1.253292478353646322e+00,8.497836754775281998e-01
5.557200000000009910e-01,5.752800000000002356e-01,1.069120000000000514e+00,-2.754968654054710342e+01,1.547330907876434480e+01,2.923921782446593909e+01,1.803223018102531716e+00,1.172418833989699261e+00,2.532622271971341821e+00,7.575143483836723313e+00,-6.614340376068182925e-01,2.625164949957340177e+00,7.427661482688798777e-01,1.625900135752838649e+00,1.727105141784253339e+00,2.403743669007714356e-01,8.982408160658967855e-01,2.340785703597209721e+00,-1.780970879762496040e+01,-9.436556567549331476e+01,1.149020332097150430e+02,6.809950407457223687e-01,8.528257069368873067e-01,2.333925658361631683e+00,6.674017950360764928e+01,-3.647298181142220841e+01,5.561844953323088703e+01,5.909635982421055367e-01,1.353215185199454274e+00,8.554840592526058440e-01
4.768400000000009853e-01,6.714800000000002989e-01,1.064280000000000559e+00,-1.341696899692590605e+01,1.953485830869157169e+00,2.806372439353964410e+01,1.655157836616085065e+00,1.225538525825755842e+00,2.556735556851978064e+00,6.824411886757573598e+00,8.770890717904925582e-01,2.363007549906933846e+00,7.697911401184300839e-01,1.565444488730264538e+00,1.852523855149737164e+00,2.271861126808943643e-01,7.595546707534489572e-01,2.427712688925141027e+00,-1.802411884983072810e+01,-9.410139302209216794e+01,1.148652647072179604e+02,7.912257888383151805e-01,9.109583190437422484e-01,2.345693108975140717e+00,6.698520903601504983e+01,-3.786125089730315096e+01,5.588266518435496977e+01,6.123212360576716362e-01,1.354130131250087965e+00,7.769139484302066689e-01
3.580000000000009841e-01,6.178400000000002779e-01,1.111160000000000592e+00,-3.060114099974057567e+01,2.865922372618295810e+01,2.553411596348815849e+01,1.385474731575603080e+00,1.232138031402377321e+00,2.695888039929916324e+00,5.215868185446685956e+00,-4.020218982787863382e+00,3.900777667693351880e+00,8.991043979037364187e-01,1.636681483785685121e+00,1.822765570690853876e+00,1.991762601483688111e-01,6.760028822232599932e-01,2.499284729201688204e+00,-1.580617795365583866e+01,-9.118769369395256774e+01,1.134293977327981366e+02,9.009755445900867743e-01,9.145167168050574169e-01,2.343210236257082357e+00,6.776954862010570935e+01,-3.823454386277231265e+01,6.049502805951931350e+01,6.906413661975094875e-01,1.216035555544453750e+00,8.025615420350343809e-01
2.890800000000010028e-01,6.786000000000003141e-01,1.166080000000000672e+00,-2.299922560164394980e+01,1.350873562574303932e+01,2.897779614021473549e+01,1.304279330864648756e+00,1.430084403666952220e+00,2.561277146669363347e+00,-2.604675526822473941e+00,6.765921018657630626e+00,3.706865999011420332e+00,7.638759555743521723e-01,1.633566775609118338e+00,2.134068007335878647e+00,8.354193371442726612e-02,7.578551409345141154e-01,2.518498524304639385e+00,-1.028010408509581453e+01,-9.781684476564245756e+01,1.093244654377173930e+02,8.134272899254463285e-01,9.875409517908941837e-01,2.173202178575661669e+00,6.872054075902914860e+01,-4.166951323047200617e+01,6.042480054203918627e+01,6.965676757573400213e-01,1.348334169818110384e+00,6.165402547507889963e-01
2.461200000000010046e-01,6.299600000000002975e-01,1.093640000000000612e+00,-4.474648732446503629e+01,5.398434990973558456e+01,4.887802870590447668e+01,1.450988890457475700e+00,1.392348433929417206e+00,2.393657205703735080e+00,-2.189209441079228657e+00,7.140230577014064828e+00,3.796661406552895190e+00,8.695381320576212048e-01,1.503255844879395120e+00,1.901060323443006350e+00,5.975859698927520752e-02,9.401679051519615804e-01,2.553857613323452735e+00,-8.823002715773215598e+00,-1.002296773441399864e+02,1.096115856248291749e+02,6.314470974930928016e-01,1.163156112223465044e+00,2.214168406472181605e+00,6.604685012451437842e+01,-4.204424256950294136e+01,6.184022199250224361e+01,6.252057891723381555e-01,1.519141615820737368e+00,5.308885525243041137e-01
2.242400000000009941e-01,6.030400000000002425e-01,9.989600000000006252e-01,-5.640874855996980841e+01,6.589325349658659547e+01,8.376586997140289270e+01,1.497626144533314108e+00,1.521601279876792390e+00,2.313369588160849144e+00,-1.715802816006076981e+00,1.132579537570557981e+01,3.661535814632390640e+00,8.375183464999886862e-01,1.549115113201123606e+00,1.937381084702876288e+00,3.717408553147804467e-02,1.004627332493884362e+00,2.585379612614976619e+00,-9.770973447997157280e+00,-1.004917483847101067e+02,1.093314727757955609e+02,5.713261868067026628e-01,1.116197683748542557e+00,2.198833965224925802e+00,6.591738681724422122e+01,-4.187239898593623622e+01,6.214919746743456841e+01,6.025757186988813796e-01,1.534375197559502135e+00,5.458948317545918583e-01
1.272000000000009790e-01,5.469600000000002238e-01,1.143880000000000674e+00,-7.953840967501287196e+01,1.531174493166292336e+02,3.342577722507063953e+01,1.099817126966691205e+00,1.373479653269595202e+00,2.442556855112774539e+00,8.716457232518774134e+00,4.593706023643947134e+01,3.533752531970236088e+00,8.003907112253046963e-01,1.376826602810257816e+00,2.216858700502991386e+00,6.237924286815101776e-02,9.941761481273591050e-01,2.541160565348602240e+00,-1.010929347947453572e+01,-1.020364245749826466e+02,1.092484844861996010e+02,4.347723347355393342e-01,1.083503817709130068e+00,2.316732794664674966e+00,6.602517804078438246e+01,-4.192213391656339638e+01,6.198217899408462728e+01,4.355096912921521124e-01,1.615771935265177817e+00,6.934359820275662889e-01
1.651200000000009882e-01,4.503600000000002046e-01,1.002600000000000602e+00,-1.262132528489858885e+02,5.784131165377978050e+02,-4.564308095791724895e+02,9.915412004343018282e-01,1.543081196389828769e+00,2.296783827893737584e+00,7.543400571246164255e+00,5.023122505641270408e+01,3.416099138523378098e+00,6.853447835969299629e-01,1.411054455073500691e+00,2.342087020856880919e+00,5.501330943554330610e-02,9.710483345883591522e-01,2.754913030341678226e+00,-6.595029446814298701e+00,-1.041911978894191435e+02,1.116833882717474751e+02,3.752445225922572680e-01,1.129144901469207651e+00,2.351686774965476623e+00,6.623765513408390859e+01,-4.037522589063889455e+01,6.145300086701234221e+01,3.571554780809794716e-01,1.756702498673180290e+00,6.144423273281115483e-01
1.529600000000009841e-01,4.962400000000001810e-01,9.884400000000006514e-01,-3.948315046111932816e+02,1.377222819747453741e+03,-5.683954818731812111e+02,7.646548625678215583e-01,2.048023178012184253e+00,2.252593958891718984e+00,7.242883986876546665e+00,3.272129616763375282e+01,6.404664377199054570e+00,7.522158693655994766e-01,1.864353476086678452e+00,2.227897592171630858e+00,6.216904593616671276e-02,8.582678937811024644e-01,2.763794508155621887e+00,-2.707038230457509442e+01,-2.050693051017758251e+01,1.111488740929450785e+02,3.389143603290068474e-01,1.107690426960662444e+00,2.362658962708477528e+00,6.671362232731952702e+01,-4.172524405440689321e+01,6.144323216489667772e+01,3.646748913087914379e-01,1.807535007886994283e+00,5.761304669315172600e-01
2.238800000000009671e-01,4.163200000000001899e-01,9.199200000000006261e-01,-5.882906576990866370e+02,2.171398814526620299e+03,-8.762308524096312112e+02,1.395004985168428746e+00,1.934918608392124817e+00,2.345186319762637250e+00,8.400279355437973550e+00,3.014719757332618144e+01,6.350712384077294992e+00,1.198238848026080161e+00,1.857659167763169972e+00,2.366136596940357162e+00,1.142162858604873488e-01,7.528633195216033469e-01,2.891701852634069869e+00,-2.631749492773600707e+01,-2.114126030161308734e+01,1.133684756352240015e+02,8.099000148277878397e-01,1.291076372438051401e+00,2.186217554038151878e+00,6.753543147933956448e+01,-3.799735706837783766e+01,6.153147834548985173e+01,5.679060305584127111e-01,1.831591026818025991e+00,4.278719353269654357e-01
2.009600000000009712e-01,3.804800000000002069e-01,9.046800000000005948e-01,-5.800229638153305132e+02,2.108490299796044837e+03,-7.781368506539874943e+02,1.630133358362271689e+00,2.012009250578901565e+00,2.175798447322737861e+00,8.189055478770772112e+00,2.983966876784039357e+01,6.367299286407845926e+00,1.550847941040450761e+00,1.932141133931753574e+00,2.086048020705197015e+00,8.465342707939971234e-02,7.327765843551362623e-01,2.952086706789389670e+00,-2.731243377063026756e+01,-1.337261851486036335e+01,1.145493428174657708e+02,7.794085392376152166e-01,1.176082861940045410e+00,2.341658121913425372e+00,6.742920479566211611e+01,-4.510661177418458578e+01,6.259545263572104545e+01,5.825712737101989003e-01,1.761110810458417442e+00,5.824506514297440596e-01
1.458800000000009534e-01,3.546400000000002328e-01,8.640400000000005853e-01,-5.836185091040595125e+02,2.068281170625498817e+03,-6.583454098517316879e+02,1.138627542463222841e+00,2.294385979551681665e+00,1.866540201254476061e+00,7.510894432974747126e+00,2.888179322108882019e+01,6.749538884001291095e+00,1.183123939327672458e+00,1.882064920371959049e+00,2.058429834442705886e+00,1.459361785107488041e-02,6.701132011467300087e-01,2.947176414028761737e+00,-2.917217940753170069e+01,-8.047360646174038123e+00,1.229151399779260316e+02,7.864033453446105382e-01,1.024163313719814061e+00,2.492492074978500227e+00,6.737479108654571291e+01,-4.475672645231604463e+01,6.234706451907847935e+01,5.108460676700561365e-01,1.691859875061717089e+00,7.703061642963195954e-01
2.039600000000009739e-01,4.220400000000002483e-01,8.164000000000005697e-01,-5.594043971418689125e+02,2.095260550825767496e+03,-8.698471354054782978e+02,1.795586434887328942e+00,2.284809979944575353e+00,1.781168292366872352e+00,1.381374433510477218e+01,2.909327762510697468e+01,5.977166273552792397e+00,1.461994540753090988e+00,1.844658365990957893e+00,2.058634381307578476e+00,-3.729604205382455739e-02,6.316336631420068626e-01,2.968030318535367584e+00,-3.836229197934906665e+01,-4.294722784155727027e+02,2.462808813171607767e+02,6.666942435360873054e-01,9.465110069298527939e-01,2.590519788753491426e+00,6.848168334100192567e+01,-4.545431921543233500e+01,6.214008905076524769e+01,3.822558761297064622e-01,1.649097573009036477e+00,8.791703357334387237e-01
1.992400000000009719e-01,4.610800000000002674e-01,7.712800000000005207e-01,-6.064281732001459204e+02,2.162030282400228771e+03,-8.084671630835767928e+02,1.783515059262914093e+00,2.309550090222057595e+00,1.715156131668866379e+00,1.434496033685142713e+01,2.895642095179969289e+01,5.916172458359851838e+00,1.368504227370892057e+00,1.794006603284223011e+00,2.156459819047786386e+00,-6.143317862561226833e-02,5.910153158183555355e-01,2.962726626253083584e+00,-3.847337531153545598e+01,-4.290729307747171219e+02,2.485164594976345427e+02,6.096953557384237055e-01,9.322617125705207064e-01,2.574136357083038451e+00,6.892200785533674434e+01,-4.953639704168571711e+01,6.230500282085915131e+01,3.560072687431499183e-01,1.633987648351968636e+00,9.087295378369135701e-01
2.391200000000009707e-01,4.098400000000002597e-01,7.556800000000005735e-01,-7.480706357423629242e+02,2.483269107783127765e+03,-7.756051070933531264e+02,2.044566285344657341e+00,2.102323996879112755e+00,1.735059910088401214e+00,1.449036566792563185e+01,2.870989213043353061e+01,6.246736291803324903e+00,1.395753201486418460e+00,1.943458664885311604e+00,2.159027249723322495e+00,-5.930644340050419960e-02,5.250051300058190540e-01,2.937421217230806292e+00,-3.811846640047469492e+01,-4.278614615058461936e+02,2.482970988943278030e+02,6.381379979399768310e-01,9.031821598627491898e-01,2.542636133259299935e+00,6.888047068641799342e+01,-4.819169011728438079e+01,6.142897142065435645e+01,3.725235395760984614e-01,1.594927530014883521e+00,9.629832685654441393e-01
2.434800000000009734e-01,3.700800000000002421e-01,7.338000000000005629e-01,-7.162373349227767676e+02,2.431318577365785586e+03,-7.816967922563103457e+02,1.982812159625498838e+00,2.040335571512368773e+00,1.695079810543979271e+00,1.383615263681186924e+01,3.680779403007435491e+01,6.058952148735454735e+00,1.344051634977627918e+00,1.837681117447699020e+00,2.172799097637088561e+00,-6.558278212469877133e-02,4.910846601148788348e-01,2.974447955176308778e+00,-3.817024123624040044e+01,-4.302688036037509960e+02,2.478761533712572316e+02,5.580081622143948650e-01,8.441029627433502824e-01,2.558995040716104619e+00,6.759643931836804143e+01,-4.815506850549257933e+01,6.180032177056797593e+01,3.306624202448504302e-01,1.536683431394872068e+00,1.041447716302360993e+00
2.433200000000009799e-01,3.841200000000002390e-01,6.741200000000006076e-01,-7.736549979268344259e+02,2.564724524628494237e+03,-8.800612476316872517e+02,2.064197895422351881e+00,1.667475191944813417e+00,1.710926106753658971e+00,1.328445350422802740e+01,9.384741472504836679e+01,3.374850733907419631e+00,1.572945796154710862e+00,1.414737154382482931e+00,2.222125421828668124e+00,-5.832997504021537882e-02,3.548076783601725737e-01,3.074471568586351733e+00,-3.909202983117930330e+01,-3.734259150567713732e+02,2.080219115772492842e+02,7.336204158406091080e-01,8.428607197008198826e-01,2.555055692746037721e+00,6.827509477770136925e+01,-2.889790789534808368e+01,6.013911640942142611e+01,3.512492962122826801e-01,1.517363304614199437e+00,1.046065725562228765e+00
4.276000000000099166e-02,4.500400000000002176e-01,7.580400000000006022e-01,-6.337487004874915328e+02,2.287409692375813847e+03,-7.781474703463743481e+02,2.376905474227157811e+00,1.666057742081426651e+00,1.763120069493269382e+00,5.275354168028311364e+00,9.080004045815383051e+01,4.628963215643242535e+00,1.777318569021363981e+00,1.433381578395303890e+00,2.074909716788107428e+00,4.658988378548400977e-02,2.625341513587755582e-01,3.018868611538870095e+00,-3.971461682812284266e+01,-3.783943664351703546e+02,2.050771817395521737e+02,7.784777784073599882e-01,7.888313740264647489e-01,2.534318553337460589e+00,7.149792592343509057e+01,-3.205246661688642718e+01,6.079449145979211266e+01,3.660667290294342124e-01,1.520945461856368031e+00,1.020116778378187261e+00
8.280000000000987959e-03,4.157200000000002005e-01,7.628400000000006287e-01,-5.369848239418550975e+02,2.265437016034461521e+03,-2.489366469951850377e+03,2.372522930560326593e+00,1.678733335558349804e+00,1.733040906303199513e+00,6.321198424908189395e+00,9.234264223680659711e+01,6.758545568305147633e+00,1.820915955593014335e+00,1.513166563329259029e+00,2.009569136293771319e+00,6.495207247607520662e-03,1.976489387750873516e-01,3.031348680581463118e+00,-4.209665967798044051e+01,-3.754842629110215739e+02,2.055008832065440174e+02,6.587125315139339410e-01,7.687426781912405360e-01,2.491713248006271808e+00,7.019032364601687846e+01,-3.472169828151426429e+01,6.183093589966231463e+01,3.335417761402253989e-01,1.531408757766818285e+00,1.065877600398475789e+00
-5.135999999999901061e-02,3.333600000000002117e-01,7.448000000000006837e-01,-2.483619473851348630e+03,-7.083325802098764689e+04,3.249457277464458602e+05,2.307929421968796468e+00,1.880557957438863781e+00,1.529439036272151275e+00,7.867288312968154784e+00,9.221957334544877938e+01,6.760835375151931892e+00,1.873894977492110980e+00,1.523714820758951927e+00,1.985456377686149798e+00,-7.297883033041542566e-02,2.855093560820903265e-01,3.020807153539500689e+00,-4.213472525661525481e+01,-3.738904236841677857e+02,2.053219929454343458e+02,8.044156873295906784e-01,9.421925939518441817e-01,2.338036436518394101e+00,7.087759750278787862e+01,-3.435527667341892055e+01,6.191032661105087698e+01,4.869292087661403756e-01,1.693233338228293583e+00,8.149096159736917144e-01
4.364000000000099050e-02,2.424000000000002264e-01,7.700000000000006839e-01,-2.490912518258777254e+03,-7.044463087937459932e+04,3.234071071066824952e+05,2.494657983519380728e+00,2.227431833952617346e+00,1.120833167516913420e+00,5.703446554036159633e+00,9.360865060801862114e+01,6.889635007325597194e+00,1.722152691034066985e+00,1.248082193001995854e+00,2.618188064995615072e+00,-1.979593068396877098e-01,4.131318409224897237e-01,3.032196022213342612e+00,-1.997822878759820853e+01,-4.260278385242110630e+02,1.743400216262942877e+02,1.109499492805376741e+00,1.288059795098592364e+00,1.761072978534645506e+00,7.163250988637521743e+01,-3.531343617755264574e+01,6.193812509082497542e+01,8.121747773028900053e-01,1.709639434072132591e+00,3.055451299114052555e-01
-1.787999999999902168e-02,3.145600000000002283e-01,6.400800000000006484e-01,-2.629061436251332907e+03,-6.726178895768366056e+04,3.154544437950064312e+05,2.368318556740087288e+00,2.037216119252050817e+00,1.408137583313126218e+00,-3.298797780117317835e+00,9.837943411866618248e+01,7.134460291027691525e+00,1.980368629958726201e+00,9.845477446747525896e-01,2.982770883396300032e+00,-9.535334291102399995e-02,5.175959781104325641e-01,2.982259871423410313e+00,-2.149239607152786391e+01,-4.145090327464838538e+02,1.721054307062840394e+02,1.064742706810151374e+00,1.321053246002027670e+00,1.678135744538510776e+00,7.161518850513498080e+01,-3.310041958597227563e+01,6.248487849879310829e+01,7.939778608289153050e-01,1.762458098904849058e+00,2.566808464497981057e-01
-4.839999999999901326e-02,1.227600000000002023e-01,5.448400000000006571e-01,-2.630903610057655442e+03,-4.446266619802096102e+04,2.702309956618479337e+05,1.866470558888185138e+00,2.707132977134011576e+00,1.529068892632776677e+00,3.059151283417280709e+00,9.826304433208552780e+01,8.170843966591785801e+00,2.211875710715162757e+00,1.099009779692650568e+00,3.020422639729563485e+00,3.213386873965219659e-02,6.326498703011878000e-01,3.055677160001428305e+00,-2.165875790626822095e+01,-4.096729481736153389e+02,1.768084551213608222e+02,1.310466526975245793e+00,1.286682211067621040e+00,1.531246302286440875e+00,5.547020446512102865e+01,-3.347538204654584604e+01,9.193326898241633671e+01,1.121414090476024139e+00,1.407101002424788083e+00,1.173144531975130744e-01
3.984000000000098574e-02,2.424800000000001954e-01,7.492800000000006122e-01,-2.633924634403073014e+03,-5.105481279143652500e+04,3.006902845241448376e+05,1.596771643816292885e+00,2.877435448584447553e+00,1.494251058887665407e+00,-4.495915678823805273e-01,8.644779637504048253e+01,8.420756010788123191e+00,2.455381134201810145e+00,1.185815040898248407e+00,3.111828494500305187e+00,-1.429647683470623987e-01,4.839938111939715570e-01,3.064847044377517982e+00,-2.143445322676197407e+01,-5.475529699840681133e+02,1.847410288174440041e+02,1.664700491922379566e+00,1.270905809893077221e+00,1.211930897256611628e+00,5.450019830498295192e+01,-3.582205337993060823e+01,9.273916013775210843e+01,1.215954167251898976e+00,1.389461416631678770e+00,2.515783385809072792e-02
5.700000000000098044e-02,1.862000000000001987e-01,7.170400000000005658e-01,-1.670330541595596515e+03,-5.573084624607541627e+04,2.964861500390250003e+05,5.484977281987575282e-01,2.683526277617325650e+00,1.663151642516474960e+00,-1.045530349632512346e+00,7.013450637169464130e+01,9.963619904131515881e+00,2.580005206934940176e+00,9.076850652816035314e-01,3.369681099093136289e+00,-7.867602458609582183e-02,4.843513511575318065e-01,3.000655591762329877e+00,-2.179507236631434708e+01,-5.656332785999217094e+02,1.843439213009493471e+02,1.309527517050736778e+00,1.432076717948722822e+00,1.329169135383368561e+00,5.388428316133042273e+01,-3.553969724662394469e+01,9.385237344422516514e+01,1.074166147259695947e+00,1.609070659942532400e+00,-6.808118120994376132e-03
1.047600000000009912e-01,8.216000000000019121e-02,6.426000000000006152e-01,-1.398246942014153865e+04,-1.447347401844005799e+04,2.929259736393233761e+05,2.290223557023612244e+00,2.843653375636230329e+00,1.713795657670741379e+00,-1.567021818027337421e+00,7.538605536587974143e+01,9.475626869493220639e+00,3.257170496160796347e+00,1.140413198412689511e+00,2.780775512529059856e+00,-8.945695222614746811e-02,5.093502011409379859e-01,3.020875473950342283e+00,-2.215790645670080039e+01,-6.982153850827211272e+02,1.962098271474147566e+02,1.078787929340601748e+00,1.502196591568739414e+00,1.479723263241209175e+00,5.390696844705391300e+01,-3.458869607591056194e+01,9.524040046719946417e+01,7.742191066389298992e-01,1.959089798405879712e+00,3.695273450023719986e-02
2.866400000000010051e-01,8.708000000000018503e-02,4.922800000000006060e-01,-3.587468583297818259e+04,2.399267129494142864e+03,2.957589927788029891e+05,4.575386173337369300e+00,2.443109422991518898e+00,2.132689745594650077e+00,6.567370490145568951e+00,8.185856535101405029e+01,7.098346897911788744e+00,8.668573630162050847e-01,2.751301591481693620e+00,3.610083474338091847e+00,-1.249514784497179343e-01,5.498579365668644359e-01,3.134115853456694634e+00,-2.045836640088084479e+01,-8.465413036355790609e+03,1.116484347421035181e+03,1.302329908678748538e+00,1.421377983834434255e+00,1.492402472135221148e+00,5.413332032083471290e+01,-3.593162123148159282e+01,9.427548797262927849e+01,7.534494582636775961e-01,1.860155549635936767e+00,1.751948166430786769e-01
1.968800000000009987e-01,-2.319999999999822204e-03,4.082800000000005869e-01,-3.456367429849388282e+04,3.859759895013457935e+02,3.050635555196290370e+05,4.466385678074011878e+00,3.214867371128196982e+00,2.358240343896054636e+00,6.533530927640986086e+00,8.625964960825535854e+01,7.810750697545338461e+00,7.799644753098685657e-01,3.452407759922740293e+00,3.857645991045117739e+00,-2.838580290493442071e-01,5.228171460010264671e-01,3.221797165958947939e+00,-2.126278702644277274e+01,-8.163703815520812896e+03,9.486819321488060268e+02,1.562435714433015654e+00,1.573294835859043728e+00,1.099988418436047777e+00,5.398665701437354159e+01,-2.322320375405541881e+01,9.337478687943918487e+01,1.004224105201703798e+00,1.950017728565683006e+00,4.214093179347383478e-02
2.264400000000010016e-01,1.163600000000001855e-01,3.734800000000005893e-01,4.418217551137694158e+06,3.697063459585974670e+02,-9.174137693821482360e+06,3.511051177034436144e+00,2.225929947465898895e+00,3.220053791657414344e+00,3.544807836244648236e+00,2.074149335844319921e+02,7.721684192505177791e+00,1.913094222192921912e+00,3.245110082217043335e+00,3.504799246047933359e+00,-2.252348622619412266e-01,4.539552234633537631e-01,3.268246185533534742e+00,-2.148140237060458091e+01,-8.161010017930751928e+03,9.595961978047344019e+02,1.401638116034755521e+00,1.547807705461911265e+00,9.796041329900547767e-01,5.415581904671620350e+01,-2.189881744327941959e+01,9.338775360835778372e+01,9.648813465054644212e-01,2.027297756614721447e+00,-5.037640841454110729e-03
2.788800000000010160e-01,1.110400000000001941e-01,3.546800000000006059e-01,4.423037457963320427e+06,-1.150702528762783686e+03,-9.177284704821854830e+06,3.458191857536853320e+00,2.264641541621780885e+00,3.106405114989178262e+00,2.175780497983678785e+00,2.203042009402352051e+02,8.268245671710838351e+00,1.804933543012379182e+00,3.139678011463312490e+00,3.451418632107845053e+00,-2.798864663615068804e-01,5.319628424709552661e-01,3.304012034488474470e+00,-2.099691068356972323e+01,-8.197385242738808302e+03,9.649870208728289072e+02,1.326818972209546255e+00,1.744425124809360739e+00,8.809044905113676549e-01,5.409311113152102735e+01,-2.205580168852394252e+01,9.373524044392178212e+01,9.878560070722188780e-01,2.197559277370356057e+00,-1.887465259746193003e-01
4.267200000000009874e-01,2.872000000000017594e-02,3.660000000000006026e-01,4.420435291982798837e+06,-4.146864535849704225e+03,-9.164327768531261012e+06,3.303700995372707006e+00,2.041426487398176448e+00,3.196854452600790708e+00,5.672966943273056728e+00,1.910162549678453843e+02,2.077706767158957391e+01,1.634501429947085249e+00,3.162321917846570241e+00,3.507286374719388977e+00,-3.919710835599050092e-01,5.033949454360778786e-01,3.302452763674864844e+00,-2.021469638697652726e+01,-8.191443717620868483e+03,9.661673699106124786e+02,1.389608028753537061e+00,2.005054802815871451e+00,6.926391382134863273e-01,6.122341848146221821e+01,-2.506630992124830470e+01,9.271894826784088650e+01,1.215129325296896212e+00,2.455052830164171418e+00,-5.071800480089021512e-01
4.354800000000009774e-01,-1.100799999999998308e-01,3.409600000000005959e-01,4.419057592866601422e+06,-4.046809866655239603e+03,-9.164401885684197769e+06,3.298298828862559873e+00,3.632059616693846138e+00,3.119049842562967356e+00,1.469920689000239804e+02,-1.353943047048461267e+03,-5.251181846257088637e+02,1.616784065353463751e+00,3.716116773299244613e+00,3.420298339054710812e+00,-3.643687975543576374e-01,5.402386091202469043e-01,3.294874505645732032e+00,-2.016644804032262073e+01,-8.192013264491186419e+03,9.643571760104773603e+02,1.311500825911034340e+00,2.011005068031419540e+00,8.543523084251160027e-01,6.035191210733475486e+01,-2.312563328991771527e+01,9.321216844111535238e+01,1.185193756117788988e+00,2.462618444666930806e+00,-3.959848190568610038e-01
3.926000000000009482e-01,-6.111999999999983418e-02,2.555200000000005800e-01,4.419811529285615310e+06,-4.031460047182842118e+03,-9.165042186862841249e+06,2.928254325334439301e+00,4.036921909039134171e+00,3.260081450034295614e+00,1.463264024152248055e+02,-1.304160400223197485e+03,-5.521866804311408714e+02,1.483721542132553806e+00,3.483692158790836046e+00,3.456792492628897318e+00,-1.941270682074953957e-01,7.322686318161860664e-01,3.206094969263621142e+00,-1.795012488733012290e+01,-8.194425141643119787e+03,9.567502253936160059e+02,1.169107798047263946e+00,2.109769049925008577e+00,1.229957947169625587e+00,6.144385870887555967e+01,-2.110944089159664827e+01,9.339493033295356383e+01,1.141560559252446261e+00,2.594429098415437007e+00,-4.843909969534923032e-01
