1.026999999999999913e+00,9.763199999999999656e-01,9.780400000000000205e-01,9.921999999999999709e-01,1.010000000000000009e+00,1.001719999999999944e+00,1.005160000000000053e+00,1.014040000000000052e+00,1.016839999999999966e+00,1.026799999999999935e+00,1.045560000000000045e+00,1.059679999999999955e+00,1.042737108065271423e+00,9.875666265633907814e-01,9.763337836826554428e-01,9.539530555145777635e-01,9.422800000000000065e-01,9.569600000000000328e-01,1.002399999999999958e+00,1.052279999999999882e+00,1.066799999999999971e+00,1.044719999999999871e+00,1.012839999999999963e+00,1.000960000000000072e+00
1.071599999999999886e+00,9.441599999999999993e-01,9.563599999999999879e-01,9.848799999999999777e-01,1.018999999999999906e+00,9.914399999999999880e-01,9.971600000000000463e-01,1.030480000000000063e+00,1.025919999999999943e+00,1.052880000000000038e+00,1.097800000000000109e+00,1.120400000000000063e+00,1.087865687256226677e+00,9.599853392004469299e-01,9.496365064865200933e-01,8.983908030980729542e-01,8.774399999999999977e-01,9.087600000000000122e-01,9.961200000000000054e-01,1.105999999999999872e+00,1.135319999999999885e+00,1.087519999999999820e+00,1.024199999999999999e+00,1.003480000000000150e+00
1.133919999999999817e+00,8.978000000000000425e-01,9.345200000000000173e-01,9.766799999999999926e-01,1.023399999999999865e+00,9.671600000000000197e-01,9.730800000000000560e-01,1.047520000000000007e+00,1.036319999999999908e+00,1.081560000000000077e+00,1.152920000000000167e+00,1.184360000000000079e+00,1.135619350280207884e+00,9.151391639524473209e-01,9.130068673968685378e-01,8.388150107238842024e-01,8.079999999999999405e-01,8.538400000000000434e-01,9.741600000000000259e-01,1.160759999999999792e+00,1.209279999999999911e+00,1.124279999999999724e+00,1.032520000000000104e+00,1.008680000000000243e+00
1.217119999999999758e+00,8.448800000000000754e-01,9.170399999999999663e-01,9.705200000000000493e-01,1.018559999999999910e+00,9.281599999999999850e-01,9.357200000000001072e-01,1.066079999999999917e+00,1.039599999999999858e+00,1.109320000000000084e+00,1.206280000000000241e+00,1.246400000000000174e+00,1.178869822367014653e+00,8.508845309402560675e-01,8.656665736057170824e-01,7.729350107238842638e-01,7.345599999999999907e-01,7.921200000000000463e-01,9.361687743667402861e-01,1.211439999999999850e+00,1.287199999999999900e+00,1.158559999999999812e+00,1.041160000000000085e+00,1.023720000000000185e+00
1.307639999999999691e+00,7.851600000000000801e-01,9.092399999999999372e-01,9.659600000000000408e-01,1.000159999999999938e+00,8.712400000000000144e-01,8.881600000000000605e-01,1.081919999999999993e+00,1.044319999999999915e+00,1.129640000000000200e+00,1.257320000000000215e+00,1.294080000000000119e+00,1.210044789737204640e+00,7.732430932592582185e-01,8.102910773253432231e-01,6.988150107238843001e-01,6.620000000000000329e-01,7.263600000000000056e-01,8.755930529844011545e-01,1.256719999999999837e+00,1.352319999999999967e+00,1.182119999999999838e+00,1.046680000000000055e+00,1.044480000000000075e+00
1.401799999999999713e+00,7.281200000000001005e-01,9.119199999999999529e-01,9.600800000000000445e-01,9.751599999999999158e-01,8.035600000000000520e-01,8.298000000000000931e-01,1.098640000000000061e+00,1.044799999999999951e+00,1.146160000000000290e+00,1.293600000000000305e+00,1.326960000000000139e+00,1.229634014399399566e+00,6.906582040566038305e-01,7.392697235060519123e-01,6.302950107238842747e-01,6.002800000000000358e-01,6.617600000000000149e-01,8.013156284401596885e-01,1.288439999999999808e+00,1.406199999999999894e+00,1.190479999999999761e+00,1.047960000000000003e+00,1.079080000000000039e+00
1.496879999999999766e+00,6.774000000000001132e-01,9.199999999999999289e-01,9.492400000000000837e-01,9.424399999999999444e-01,7.306000000000000272e-01,7.710800000000000987e-01,1.116280000000000161e+00,1.049599999999999866e+00,1.159160000000000190e+00,1.321520000000000250e+00,1.346480000000000121e+00,1.242501792045786146e+00,6.069991398117695613e-01,6.660467024097451727e-01,5.584950107238842998e-01,5.468399999999999928e-01,6.055599999999999872e-01,7.078951120308880629e-01,1.312319999999999709e+00,1.450479999999999769e+00,1.181799999999999740e+00,1.045760000000000023e+00,1.117560000000000109e+00
1.573879999999999724e+00,6.373200000000001086e-01,9.296399999999999109e-01,9.430800000000001404e-01,9.017599999999998950e-01,6.627600000000000158e-01,7.189200000000001145e-01,1.129680000000000240e+00,1.050599999999999756e+00,1.167040000000000299e+00,1.337480000000000224e+00,1.354080000000000172e+00,1.248444856887706012e+00,5.253477031878834858e-01,5.892944346334166861e-01,4.969750107238842807e-01,5.050399999999999334e-01,5.584000000000000075e-01,6.171214619236129462e-01,1.330239999999999645e+00,1.486759999999999859e+00,1.170879999999999699e+00,1.040999999999999925e+00,1.154000000000000137e+00
1.639279999999999626e+00,6.124400000000000954e-01,9.312799999999998857e-01,9.350400000000000933e-01,8.608399999999998276e-01,6.075599999999999890e-01,6.861600000000001032e-01,1.144640000000000324e+00,1.053359999999999630e+00,1.175840000000000218e+00,1.356200000000000294e+00,1.356880000000000086e+00,1.250070595820679475e+00,4.614626756444386024e-01,5.181586178860446701e-01,4.414950107238843069e-01,4.689199999999999480e-01,5.175199999999999800e-01,5.251164611119959469e-01,1.351599999999999691e+00,1.514039999999999830e+00,1.160159999999999636e+00,1.035399999999999876e+00,1.183720000000000105e+00
1.689639999999999587e+00,5.927600000000000646e-01,9.315999999999998726e-01,9.220000000000000417e-01,8.173199999999998244e-01,5.699600000000000222e-01,6.602400000000000491e-01,1.146680000000000366e+00,1.060759999999999703e+00,1.181320000000000148e+00,1.367320000000000313e+00,1.357080000000000064e+00,1.250977021529279920e+00,4.061863995255572402e-01,4.521494204069977929e-01,3.960550107238843265e-01,4.410799999999999721e-01,4.916269504492513098e-01,4.423175972559062474e-01,1.365719999999999601e+00,1.531479999999999730e+00,1.149759999999999671e+00,1.029039999999999955e+00,1.207280000000000131e+00
1.720759999999999623e+00,5.824800000000001088e-01,9.269199999999998552e-01,9.100400000000000711e-01,7.833999999999998742e-01,5.414400000000000324e-01,6.474000000000000865e-01,1.147800000000000376e+00,1.074479999999999658e+00,1.185400000000000231e+00,1.370280000000000387e+00,1.350360000000000005e+00,1.260509288877957434e+00,3.663592482294109609e-01,3.960639241239454766e-01,3.543750107238843317e-01,4.232799999999999341e-01,4.774225273968836780e-01,3.693800160540194888e-01,1.380839999999999623e+00,1.537839999999999652e+00,1.132999999999999563e+00,1.022599999999999953e+00,1.226000000000000201e+00
1.746559999999999668e+00,5.803200000000001690e-01,9.135599999999998166e-01,8.962800000000000766e-01,7.553199999999998804e-01,5.205199999999999827e-01,6.328000000000001402e-01,1.160240000000000382e+00,1.084559999999999746e+00,1.187960000000000127e+00,1.378000000000000336e+00,1.345239999999999991e+00,1.262887689353350495e+00,3.400884210299647825e-01,3.467893065546142628e-01,3.181750107238843217e-01,4.035199999999999343e-01,4.671663593596215858e-01,3.100679642355622656e-01,1.394479999999999720e+00,1.541919999999999735e+00,1.119119999999999671e+00,1.012999999999999901e+00,1.242360000000000131e+00
1.763679999999999692e+00,5.836400000000001587e-01,8.956799999999998096e-01,8.786400000000000876e-01,7.267999999999998906e-01,5.043199999999999905e-01,6.344400000000001150e-01,1.160800000000000498e+00,1.102479999999999682e+00,1.187720000000000109e+00,1.385200000000000431e+00,1.339359999999999884e+00,1.270281047985685863e+00,3.133528029060593245e-01,3.025959482432327707e-01,2.918150107238843272e-01,3.877199999999999536e-01,4.604643634885938197e-01,2.599923400764578840e-01,1.408559999999999812e+00,1.544679999999999831e+00,1.116039999999999699e+00,1.004839999999999955e+00,1.256720000000000059e+00
1.777999999999999581e+00,5.884000000000001451e-01,8.747599999999997600e-01,8.645600000000001062e-01,7.078399999999999137e-01,5.021999999999999797e-01,6.279600000000000737e-01,1.161800000000000388e+00,1.114639999999999631e+00,1.185120000000000173e+00,1.384840000000000515e+00,1.330119999999999969e+00,1.282301727356130794e+00,2.917063355242388578e-01,2.578805346331561332e-01,2.687750107238843222e-01,3.778799999999999937e-01,4.592575035295122787e-01,2.095745187477294491e-01,1.418439999999999923e+00,1.543199999999999905e+00,1.103479999999999794e+00,1.001840000000000064e+00,1.266639999999999988e+00
1.791959999999999553e+00,6.019600000000001616e-01,8.465199999999997171e-01,8.516800000000001036e-01,6.912799999999998946e-01,5.006800000000000139e-01,6.296000000000000485e-01,1.165560000000000374e+00,1.128079999999999528e+00,1.178320000000000256e+00,1.385080000000000533e+00,1.323799999999999866e+00,1.287289665368742231e+00,2.800587984083717230e-01,2.216198415969825586e-01,2.491350107238843037e-01,3.724000000000000088e-01,4.578840923299257737e-01,1.804158801842341842e-01,1.433999999999999941e+00,1.545399999999999885e+00,1.101079999999999837e+00,9.958400000000000585e-01,1.275160000000000071e+00
1.797439999999999483e+00,6.159600000000001740e-01,8.247999999999997556e-01,8.368000000000000993e-01,6.748799999999999244e-01,4.944000000000000061e-01,6.250400000000000400e-01,1.164840000000000320e+00,1.141279999999999628e+00,1.173680000000000279e+00,1.384280000000000621e+00,1.321119999999999850e+00,1.293849468884417764e+00,2.677947107929134485e-01,1.830157706474293544e-01,2.351350107238843190e-01,3.652000000000000246e-01,4.605693149600824654e-01,1.480957178287307940e-01,1.446879999999999944e+00,1.546759999999999913e+00,1.093359999999999888e+00,9.860000000000000986e-01,1.284399999999999986e+00
1.799079999999999568e+00,6.294000000000001815e-01,8.030799999999997940e-01,8.220000000000000639e-01,6.588799999999999102e-01,4.864799999999999680e-01,6.209600000000000675e-01,1.170680000000000387e+00,1.153879999999999573e+00,1.169160000000000199e+00,1.381880000000000663e+00,1.316839999999999788e+00,1.296494852219925553e+00,2.621373552729627798e-01,1.502977014977356918e-01,2.191350107238843048e-01,3.591200000000000503e-01,4.577281817629074157e-01,1.265046176164073000e-01,1.457279999999999909e+00,1.543080000000000007e+00,1.089959999999999818e+00,9.834000000000000519e-01,1.292680000000000051e+00
1.794159999999999533e+00,6.419200000000001571e-01,7.765199999999997660e-01,8.143200000000000438e-01,6.491199999999999193e-01,4.901999999999999691e-01,6.180000000000001048e-01,1.171440000000000481e+00,1.163479999999999626e+00,1.161800000000000166e+00,1.376480000000000592e+00,1.311079999999999801e+00,1.298365118271171514e+00,2.638091388912399138e-01,1.152465197116269296e-01,2.077350107238842836e-01,3.598400000000000487e-01,4.593399659814326186e-01,1.062649682617252539e-01,1.463479999999999892e+00,1.539639999999999898e+00,1.089159999999999906e+00,9.771200000000000996e-01,1.301520000000000010e+00
1.797279999999999545e+00,6.493600000000001593e-01,7.537599999999997635e-01,8.061200000000000587e-01,6.414399999999998991e-01,4.889199999999999657e-01,6.158400000000000540e-01,1.176960000000000450e+00,1.176799999999999624e+00,1.152840000000000087e+00,1.374560000000000670e+00,1.306759999999999922e+00,1.309270061606829350e+00,2.622634464421240152e-01,8.230722727735451105e-02,1.953350107238842892e-01,3.616800000000000570e-01,4.602796921149978626e-01,9.077179946500057994e-02,1.478799999999999892e+00,1.543760000000000021e+00,1.083479999999999999e+00,9.691600000000001325e-01,1.302759999999999918e+00
1.799719999999999542e+00,6.594400000000001372e-01,7.256799999999997697e-01,8.005200000000001204e-01,6.292799999999998395e-01,4.877999999999999559e-01,6.144800000000000262e-01,1.180760000000000476e+00,1.193119999999999736e+00,1.139960000000000084e+00,1.367760000000000753e+00,1.300119999999999942e+00,1.316349018124069570e+00,2.589277103642865230e-01,5.593202562904653341e-02,1.853350107238842803e-01,3.600000000000000422e-01,4.627408754654021572e-01,7.982683452054176176e-02,1.485159999999999814e+00,1.545320000000000027e+00,1.078519999999999923e+00,9.649600000000001510e-01,1.308879999999999821e+00
1.798919999999999630e+00,6.715200000000001168e-01,7.068799999999997308e-01,7.957600000000001339e-01,6.268399999999998418e-01,4.846399999999999597e-01,6.058400000000000452e-01,1.190120000000000511e+00,1.202799999999999647e+00,1.126800000000000024e+00,1.367080000000000739e+00,1.291360000000000063e+00,1.334867974317774042e+00,2.537690328332000145e-01,2.831865851824721253e-02,1.790950107238842848e-01,3.622000000000000219e-01,4.610927978288450468e-01,5.921605119415537799e-02,1.494959999999999845e+00,1.541200000000000125e+00,1.079439999999999955e+00,9.635200000000001541e-01,1.312479999999999869e+00
1.791759999999999575e+00,6.792800000000001059e-01,6.862399999999997391e-01,7.881200000000001538e-01,6.220799999999998553e-01,4.853199999999999736e-01,6.058000000000000052e-01,1.194360000000000532e+00,1.210039999999999560e+00,1.116680000000000117e+00,1.370360000000000689e+00,1.285760000000000014e+00,1.340083483955556654e+00,2.567782918015789617e-01,2.776201633733862972e-03,1.675350107238842978e-01,3.620800000000000129e-01,4.598176348431247118e-01,5.254103207298096295e-02,1.505359999999999809e+00,1.535840000000000094e+00,1.077239999999999975e+00,9.606800000000002004e-01,1.312039999999999873e+00
1.791759999999999575e+00,6.922000000000001485e-01,6.681599999999997541e-01,7.833200000000001273e-01,6.108799999999998676e-01,4.813999999999999946e-01,6.033600000000000074e-01,1.201080000000000592e+00,1.220919999999999561e+00,1.109200000000000186e+00,1.365000000000000657e+00,1.274839999999999973e+00,1.346000489504844522e+00,2.585290924116619982e-01,-2.174133074170245608e-02,1.600550107238843112e-01,3.608399999999999941e-01,4.609643417381552588e-01,4.334253129872298049e-02,1.509519999999999751e+00,1.530800000000000161e+00,1.076640000000000041e+00,9.557200000000002360e-01,1.318199999999999816e+00
1.793559999999999599e+00,7.093200000000001726e-01,6.401599999999997292e-01,7.777600000000001179e-01,6.087599999999998568e-01,4.815999999999999726e-01,6.040400000000000214e-01,1.205480000000000551e+00,1.227119999999999544e+00,1.100760000000000183e+00,1.363800000000000567e+00,1.271679999999999922e+00,1.350894626117091102e+00,2.591156644477322080e-01,-4.590746710777514339e-02,1.510550107238843309e-01,3.615200000000000080e-01,4.624731867536392982e-01,3.725089654948587903e-02,1.521639999999999660e+00,1.529680000000000151e+00,1.077160000000000117e+00,9.470400000000002150e-01,1.324959999999999916e+00
1.796279999999999655e+00,7.176400000000001667e-01,6.183199999999997587e-01,7.721600000000000685e-01,6.037999999999998924e-01,4.842799999999999883e-01,6.052000000000000712e-01,1.205360000000000653e+00,1.239159999999999595e+00,1.086600000000000232e+00,1.353000000000000647e+00,1.266359999999999930e+00,1.357862613737118140e+00,2.571621976377514995e-01,-6.589044924675116488e-02,1.420950107238843352e-01,3.632799999999999918e-01,4.606424469936109545e-01,3.202137854438924514e-02,1.531719999999999748e+00,1.519200000000000106e+00,1.075160000000000116e+00,9.371600000000002151e-01,1.321999999999999842e+00
1.792679999999999607e+00,7.255600000000002048e-01,6.001599999999998047e-01,7.633600000000000385e-01,5.963599999999998902e-01,4.810800000000000076e-01,6.054000000000000492e-01,1.211640000000000716e+00,1.250199999999999534e+00,1.081200000000000161e+00,1.346560000000000645e+00,1.263719999999999954e+00,1.365838606496874608e+00,2.549341563363706209e-01,-8.867679456744811950e-02,1.314150107238843401e-01,3.684799999999999742e-01,4.633322111915481045e-01,3.006430622091372726e-02,1.546479999999999855e+00,1.516000000000000014e+00,1.077080000000000037e+00,9.350800000000002443e-01,1.323559999999999848e+00
1.794039999999999635e+00,7.308000000000002272e-01,5.820799999999998198e-01,7.609200000000000408e-01,5.867599999999998373e-01,4.872000000000000219e-01,6.028800000000000825e-01,1.210680000000000645e+00,1.257239999999999469e+00,1.073480000000000212e+00,1.343080000000000718e+00,1.255959999999999965e+00,1.372174441352648211e+00,2.624593553514779631e-01,-1.085155126931205694e-01,1.193350107238843327e-01,3.705999999999999850e-01,4.623548121930485255e-01,2.601310437849508814e-02,1.549519999999999786e+00,1.510839999999999961e+00,1.069679999999999964e+00,9.230800000000002337e-01,1.324399999999999800e+00
1.794919999999999627e+00,7.405600000000002181e-01,5.713199999999998280e-01,7.562400000000000233e-01,5.833599999999998786e-01,4.892000000000000237e-01,5.957200000000000273e-01,1.213600000000000678e+00,1.262839999999999518e+00,1.063320000000000265e+00,1.339160000000000794e+00,1.251879999999999882e+00,1.372987192794334232e+00,2.646653800659193312e-01,-1.324850633110886966e-01,1.183750107238843302e-01,3.681599999999999873e-01,4.632053956496300362e-01,2.794138340127499606e-02,1.555279999999999774e+00,1.512839999999999963e+00,1.076079999999999925e+00,9.206000000000001959e-01,1.330159999999999787e+00
1.795399999999999663e+00,7.520800000000001928e-01,5.530399999999998650e-01,7.517599999999999838e-01,5.836799999999998656e-01,4.844800000000000217e-01,5.991600000000000259e-01,1.221440000000000747e+00,1.272319999999999451e+00,1.058160000000000212e+00,1.337760000000000726e+00,1.252639999999999976e+00,1.373184397078017094e+00,2.687369731111162729e-01,-1.500471160218657951e-01,1.166550107238843170e-01,3.725600000000000023e-01,4.646684819317891124e-01,2.516600860229826347e-02,1.561679999999999735e+00,1.508799999999999919e+00,1.069479999999999986e+00,9.104800000000001781e-01,1.328879999999999839e+00
1.792879999999999585e+00,7.625200000000001976e-01,5.295999999999998487e-01,7.473199999999999843e-01,5.839199999999998836e-01,4.825599999999999890e-01,5.942399999999999904e-01,1.226840000000000819e+00,1.274679999999999369e+00,1.049080000000000235e+00,1.332840000000000691e+00,1.247479999999999922e+00,1.376557090928101523e+00,2.751255670718906754e-01,-1.618742794732618839e-01,1.126950107238843118e-01,3.706399999999999695e-01,4.636929945512907603e-01,2.758416725594943497e-02,1.574919999999999654e+00,1.505800000000000027e+00,1.073120000000000074e+00,9.067200000000001925e-01,1.333599999999999897e+00
1.791879999999999473e+00,7.604800000000001559e-01,5.132399999999998075e-01,7.476399999999999713e-01,5.793199999999998351e-01,4.786400000000000099e-01,5.985199999999999410e-01,1.230200000000000848e+00,1.281639999999999446e+00,1.036200000000000232e+00,1.326800000000000646e+00,1.248119999999999896e+00,1.382756089302099589e+00,2.757865096991747866e-01,-1.796771662891539778e-01,1.098950107238843288e-01,3.762799999999999478e-01,4.602793215689215955e-01,2.063602247175262694e-02,1.586199999999999610e+00,1.504119999999999902e+00,1.070520000000000138e+00,8.998800000000002353e-01,1.331879999999999953e+00
1.792239999999999389e+00,7.676800000000001400e-01,5.057199999999998363e-01,7.448399999999999466e-01,5.820799999999998198e-01,4.775999999999999690e-01,5.992799999999999239e-01,1.226520000000000943e+00,1.288279999999999426e+00,1.024400000000000199e+00,1.323920000000000652e+00,1.245319999999999983e+00,1.383551208942946475e+00,2.817368891863543112e-01,-1.953223383422975079e-01,1.087750107238843467e-01,3.767599999999999283e-01,4.640130098424695704e-01,1.713494346439203495e-02,1.589999999999999636e+00,1.496799999999999908e+00,1.071120000000000072e+00,8.896800000000002484e-01,1.333879999999999955e+00
1.787639999999999452e+00,7.748800000000001242e-01,4.897999999999998466e-01,7.409999999999999920e-01,5.740399999999997727e-01,4.742799999999999794e-01,5.969999999999998641e-01,1.233400000000000940e+00,1.293239999999999501e+00,1.021080000000000210e+00,1.317440000000000611e+00,1.245360000000000023e+00,1.391513950472397898e+00,2.821313792773636475e-01,-2.066147522048853158e-01,1.023750107238843576e-01,3.765199999999999103e-01,4.653238509737025463e-01,1.677148012479673031e-02,1.599599999999999689e+00,1.502359999999999918e+00,1.070880000000000054e+00,8.840000000000002300e-01,1.334719999999999906e+00
1.790159999999999529e+00,7.786800000000001498e-01,4.759199999999998432e-01,7.353600000000000136e-01,5.698399999999997911e-01,4.734399999999999720e-01,5.926799999999998736e-01,1.236240000000000894e+00,1.304039999999999422e+00,1.010600000000000165e+00,1.307400000000000562e+00,1.243600000000000039e+00,1.393982029773465969e+00,2.853731041530088719e-01,-2.214695534489435624e-01,1.005350107238843632e-01,3.773999999999999022e-01,4.630447351173191950e-01,1.065153775560466302e-02,1.604639999999999622e+00,1.499679999999999902e+00,1.070960000000000134e+00,8.824400000000002242e-01,1.341280000000000028e+00
1.785759999999999570e+00,7.844800000000001772e-01,4.631599999999998496e-01,7.334399999999999809e-01,5.720399999999997709e-01,4.706399999999999473e-01,5.921199999999998687e-01,1.243360000000000909e+00,1.310799999999999521e+00,1.003760000000000208e+00,1.299440000000000595e+00,1.245240000000000125e+00,1.393196311153814149e+00,2.859537874956665227e-01,-2.365058052898202923e-01,9.717501072388437522e-02,3.858399999999999053e-01,4.649885727754856091e-01,1.158692772357919343e-02,1.615039999999999587e+00,1.495359999999999800e+00,1.071120000000000072e+00,8.762000000000002009e-01,1.338680000000000092e+00
1.787079999999999558e+00,7.838800000000001322e-01,4.465199999999998615e-01,7.346000000000000307e-01,5.644799999999997597e-01,4.729199999999999515e-01,5.887999999999998790e-01,1.249720000000000830e+00,1.315919999999999535e+00,9.968400000000001704e-01,1.297000000000000597e+00,1.243160000000000043e+00,1.394403589076210759e+00,2.938094335244912370e-01,-2.473508901561163598e-01,9.685501072388436050e-02,3.890799999999999259e-01,4.615319733843976646e-01,1.097826042702785068e-02,1.627799999999999692e+00,1.493999999999999773e+00,1.072119999999999962e+00,8.727600000000002023e-01,1.338960000000000150e+00
1.783479999999999510e+00,7.876400000000001178e-01,4.407199999999998341e-01,7.364399999999999835e-01,5.698399999999997911e-01,4.755599999999999272e-01,5.863599999999998813e-01,1.246440000000000881e+00,1.315159999999999441e+00,9.899200000000001332e-01,1.290240000000000498e+00,1.241279999999999939e+00,1.399080891806480542e+00,2.875790912901201035e-01,-2.559246263906248542e-01,9.165501072388435033e-02,3.905199999999999227e-01,4.656317499948960381e-01,1.382984609679139588e-02,1.634519999999999751e+00,1.489159999999999817e+00,1.071919999999999984e+00,8.642400000000002303e-01,1.337760000000000060e+00
1.785679999999999490e+00,7.859200000000000630e-01,4.344399999999998263e-01,7.357599999999999696e-01,5.647599999999998177e-01,4.761599999999999167e-01,5.869599999999999262e-01,1.255280000000000840e+00,1.319479999999999542e+00,9.859600000000001696e-01,1.288560000000000594e+00,1.240599999999999925e+00,1.396712574165878795e+00,2.915045307301063482e-01,-2.671154300954341476e-01,8.381501072388436446e-02,3.928399999999999115e-01,4.650547665885656490e-01,1.174600098702573321e-02,1.632559999999999789e+00,1.487679999999999891e+00,1.071359999999999868e+00,8.632800000000002694e-01,1.340200000000000058e+00
1.783679999999999488e+00,7.855600000000000360e-01,4.309999999999998277e-01,7.358000000000000096e-01,5.631599999999998829e-01,4.757999999999998897e-01,5.851999999999999424e-01,1.255360000000000920e+00,1.318439999999999612e+00,9.785200000000001674e-01,1.286360000000000614e+00,1.234720000000000040e+00,1.393247424387126676e+00,2.981113244924565864e-01,-2.719876209519002108e-01,8.193501072388437168e-02,3.875599999999999046e-01,4.656510435533184888e-01,1.407988056721643476e-02,1.633159999999999723e+00,1.481399999999999828e+00,1.071639999999999926e+00,8.518000000000002236e-01,1.344160000000000021e+00
1.791799999999999393e+00,7.926400000000000112e-01,4.244399999999998174e-01,7.331600000000000339e-01,5.596799999999998443e-01,4.761199999999998766e-01,5.853199999999999514e-01,1.266920000000000934e+00,1.324359999999999538e+00,9.688000000000002165e-01,1.285880000000000578e+00,1.236480000000000024e+00,1.404569357474345637e+00,2.924085918437067111e-01,-2.768973352750345174e-01,7.625501072388436719e-02,3.831599999999999451e-01,4.606982583667005859e-01,1.607222832442454022e-02,1.639319999999999666e+00,1.484439999999999760e+00,1.075399999999999912e+00,8.465600000000002012e-01,1.343439999999999968e+00
1.786959999999999438e+00,7.893999999999999906e-01,4.171199999999998242e-01,7.362000000000000766e-01,5.635999999999998789e-01,4.765599999999998726e-01,5.866399999999999393e-01,1.264560000000001017e+00,1.324839999999999574e+00,9.604800000000002225e-01,1.281000000000000583e+00,1.233600000000000030e+00,1.404811809733909289e+00,2.918569721618670121e-01,-2.822573352750345488e-01,7.321501072388436615e-02,3.897199999999999553e-01,4.598384887573790381e-01,1.872733964623785052e-02,1.644719999999999738e+00,1.483159999999999812e+00,1.072479999999999878e+00,8.384000000000001451e-01,1.336239999999999872e+00
1.789639999999999453e+00,7.957199999999999829e-01,4.109999999999998099e-01,7.323600000000001220e-01,5.539599999999998969e-01,4.769999999999998685e-01,5.877599999999999492e-01,1.268880000000001118e+00,1.332399999999999585e+00,9.528000000000002023e-01,1.278520000000000545e+00,1.230879999999999974e+00,1.408809341752883526e+00,2.918022010499777830e-01,-2.870994912351717554e-01,6.557501072388435825e-02,3.897199999999999553e-01,4.610504733463984817e-01,1.517561101606270876e-02,1.649559999999999693e+00,1.482079999999999842e+00,1.076079999999999925e+00,8.391600000000001280e-01,1.340239999999999876e+00
1.792439999999999367e+00,7.982799999999999896e-01,4.079599999999998228e-01,7.286000000000001364e-01,5.541199999999999459e-01,4.764399999999998636e-01,5.853999999999999204e-01,1.273280000000001078e+00,1.335759999999999614e+00,9.480400000000002159e-01,1.276160000000000627e+00,1.232960000000000056e+00,1.409641473039376924e+00,2.919935041579749813e-01,-2.966194912351717283e-01,6.749501072388436329e-02,3.896399999999999308e-01,4.634249184869407290e-01,1.623223654840308741e-02,1.652559999999999807e+00,1.479999999999999760e+00,1.080439999999999845e+00,8.338400000000001366e-01,1.340879999999999850e+00
1.786599999999999300e+00,8.012000000000000233e-01,4.014799999999998370e-01,7.314400000000000901e-01,5.519999999999999352e-01,4.768399999999998751e-01,5.872799999999999132e-01,1.271480000000001054e+00,1.336439999999999628e+00,9.378800000000002690e-01,1.272200000000000664e+00,1.230240000000000000e+00,1.412660647895650268e+00,2.920836319429071515e-01,-3.010594912351717278e-01,6.577501072388435011e-02,3.857599999999999363e-01,4.629019377023119719e-01,1.322483973209232118e-02,1.657359999999999722e+00,1.473679999999999657e+00,1.084079999999999933e+00,8.306800000000001960e-01,1.337239999999999762e+00
1.791599999999999193e+00,8.000800000000000134e-01,3.959599999999998676e-01,7.305200000000000582e-01,5.536799999999999500e-01,4.798399999999998777e-01,5.846799999999998665e-01,1.276320000000001009e+00,1.341559999999999642e+00,9.391200000000002879e-01,1.269720000000000626e+00,1.230080000000000062e+00,1.421868670821223146e+00,2.934569167461639205e-01,-3.028194912351717116e-01,6.237501072388434986e-02,3.887199999999999545e-01,4.628474044532223108e-01,1.000602239984352965e-02,1.664319999999999800e+00,1.471599999999999575e+00,1.090600000000000014e+00,8.302000000000001600e-01,1.339399999999999702e+00
1.788039999999999186e+00,8.013600000000000723e-01,3.922799999999998510e-01,7.343600000000000128e-01,5.528399999999999981e-01,4.751199999999998758e-01,5.831199999999998607e-01,1.277800000000000935e+00,1.340999999999999526e+00,9.331600000000003226e-01,1.261240000000000583e+00,1.222560000000000091e+00,1.420728456257508210e+00,2.937620217262205680e-01,-3.059794912351717078e-01,6.321501072388434339e-02,3.884799999999999365e-01,4.638183442615910201e-01,1.214946553201335690e-02,1.661879999999999802e+00,1.465519999999999490e+00,1.084959999999999924e+00,8.180400000000001004e-01,1.336879999999999624e+00
1.791639999999999233e+00,8.020000000000000462e-01,3.921599999999998420e-01,7.335200000000000609e-01,5.552399999999999558e-01,4.755999999999998562e-01,5.883199999999998431e-01,1.283160000000000966e+00,1.347199999999999509e+00,9.322800000000003307e-01,1.264240000000000475e+00,1.222679999999999989e+00,1.427115859947436727e+00,2.939808196756912295e-01,-3.066594912351717217e-01,5.809501072388433690e-02,3.905199999999999783e-01,4.606981370707521894e-01,1.373896310431267642e-02,1.665199999999999791e+00,1.467519999999999492e+00,1.087280000000000024e+00,8.186800000000000743e-01,1.343599999999999683e+00
1.789599999999999191e+00,7.950800000000000090e-01,3.879599999999998605e-01,7.324400000000000910e-01,5.593599999999999683e-01,4.739199999999998414e-01,5.872399999999998732e-01,1.286760000000001014e+00,1.347039999999999571e+00,9.320000000000002727e-01,1.256480000000000485e+00,1.215679999999999872e+00,1.430556927122886401e+00,2.881797953722349814e-01,-3.096994912351717644e-01,5.609501072388433512e-02,3.885999999999999455e-01,4.610256894002626171e-01,1.046299543689028014e-02,1.671759999999999913e+00,1.467999999999999527e+00,1.087760000000000060e+00,8.164000000000001256e-01,1.344079999999999719e+00
1.788759999999999240e+00,7.973200000000000287e-01,3.865199999999998637e-01,7.342400000000001148e-01,5.611599999999999921e-01,4.729599999999998250e-01,5.856799999999998674e-01,1.287760000000001126e+00,1.347519999999999607e+00,9.278000000000002911e-01,1.253360000000000474e+00,1.218039999999999790e+00,1.426728889919870458e+00,2.922526089817254480e-01,-3.153394912351717427e-01,5.785501072388433974e-02,3.887199999999999545e-01,4.614443179838306763e-01,7.207284259923474670e-03,1.676520000000000010e+00,1.462919999999999554e+00,1.082680000000000087e+00,8.146400000000001418e-01,1.345639999999999725e+00
1.789479999999999293e+00,7.910800000000000054e-01,3.841599999999998349e-01,7.376000000000001444e-01,5.604799999999999782e-01,4.727999999999998315e-01,5.818799999999998418e-01,1.285760000000001124e+00,1.354399999999999604e+00,9.273200000000002552e-01,1.251080000000000414e+00,1.219359999999999777e+00,1.431277767503043252e+00,2.954003240570841071e-01,-3.186994912351717724e-01,5.261501072388433814e-02,3.911199999999999677e-01,4.673761691765516146e-01,1.099834124956135424e-02,1.680439999999999934e+00,1.463319999999999510e+00,1.079560000000000075e+00,8.143600000000000838e-01,1.347399999999999709e+00
1.788919999999999177e+00,7.923200000000000243e-01,3.829999999999998406e-01,7.378400000000001624e-01,5.552399999999999558e-01,4.737999999999998324e-01,5.793599999999998751e-01,1.287120000000001152e+00,1.353279999999999594e+00,9.235600000000002696e-01,1.250280000000000502e+00,1.216999999999999860e+00,1.434163459605462432e+00,2.930944328079362893e-01,-3.173394912351717445e-01,5.489501072388434932e-02,3.918799999999999506e-01,4.641131177967477428e-01,1.031341253379182941e-02,1.687400000000000011e+00,1.459919999999999440e+00,1.079440000000000177e+00,8.127200000000001090e-01,1.349799999999999667e+00
1.789639999999999231e+00,7.995200000000000085e-01,3.807199999999998363e-01,7.329600000000001669e-01,5.535599999999999410e-01,4.728399999999998715e-01,5.760799999999999255e-01,1.291600000000001192e+00,1.350839999999999597e+00,9.259600000000002273e-01,1.243840000000000501e+00,1.216719999999999802e+00,1.432076432664692200e+00,2.928044484267631753e-01,-3.159394912351717322e-01,4.833501072388435987e-02,3.924799999999999400e-01,4.651925931254638491e-01,1.414472204226740852e-02,1.687920000000000087e+00,1.458519999999999373e+00,1.078920000000000101e+00,8.066800000000000637e-01,1.351959999999999607e+00
1.789319999999999133e+00,8.007199999999999873e-01,3.818799999999998307e-01,7.310400000000001342e-01,5.512399999999999523e-01,4.670399999999998997e-01,5.788799999999999502e-01,1.294720000000001203e+00,1.348959999999999715e+00,9.190800000000002301e-01,1.243200000000000527e+00,1.217239999999999878e+00,1.437326266702255939e+00,2.889142842260368216e-01,-3.196594912351717332e-01,5.485501072388435095e-02,3.923199999999999465e-01,4.656691982680564723e-01,7.846594985630702193e-03,1.690760000000000041e+00,1.456639999999999491e+00,1.080360000000000209e+00,8.018400000000001082e-01,1.349759999999999627e+00
1.798199999999999132e+00,8.040399999999999769e-01,3.807999999999998053e-01,7.314800000000001301e-01,5.535200000000000120e-01,4.681999999999998940e-01,5.812399999999999789e-01,1.299800000000001177e+00,1.352439999999999642e+00,9.205600000000002670e-01,1.245960000000000623e+00,1.220479999999999787e+00,1.440011767611686810e+00,2.901664523473979074e-01,-3.168594912351717086e-01,5.589501072388435021e-02,3.934399999999999564e-01,4.672685745865474138e-01,7.577708750866699386e-03,1.694560000000000066e+00,1.456079999999999375e+00,1.080120000000000191e+00,7.984000000000001096e-01,1.354319999999999746e+00
1.796999999999999043e+00,7.976799999999999446e-01,3.840399999999998260e-01,7.330000000000000959e-01,5.497600000000000264e-01,4.676799999999998736e-01,5.879599999999999271e-01,1.296800000000001063e+00,1.349839999999999707e+00,9.139200000000002877e-01,1.244040000000000701e+00,1.213479999999999892e+00,1.442942117090786569e+00,2.868252219162308880e-01,-3.199394912351716802e-01,6.077501072388434566e-02,3.986399999999999388e-01,4.637937882106975551e-01,3.844960793173778091e-03,1.693440000000000056e+00,1.457639999999999381e+00,1.077920000000000211e+00,7.911600000000000854e-01,1.353439999999999754e+00
1.799439999999999040e+00,8.017599999999999172e-01,3.795199999999998020e-01,7.386400000000000743e-01,5.482799999999999896e-01,4.651999999999998359e-01,5.866799999999999793e-01,1.295640000000001013e+00,1.350799999999999779e+00,9.084000000000003183e-01,1.243840000000000723e+00,1.210679999999999978e+00,1.441009618760119793e+00,2.934133962467727619e-01,-3.238594912351716593e-01,5.649501072388434658e-02,3.952399999999999247e-01,4.683412807835770630e-01,1.212325921243845826e-02,1.697840000000000016e+00,1.455199999999999383e+00,1.082760000000000167e+00,7.925600000000000422e-01,1.355999999999999872e+00
1.804279999999998996e+00,7.994399999999999284e-01,3.745999999999997665e-01,7.328400000000000469e-01,5.456400000000000139e-01,4.633599999999998276e-01,5.847999999999999865e-01,1.303000000000001046e+00,1.352239999999999664e+00,9.075200000000003264e-01,1.244480000000000697e+00,1.209319999999999951e+00,1.444031075026348532e+00,2.980509189015383420e-01,-3.258594912351716610e-01,5.497501072388435994e-02,3.989999999999999103e-01,4.700744469510079737e-01,1.104086043243930788e-02,1.697160000000000002e+00,1.454439999999999289e+00,1.080760000000000165e+00,7.842000000000000082e-01,1.352959999999999940e+00
1.802839999999998888e+00,8.000399999999999734e-01,3.653199999999997560e-01,7.363200000000000855e-01,5.405999999999999694e-01,4.640399999999998415e-01,5.817999999999999838e-01,1.303640000000001020e+00,1.350199999999999623e+00,9.003600000000003822e-01,1.233280000000000598e+00,1.207959999999999923e+00,1.445085343260623212e+00,3.045665903638176686e-01,-3.284194912351716678e-01,5.421501072388435621e-02,3.975199999999998735e-01,4.697113999395626793e-01,9.879375754231931386e-03,1.694600000000000106e+00,1.453359999999999319e+00,1.083320000000000061e+00,7.802000000000000046e-01,1.354199999999999848e+00
1.802439999999998932e+00,8.025200000000000111e-01,3.651599999999997626e-01,7.355600000000001026e-01,5.414399999999999213e-01,4.694799999999998419e-01,5.806399999999999340e-01,1.305320000000000924e+00,1.347679999999999545e+00,8.973200000000003396e-01,1.235880000000000534e+00,1.211519999999999930e+00,1.445502377603095301e+00,3.107175163723180367e-01,-3.311394912351716679e-01,4.613501072388435931e-02,3.989599999999998703e-01,4.758002726122917414e-01,1.132866195931944882e-02,1.701360000000000205e+00,1.457119999999999305e+00,1.086600000000000010e+00,7.804400000000000226e-01,1.352999999999999758e+00
1.804119999999998836e+00,8.053200000000000358e-01,3.691999999999997506e-01,7.313200000000000811e-01,5.403199999999999115e-01,4.695199999999998264e-01,5.843199999999999505e-01,1.302520000000001010e+00,1.349599999999999467e+00,8.962400000000003697e-01,1.236600000000000588e+00,1.211399999999999810e+00,1.452430939739937532e+00,3.058114596789257567e-01,-3.324194912351716713e-01,4.641501072388434790e-02,4.000399999999998402e-01,4.732397011000666343e-01,3.697706658654209555e-03,1.705160000000000231e+00,1.458359999999999213e+00,1.086640000000000050e+00,7.788400000000000878e-01,1.351039999999999797e+00
1.801399999999998780e+00,8.097199999999999953e-01,3.706799999999997874e-01,7.286000000000001364e-01,5.389999999999999236e-01,4.614799999999998348e-01,5.820799999999999308e-01,1.306040000000000978e+00,1.352399999999999380e+00,8.907200000000004003e-01,1.232360000000000566e+00,1.206599999999999895e+00,1.451748474824142043e+00,3.041834385312424671e-01,-3.310994912351716835e-01,4.957501072388435098e-02,4.017599999999998395e-01,4.710513067680101029e-01,6.679356940514577685e-03,1.701720000000000343e+00,1.450839999999999241e+00,1.081560000000000077e+00,7.790400000000000658e-01,1.360119999999999774e+00
1.802319999999998812e+00,8.110399999999999832e-01,3.689199999999998036e-01,7.216000000000001302e-01,5.395999999999999686e-01,4.601199999999998624e-01,5.809599999999999209e-01,1.308480000000000976e+00,1.357199999999999296e+00,8.917200000000004012e-01,1.239280000000000603e+00,1.213239999999999874e+00,1.454689628272281654e+00,3.098179222445677228e-01,-3.373794912351716913e-01,4.373501072388434607e-02,3.985999999999998433e-01,4.730348751458080536e-01,7.660308990866634624e-03,1.708600000000000341e+00,1.454639999999999267e+00,1.076040000000000108e+00,7.762800000000000811e-01,1.356679999999999664e+00
1.804239999999998734e+00,8.153599999999999737e-01,3.640399999999998082e-01,7.222000000000001751e-01,5.401199999999999335e-01,4.625199999999998757e-01,5.828799999999999537e-01,1.307240000000001068e+00,1.354279999999999262e+00,8.810800000000004184e-01,1.231640000000000734e+00,1.204639999999999933e+00,1.447068916294064644e+00,3.148376163288362783e-01,-3.335394912351716812e-01,5.173501072388435318e-02,4.021999999999998354e-01,4.725844241439124405e-01,1.196264783710555835e-02,1.708240000000000425e+00,1.449159999999999338e+00,1.075200000000000156e+00,7.754400000000001292e-01,1.357879999999999754e+00
1.809599999999998765e+00,8.104799999999999782e-01,3.659599999999998410e-01,7.197600000000001774e-01,5.422799999999999843e-01,4.623999999999998667e-01,5.856399999999999384e-01,1.315400000000001013e+00,1.360119999999999330e+00,8.831600000000003892e-01,1.229840000000000710e+00,1.206159999999999899e+00,1.454760555901627450e+00,3.118300017742823838e-01,-3.327394912351716583e-01,4.629501072388435279e-02,3.997199999999997977e-01,4.730146655000272427e-01,1.284377378078670195e-02,1.714640000000000386e+00,1.451959999999999251e+00,1.077080000000000259e+00,7.771200000000001440e-01,1.355119999999999658e+00
1.807519999999998683e+00,8.093199999999999283e-01,3.662799999999998279e-01,7.263200000000001877e-01,5.432799999999999851e-01,4.690399999999998459e-01,5.842799999999999105e-01,1.314040000000000985e+00,1.355959999999999388e+00,8.810400000000003784e-01,1.228400000000000603e+00,1.200799999999999867e+00,1.449549115513442787e+00,3.153958814629789220e-01,-3.379794912351716807e-01,4.541501072388436089e-02,3.978799999999997894e-01,4.691864766117934682e-01,1.444019910553365552e-02,1.711800000000000432e+00,1.448239999999999306e+00,1.077840000000000353e+00,7.756000000000001782e-01,1.354839999999999600e+00
1.806839999999998669e+00,8.062399999999999567e-01,3.634399999999998188e-01,7.292400000000002214e-01,5.389199999999999546e-01,4.667999999999998262e-01,5.853999999999999204e-01,1.314480000000000981e+00,1.357559999999999434e+00,8.798000000000003595e-01,1.230720000000000480e+00,1.208359999999999879e+00,1.464505778655193380e+00,3.083171651486545373e-01,-3.377794912351717027e-01,4.389501072388435343e-02,3.972799999999998000e-01,4.631148459104924009e-01,1.130177752184115952e-02,1.714800000000000324e+00,1.455479999999999219e+00,1.079960000000000253e+00,7.699200000000001598e-01,1.355759999999999632e+00
1.808559999999998613e+00,8.062399999999999567e-01,3.647599999999998066e-01,7.270000000000002016e-01,5.404399999999999205e-01,4.668399999999998107e-01,5.884799999999998921e-01,1.309120000000000950e+00,1.355279999999999374e+00,8.756000000000003780e-01,1.222920000000000451e+00,1.209879999999999844e+00,1.459347951925053843e+00,3.134885510297644173e-01,-3.370594912351717043e-01,5.009501072388433673e-02,3.960799999999998211e-01,4.625501641269307296e-01,1.019793796448999201e-02,1.713560000000000416e+00,1.448839999999999240e+00,1.074840000000000240e+00,7.676800000000001400e-01,1.357599999999999696e+00
1.812159999999998661e+00,8.047599999999999199e-01,3.571599999999998110e-01,7.317600000000001881e-01,5.428799999999999182e-01,4.689599999999998214e-01,5.899199999999998889e-01,1.313520000000000909e+00,1.355999999999999428e+00,8.736000000000003762e-01,1.221280000000000365e+00,1.210199999999999942e+00,1.463269809734529581e+00,3.121056275919649736e-01,-3.340994912351716861e-01,4.709501072388433407e-02,3.954399999999998472e-01,4.661818939816590457e-01,1.318406780803047136e-02,1.719720000000000359e+00,1.452079999999999149e+00,1.077520000000000255e+00,7.625600000000001266e-01,1.355159999999999698e+00
1.812959999999998573e+00,8.035199999999999010e-01,3.614399999999998170e-01,7.274000000000001576e-01,5.401999999999999025e-01,4.703199999999997938e-01,5.874799999999998912e-01,1.315240000000000853e+00,1.355799999999999450e+00,8.715600000000003345e-01,1.219720000000000359e+00,1.210040000000000004e+00,1.460939771976587753e+00,3.101469816952848735e-01,-3.389394912351716971e-01,4.621501072388432135e-02,3.991999999999998328e-01,4.654367119209886217e-01,1.404953423135740960e-02,1.722240000000000437e+00,1.451239999999999197e+00,1.080400000000000249e+00,7.598400000000001819e-01,1.354679999999999662e+00
1.813799999999998525e+00,8.006799999999999473e-01,3.611199999999998300e-01,7.296000000000001373e-01,5.401599999999998625e-01,4.769999999999998130e-01,5.886799999999998700e-01,1.318520000000000802e+00,1.357439999999999536e+00,8.716400000000003034e-01,1.219120000000000426e+00,1.207400000000000029e+00,1.459823884592859500e+00,3.129336422058068834e-01,-3.365794912351716683e-01,4.561501072388431804e-02,3.988399999999998058e-01,4.674410726986673037e-01,1.738975399033271599e-02,1.718000000000000416e+00,1.447479999999999212e+00,1.072920000000000318e+00,7.613200000000002188e-01,1.360559999999999548e+00
1.815559999999998508e+00,8.030799999999999050e-01,3.629199999999998538e-01,7.254400000000000848e-01,5.410799999999998944e-01,4.720799999999997776e-01,5.925999999999999046e-01,1.320880000000000720e+00,1.354839999999999600e+00,8.678400000000002779e-01,1.218040000000000456e+00,1.211240000000000094e+00,1.464818457692431242e+00,3.139159296612757388e-01,-3.421794912351716622e-01,4.621501072388432135e-02,4.054399999999998006e-01,4.608933926905303124e-01,1.728307414557209154e-02,1.723680000000000323e+00,1.446279999999999122e+00,1.071920000000000428e+00,7.590000000000002300e-01,1.361839999999999495e+00
1.817559999999998510e+00,8.089199999999998614e-01,3.653599999999998515e-01,7.282000000000000695e-01,5.335999999999998522e-01,4.733199999999997964e-01,5.876399999999999402e-01,1.319120000000000736e+00,1.352919999999999678e+00,8.635200000000002873e-01,1.216920000000000446e+00,1.210679999999999978e+00,1.467127378726712505e+00,3.110820365163320944e-01,-3.382994912351716676e-01,4.909501072388431503e-02,4.042399999999998217e-01,4.630363857216293622e-01,1.773589631172071274e-02,1.728440000000000420e+00,1.446399999999999242e+00,1.071960000000000468e+00,7.497600000000002041e-01,1.363679999999999559e+00
1.816679999999998518e+00,8.075599999999998335e-01,3.663599999999998524e-01,7.302800000000000402e-01,5.361599999999998589e-01,4.690799999999997749e-01,5.883999999999999231e-01,1.325960000000000694e+00,1.353959999999999608e+00,8.642800000000002703e-01,1.215080000000000382e+00,1.211200000000000054e+00,1.469061837888139710e+00,3.149185983072292361e-01,-3.405394912351716874e-01,4.597501072388432419e-02,4.006399999999998296e-01,4.669704501279924314e-01,1.837694765774700034e-02,1.733120000000000438e+00,1.444039999999999324e+00,1.070960000000000356e+00,7.463200000000002055e-01,1.368999999999999551e+00
1.819879999999998610e+00,8.082399999999998474e-01,3.678399999999998893e-01,7.272000000000000686e-01,5.335599999999998122e-01,4.673199999999997911e-01,5.885199999999999321e-01,1.328440000000000731e+00,1.352039999999999687e+00,8.610800000000002896e-01,1.212680000000000424e+00,1.211040000000000116e+00,1.466704658226318569e+00,3.170515638899388811e-01,-3.392194912351716996e-01,4.901501072388434604e-02,4.013599999999998280e-01,4.640694374254001886e-01,1.596915821987725595e-02,1.733320000000000416e+00,1.445159999999999334e+00,1.071840000000000348e+00,7.478800000000002113e-01,1.367119999999999447e+00
1.818359999999998644e+00,8.126799999999998469e-01,3.682799999999998852e-01,7.327600000000000779e-01,5.332399999999998252e-01,4.716399999999997816e-01,5.870399999999998952e-01,1.329040000000000665e+00,1.351679999999999771e+00,8.587600000000003009e-01,1.210520000000000485e+00,1.210760000000000058e+00,1.468143915487240436e+00,3.180820655036292743e-01,-3.387394912351717191e-01,4.797501072388434679e-02,4.000399999999998402e-01,4.664000933180597053e-01,1.694164375735247863e-02,1.738280000000000491e+00,1.440919999999999312e+00,1.070400000000000240e+00,7.411600000000001520e-01,1.370639999999999414e+00
1.819479999999998654e+00,8.095199999999997953e-01,3.652799999999998826e-01,7.318400000000000460e-01,5.320399999999998464e-01,4.683999999999997610e-01,5.826399999999999357e-01,1.328480000000000771e+00,1.349559999999999871e+00,8.596400000000002928e-01,1.211040000000000560e+00,1.205200000000000049e+00,1.469175212666947061e+00,3.155204781979013551e-01,-3.359794912351717344e-01,4.461501072388436573e-02,4.030399999999998428e-01,4.643627763285548271e-01,1.438719722094203117e-02,1.740640000000000409e+00,1.439719999999999223e+00,1.067720000000000224e+00,7.382800000000001583e-01,1.372079999999999300e+00
1.821359999999998758e+00,8.121999999999998110e-01,3.647599999999999176e-01,7.285200000000000564e-01,5.301199999999998136e-01,4.707199999999997497e-01,5.809199999999999919e-01,1.334920000000000773e+00,1.350039999999999907e+00,8.578000000000003400e-01,1.210480000000000667e+00,1.205280000000000129e+00,1.464785149453598390e+00,3.213348555925223948e-01,-3.368594912351717263e-01,4.061501072388436218e-02,4.039599999999998747e-01,4.689709522806488895e-01,1.975325953832971632e-02,1.742960000000000287e+00,1.447119999999999296e+00,1.064960000000000129e+00,7.373200000000001975e-01,1.369999999999999218e+00
1.817199999999998816e+00,8.117599999999998150e-01,3.648399999999999421e-01,7.280400000000000205e-01,5.320799999999997754e-01,4.714799999999997326e-01,5.844799999999999995e-01,1.334200000000000719e+00,1.344599999999999795e+00,8.549600000000003863e-01,1.210200000000000609e+00,1.209960000000000147e+00,1.466590200837658120e+00,3.224061733213473557e-01,-3.416994912351717373e-01,4.057501072388434299e-02,4.051199999999998691e-01,4.689116886952263696e-01,1.591457033218255865e-02,1.740200000000000191e+00,1.445759999999999268e+00,1.064960000000000129e+00,7.338400000000001588e-01,1.372399999999999176e+00
1.822199999999998710e+00,8.108399999999997831e-01,3.669999999999999374e-01,7.284399999999999764e-01,5.305199999999997695e-01,4.703599999999997228e-01,5.844000000000000306e-01,1.336200000000000720e+00,1.343759999999999843e+00,8.521600000000003616e-01,1.204760000000000497e+00,1.211000000000000076e+00,1.463974357605512644e+00,3.174679515644474592e-01,-3.410594912351717634e-01,4.017501072388434541e-02,4.055199999999998806e-01,4.675448325937969218e-01,1.737145806545638618e-02,1.741040000000000143e+00,1.446719999999999340e+00,1.065880000000000161e+00,7.372400000000001175e-01,1.370439999999999214e+00
1.827239999999998643e+00,8.097599999999998133e-01,3.622799999999999354e-01,7.327199999999999269e-01,5.303599999999997205e-01,4.666799999999997062e-01,5.883200000000000651e-01,1.338200000000000722e+00,1.347079999999999833e+00,8.555200000000003913e-01,1.203600000000000447e+00,1.216640000000000166e+00,1.462145202776343522e+00,3.258015612762783508e-01,-3.446194912351717710e-01,4.525501072388433965e-02,4.063599999999998880e-01,4.664001236969613218e-01,1.609988100827068266e-02,1.740040000000000253e+00,1.442479999999999318e+00,1.064160000000000217e+00,7.342000000000000748e-01,1.369639999999999302e+00
1.828839999999998689e+00,8.082399999999998474e-01,3.597199999999999287e-01,7.320399999999999130e-01,5.288799999999996837e-01,4.664799999999997282e-01,5.892000000000000570e-01,1.334440000000000737e+00,1.342359999999999776e+00,8.563200000000004142e-01,1.199240000000000528e+00,1.211600000000000232e+00,1.464973142942547879e+00,3.205591771498309539e-01,-3.385794912351717811e-01,4.629501072388433891e-02,4.049199999999998911e-01,4.659448634763456720e-01,1.402133050495217061e-02,1.742760000000000309e+00,1.444999999999999396e+00,1.070360000000000200e+00,7.317200000000000371e-01,1.377439999999999332e+00
1.831359999999998767e+00,8.053199999999998138e-01,3.640799999999999592e-01,7.324399999999998689e-01,5.304799999999997295e-01,4.724399999999997490e-01,5.883200000000000651e-01,1.338920000000000776e+00,1.343879999999999741e+00,8.581200000000004380e-01,1.203360000000000429e+00,1.216320000000000290e+00,1.470053935710217807e+00,3.230937123809103917e-01,-3.395794912351717820e-01,3.933501072388434494e-02,4.049199999999998911e-01,4.666085645051626374e-01,1.461171345019805258e-02,1.744360000000000355e+00,1.443799999999999306e+00,1.072880000000000278e+00,7.301199999999999912e-01,1.376399999999999402e+00
1.825639999999998819e+00,8.080799999999997985e-01,3.593599999999999572e-01,7.333599999999999008e-01,5.310799999999997745e-01,4.730799999999997230e-01,5.864000000000000323e-01,1.336400000000000698e+00,1.341359999999999664e+00,8.532800000000004825e-01,1.197680000000000522e+00,1.210160000000000347e+00,1.468572919678673872e+00,3.217917928856655618e-01,-3.413394912351717658e-01,4.361501072388434402e-02,4.032799999999998608e-01,4.637642503811046368e-01,1.441093425438503238e-02,1.740480000000000249e+00,1.436919999999999309e+00,1.067240000000000189e+00,7.289200000000000124e-01,1.375319999999999432e+00
1.830239999999998757e+00,8.131199999999998429e-01,3.586399999999999588e-01,7.258799999999998587e-01,5.295199999999997686e-01,4.755599999999997607e-01,5.885200000000000431e-01,1.339640000000000608e+00,1.342159999999999576e+00,8.533200000000005225e-01,1.197040000000000548e+00,1.208760000000000279e+00,1.475204180409148691e+00,3.224889910668836679e-01,-3.409794912351717389e-01,4.605501072388436257e-02,4.030799999999998828e-01,4.654771026966081360e-01,1.779609140367090225e-02,1.746080000000000298e+00,1.438519999999999355e+00,1.071040000000000214e+00,7.268799999999999706e-01,1.379879999999999329e+00
1.825119999999998743e+00,8.083199999999998164e-01,3.616799999999999460e-01,7.258399999999998187e-01,5.298799999999997956e-01,4.728799999999997450e-01,5.874400000000000732e-01,1.343280000000000696e+00,1.339199999999999502e+00,8.516000000000005787e-01,1.198400000000000576e+00,1.208840000000000359e+00,1.476356726465809510e+00,3.206473072746139352e-01,-3.389394912351717526e-01,4.561501072388436662e-02,3.996799999999999242e-01,4.651487190134306338e-01,1.976559832586399779e-02,1.749400000000000288e+00,1.435839999999999339e+00,1.075480000000000214e+00,7.258399999999999297e-01,1.376559999999999340e+00
1.824719999999998787e+00,8.068399999999997796e-01,3.598399999999999377e-01,7.289599999999998303e-01,5.269199999999998330e-01,4.734799999999997344e-01,5.872400000000000952e-01,1.350720000000000587e+00,1.336439999999999628e+00,8.548800000000005284e-01,1.204200000000000603e+00,1.209600000000000453e+00,1.477202700806580671e+00,3.163424772592120515e-01,-3.365394912351717394e-01,4.189501072388435166e-02,3.995599999999999152e-01,4.679255614474692737e-01,1.225736055321570254e-02,1.748560000000000336e+00,1.433079999999999243e+00,1.071200000000000152e+00,7.240399999999999059e-01,1.375719999999999388e+00
1.827639999999998821e+00,8.054399999999998228e-01,3.616399999999999615e-01,7.273199999999998555e-01,5.258399999999998631e-01,4.796399999999997332e-01,5.844800000000001106e-01,1.349840000000000595e+00,1.334879999999999622e+00,8.532000000000005135e-01,1.198600000000000554e+00,1.206360000000000543e+00,1.480011763752566711e+00,3.157847253070332760e-01,-3.366994912351717328e-01,4.569501072388435642e-02,3.937999999999999279e-01,4.669496040972653805e-01,9.140529807048942967e-03,1.750480000000000258e+00,1.430959999999999344e+00,1.071880000000000166e+00,7.239599999999999369e-01,1.380039999999999489e+00
1.829839999999998801e+00,8.084399999999998254e-01,3.660799999999999610e-01,7.291999999999998483e-01,5.257599999999998941e-01,4.759199999999997321e-01,5.821600000000001218e-01,1.353640000000000621e+00,1.338639999999999608e+00,8.578400000000004910e-01,1.202640000000000597e+00,1.209800000000000431e+00,1.481726332955904057e+00,3.176900650338167487e-01,-3.387394912351717191e-01,4.161501072388434225e-02,4.033599999999999408e-01,4.657773941414612429e-01,7.438754697517547740e-03,1.751160000000000272e+00,1.429959999999999454e+00,1.073120000000000074e+00,7.225999999999999091e-01,1.371999999999999442e+00
1.831079999999998709e+00,8.038399999999997769e-01,3.618399999999999395e-01,7.278799999999998604e-01,5.283999999999998698e-01,4.764399999999996971e-01,5.801200000000000800e-01,1.351560000000000539e+00,1.334639999999999604e+00,8.543200000000005234e-01,1.191040000000000543e+00,1.209640000000000493e+00,1.481934775234310164e+00,3.169049076346456273e-01,-3.371394912351717288e-01,4.201501072388433983e-02,4.060799999999999410e-01,4.591606165361886704e-01,3.583049369005856730e-03,1.753520000000000190e+00,1.428239999999999510e+00,1.071640000000000148e+00,7.231999999999999540e-01,1.376719999999999500e+00
1.833319999999998728e+00,8.042399999999997329e-01,3.679999999999999383e-01,7.281199999999998784e-01,5.290399999999998437e-01,4.775599999999997070e-01,5.856000000000001204e-01,1.351880000000000637e+00,1.335719999999999574e+00,8.521600000000004727e-01,1.190120000000000511e+00,1.209040000000000559e+00,1.477825070075978520e+00,3.241464709806570754e-01,-3.420994912351717487e-01,4.025501072388435603e-02,4.022399999999999309e-01,4.606778792746501483e-01,7.964572397600303000e-03,1.762200000000000211e+00,1.428479999999999528e+00,1.074240000000000084e+00,7.296799999999999953e-01,1.377519999999999412e+00
1.830359999999998655e+00,8.037199999999997679e-01,3.648799999999999266e-01,7.271199999999998775e-01,5.280799999999998828e-01,4.741599999999996928e-01,5.859200000000001074e-01,1.350400000000000711e+00,1.330239999999999645e+00,8.468400000000004813e-01,1.191000000000000503e+00,1.211240000000000538e+00,1.471696120330596491e+00,3.238037223589347868e-01,-3.397394912351717200e-01,3.545501072388435038e-02,3.973199999999999510e-01,4.631128710049925434e-01,8.580301167233558846e-03,1.760800000000000143e+00,1.428039999999999532e+00,1.074000000000000066e+00,7.246799999999999908e-01,1.377759999999999430e+00
1.829919999999998659e+00,8.061999999999998057e-01,3.637999999999999567e-01,7.288799999999998613e-01,5.327599999999999003e-01,4.741199999999997083e-01,5.842400000000000926e-01,1.351240000000000663e+00,1.333279999999999577e+00,8.431200000000005357e-01,1.191680000000000517e+00,1.212160000000000570e+00,1.469229799925900970e+00,3.294506125851016654e-01,-3.411394912351717323e-01,3.657501072388433944e-02,3.982399999999999829e-01,4.640544486512483968e-01,9.767447020729904186e-03,1.761240000000000139e+00,1.428239999999999510e+00,1.072840000000000016e+00,7.278399999999999315e-01,1.375479999999999370e+00
1.828919999999998769e+00,8.047999999999998488e-01,3.661199999999999455e-01,7.299999999999998712e-01,5.286399999999998878e-01,4.700399999999996803e-01,5.850800000000000445e-01,1.347880000000000633e+00,1.331479999999999553e+00,8.434000000000005937e-01,1.193920000000000536e+00,1.216880000000000628e+00,1.472304159126851975e+00,3.330549104813818051e-01,-3.438594912351717325e-01,3.753501072388434195e-02,3.980400000000000049e-01,4.591871565554661583e-01,1.038263407619834273e-02,1.767480000000000162e+00,1.430199999999999472e+00,1.073439999999999950e+00,7.292399999999998883e-01,1.372959999999999292e+00
1.834079999999998822e+00,8.062799999999998857e-01,3.642799999999999372e-01,7.233599999999998920e-01,5.298799999999999066e-01,4.711999999999996747e-01,5.824799999999999978e-01,1.348240000000000549e+00,1.332719999999999683e+00,8.408000000000005469e-01,1.188200000000000589e+00,1.215800000000000658e+00,1.464772358273820796e+00,3.407985519226609528e-01,-3.449394912351717024e-01,4.117501072388433936e-02,4.024399999999999644e-01,4.647292564851099317e-01,1.336884112584755917e-02,1.766880000000000228e+00,1.432399999999999451e+00,1.069919999999999982e+00,7.264799999999999036e-01,1.369519999999999182e+00
1.839839999999998810e+00,8.149199999999998667e-01,3.613999999999999435e-01,7.263999999999999346e-01,5.253999999999998671e-01,4.705199999999996607e-01,5.869600000000000373e-01,1.346600000000000463e+00,1.327719999999999789e+00,8.360400000000005605e-01,1.188240000000000629e+00,1.211160000000000680e+00,1.469326916731939381e+00,3.368512960881634988e-01,-3.434194912351717366e-01,4.053501072388434462e-02,4.026399999999999424e-01,4.614746145354581275e-01,1.174157633909803967e-02,1.768840000000000190e+00,1.425399999999999556e+00,1.068119999999999958e+00,7.253999999999999337e-01,1.374159999999999160e+00
1.840999999999998860e+00,8.166399999999998105e-01,3.616399999999999615e-01,7.266799999999998816e-01,5.293599999999998307e-01,4.702799999999996428e-01,5.864000000000000323e-01,1.349320000000000519e+00,1.335039999999999782e+00,8.355600000000005245e-01,1.190520000000000689e+00,1.215960000000000596e+00,1.477098228714530004e+00,3.385637130538832196e-01,-3.473394912351717712e-01,3.621501072388433329e-02,4.002799999999999137e-01,4.614324350447516210e-01,1.045006316514969502e-02,1.773000000000000131e+00,1.429039999999999644e+00,1.066759999999999931e+00,7.239599999999999369e-01,1.373079999999999190e+00
1.841879999999998851e+00,8.173199999999998244e-01,3.632399999999999518e-01,7.297199999999999243e-01,5.311599999999998545e-01,4.712799999999996436e-01,5.809600000000000319e-01,1.349560000000000537e+00,1.328079999999999705e+00,8.341600000000005677e-01,1.185200000000000697e+00,1.217800000000000660e+00,1.477222244397528250e+00,3.320446875098344575e-01,-3.419794912351717953e-01,3.941501072388433474e-02,4.047199999999999132e-01,4.667030757556032139e-01,1.033681504576984371e-02,1.769320000000000004e+00,1.425879999999999592e+00,1.071559999999999846e+00,7.219599999999999351e-01,1.372279999999999278e+00
1.845239999999998881e+00,8.162399999999998546e-01,3.629599999999999493e-01,7.295599999999998753e-01,5.309599999999998765e-01,4.659199999999996122e-01,5.859600000000000364e-01,1.352800000000000447e+00,1.331199999999999717e+00,8.344000000000005857e-01,1.185200000000000697e+00,1.220960000000000711e+00,1.478189214994870326e+00,3.347406710576432132e-01,-3.397794912351718155e-01,4.373501072388432526e-02,4.062799999999999190e-01,4.689923193639546350e-01,9.800572433577544110e-03,1.768799999999999928e+00,1.422159999999999647e+00,1.068719999999999892e+00,7.186399999999999455e-01,1.369879999999999320e+00
1.842799999999998883e+00,8.170799999999998064e-01,3.630399999999999183e-01,7.265599999999998726e-01,5.335199999999998832e-01,4.668399999999996441e-01,5.830000000000000737e-01,1.355280000000000484e+00,1.333399999999999697e+00,8.354800000000005555e-01,1.182080000000000686e+00,1.216000000000000636e+00,1.478877461396117976e+00,3.362847557905040974e-01,-3.359794912351717899e-01,4.109501072388432874e-02,4.051599999999999091e-01,4.627408930417915567e-01,1.493638224004373814e-02,1.772599999999999953e+00,1.422959999999999559e+00,1.067879999999999940e+00,7.201599999999999113e-01,1.370639999999999414e+00
1.840639999999998944e+00,8.157199999999997786e-01,3.662799999999999390e-01,7.231599999999999140e-01,5.259999999999999121e-01,4.682799999999996410e-01,5.841200000000000836e-01,1.355160000000000364e+00,1.328679999999999639e+00,8.373600000000005483e-01,1.179840000000000666e+00,1.210600000000000565e+00,1.478735702178288092e+00,3.362094111053229306e-01,-3.378594912351717827e-01,4.101501072388433894e-02,4.070799999999998864e-01,4.581115670573133181e-01,1.761418397721159490e-02,1.770999999999999908e+00,1.423839999999999550e+00,1.069039999999999990e+00,7.192799999999999194e-01,1.373919999999999364e+00
