3.848419927381398153e+00,6.041086374918632096e+00,4.116882584797822098e+00,3.257597163374743143e+00,5.440436279881089021e+00,2.802495460712520536e+00,6.045084106240106614e+00,3.992632759072802795e+00,5.480800216490812282e+00,1.677623496392733227e+00,3.457437814241613339e+00,3.856301247570747659e+00,2.312436206220516599e+00,3.553651018601980294e+00,3.830204192324825119e+00,1.386909708457111590e+00,6.148231249221471018e+00,1.752698343160818517e+00,8.308177746932522423e-01,3.179927085914859841e+00,5.499816215244758055e+00,3.434998588042417200e+00,5.588719693383428222e+00,2.290074082297933966e+00,1.205461370688815093e+00,1.390500968256413117e+00,4.567580824402388551e+00,6.453232897290999137e-01,5.087203004093047376e+00,5.942097765134627174e+00
3.850339927381398297e+00,6.041046374918631834e+00,4.118002584797822330e+00,3.257917163374743019e+00,5.440716279881089079e+00,2.800855460712520451e+00,6.045360804164329416e+00,3.992378500464418778e+00,5.477638338329827938e+00,1.678981551545108086e+00,3.457681073129969196e+00,3.858325189899706409e+00,2.312810480059411589e+00,3.553915872522346753e+00,3.829520783907923054e+00,1.386877998199285811e+00,6.148107281240898558e+00,1.752561445857267142e+00,8.310785775204746484e-01,3.180332585106714127e+00,5.500153304640043928e+00,3.435163438592154783e+00,5.583597786092211912e+00,2.290271060955511473e+00,1.206175625306131982e+00,1.391043511511326214e+00,4.567645160680809724e+00,6.453284517330856174e-01,5.087364713742028144e+00,5.941884329014251342e+00
3.852499927381398237e+00,6.040966374918632198e+00,4.118762584797821980e+00,3.258437163374742873e+00,5.441236279881088933e+00,2.798295460712520555e+00,6.045291402012770376e+00,3.991485644895023555e+00,5.476374381134538005e+00,1.680382073590969583e+00,3.457883804009949102e+00,3.859811136901703854e+00,2.314412362849893157e+00,3.553997472449878181e+00,3.829267181214406790e+00,1.387004354720951849e+00,6.148107281240898558e+00,1.752505497279854829e+00,8.317513082089159626e-01,3.180216845141123461e+00,5.500613265661821849e+00,3.435081360859108646e+00,5.579758492860723784e+00,2.290126352687391620e+00,1.207347355324500660e+00,1.390772590469893322e+00,4.566789567779796499e+00,6.453412820332221633e-01,5.086749720900064275e+00,5.941357476171263308e+00
3.854299927381398039e+00,6.040966374918632198e+00,4.119882584797822211e+00,3.259397163374742945e+00,5.441796279881089049e+00,2.796175460712520433e+00,6.045570042980619618e+00,3.991485644895023555e+00,5.473759233627982113e+00,1.681697767513794961e+00,3.458005457354439649e+00,3.860803575568806600e+00,2.315646932063647689e+00,3.553156678038448923e+00,3.830174180196673994e+00,1.387168625631516328e+00,6.148045350747433524e+00,1.752492879574754747e+00,8.323916992925163294e-01,3.181058348940322578e+00,5.500854229515439897e+00,3.434965481898801354e+00,5.575401803846907534e+00,2.290123350455847806e+00,1.208364478788659158e+00,1.390231075662688554e+00,4.566606946765523922e+00,6.452251809771318847e-01,5.086295886197190086e+00,5.941116789454000013e+00
3.856059927381398023e+00,6.040806374918632038e+00,4.120642584797821861e+00,3.260317163374742755e+00,5.442396279881089427e+00,2.794095460712520573e+00,6.045779673733246540e+00,3.991870436149576928e+00,5.471597685281244239e+00,1.683055903176066348e+00,3.458208258817852876e+00,3.862520396534849798e+00,2.316465173072973727e+00,3.554474397429272070e+00,3.828792574280928562e+00,1.387168625631516328e+00,6.148293019576382079e+00,1.752492879574754747e+00,8.329003304908378924e-01,3.181460971363377244e+00,5.501506886208272995e+00,3.434719862112799227e+00,5.569681978185387017e+00,2.290150137217625836e+00,1.208735240840510317e+00,1.390140902720796934e+00,4.567597418773052809e+00,6.453548432009889035e-01,5.086214565277520805e+00,5.940807070164251691e+00
3.858219927381397962e+00,6.040486374918631718e+00,4.121882584797821991e+00,3.260517163374742733e+00,5.442876279881089019e+00,2.791735460712520656e+00,6.046480575702346094e+00,3.992384651844660848e+00,5.469528978886541992e+00,1.684541481545679176e+00,3.458127120495403606e+00,3.863877818607080794e+00,2.317403408539701726e+00,3.554038359020111670e+00,3.828999979672124354e+00,1.387434087654642045e+00,6.148416830982733394e+00,1.752196645220122750e+00,8.326965223759273949e-01,3.181213840828402972e+00,5.502465511421418931e+00,3.435739076474303655e+00,5.565282924165389389e+00,2.290223568825320299e+00,1.209183057932677441e+00,1.390050836020825242e+00,4.568143336572097368e+00,6.455322699919731066e-01,5.085808592937951289e+00,5.940214589435548476e+00
3.860139927381398106e+00,6.040206374918631660e+00,4.123362584797821917e+00,3.260997163374742769e+00,5.443556279881089033e+00,2.789415460712520556e+00,6.046902698999335080e+00,3.992255622043083818e+00,5.466833557753677297e+00,1.686112198798651152e+00,3.458208262692687551e+00,3.865192246721905089e+00,2.317952989584075585e+00,3.554394133630291996e+00,3.828715939318900752e+00,1.387314144621937029e+00,6.148293062707330670e+00,1.752160196602853715e+00,8.327320794586758890e-01,3.179928607226868209e+00,5.502549094681026709e+00,3.435965957544390381e+00,5.559399614729060524e+00,2.290485456271666109e+00,1.209870427025427908e+00,1.390410708188497546e+00,4.567105017403660483e+00,6.455872290885354969e-01,5.085279036195250235e+00,5.939650337179251949e+00
3.862819927381397900e+00,6.040446374918631456e+00,4.124042584797821931e+00,3.261677163374742783e+00,5.443996279881089251e+00,2.787495460712520412e+00,6.046337978395667889e+00,3.992774029141803904e+00,5.464231934081502651e+00,1.686961352944503778e+00,3.457680777783384229e+00,3.866463507874513539e+00,2.318772224866287868e+00,3.555018398527093115e+00,3.827749584720461673e+00,1.387326171626511284e+00,6.148354937222696215e+00,1.752570525987616978e+00,8.331505994305262730e-01,3.179765395739735379e+00,5.503413912052019796e+00,3.436005984907049893e+00,5.554213964522949354e+00,2.291234571678807175e+00,1.210486834654477040e+00,1.390051333658553157e+00,4.566180596660406543e+00,6.456403443176192969e-01,5.085240841844258064e+00,5.939162796980468784e+00
3.864899927381397760e+00,6.040566374918631354e+00,4.125242584797821799e+00,3.262397163374742615e+00,5.444476279881088843e+00,2.785615460712520530e+00,6.046337978395667889e+00,3.992124698941345251e+00,5.460736627941270349e+00,1.688447195993513672e+00,3.457315536161529312e+00,3.867600170143396188e+00,2.320329712949858791e+00,3.555046598884714193e+00,3.827633600657009527e+00,1.387265724189071570e+00,6.148726160578898536e+00,1.752848754175720503e+00,8.331541366746081367e-01,3.180241981521501948e+00,5.504629496517327247e+00,3.436198520057040184e+00,5.549113910088673940e+00,2.291632307845949956e+00,1.211398036093837671e+00,1.389737218217823589e+00,4.565124144103676507e+00,6.459382680609189187e-01,5.084504353339077021e+00,5.938638373761458311e+00
3.866979927381397619e+00,6.040846374918631412e+00,4.126602584797821827e+00,3.262917163374742469e+00,5.444676279881089265e+00,2.783615460712520751e+00,6.046551527583574170e+00,3.992255033602470693e+00,5.457782220403585960e+00,1.689805600356389270e+00,3.457680841444588982e+00,3.869193717194051363e+00,2.321788014894575092e+00,3.555113567209162717e+00,3.827580131237775074e+00,1.387310004447347422e+00,6.148973626999346465e+00,1.752799774407118871e+00,8.338543105962837876e-01,3.179375400046988265e+00,5.505285418087601634e+00,3.435859763631838426e+00,5.544431670140792967e+00,2.291678204681612652e+00,1.212057430693377347e+00,1.389557950142726206e+00,4.566982016858863958e+00,6.459517843538004067e-01,5.084874424622504385e+00,5.938110179214558748e+00
3.869579927381397777e+00,6.040486374918631718e+00,4.127762584797821432e+00,3.263557163374742665e+00,5.445356279881089279e+00,2.781135460712520935e+00,6.046980200887179357e+00,3.991338948541670373e+00,5.453576299926216286e+00,1.690909151033876068e+00,3.457802625280103292e+00,3.871063230643557951e+00,2.322709293978638900e+00,3.554310378075297816e+00,3.828547423063437982e+00,1.387224687815348023e+00,6.149344555985165606e+00,1.752851914770340525e+00,8.336759020840353029e-01,3.178833139485651937e+00,5.506482363218046849e+00,3.436723647951189786e+00,5.539128983312906485e+00,2.291184226385605704e+00,1.212643228059806511e+00,1.389244587392277630e+00,4.567840746791559603e+00,6.461264874568024563e-01,5.085040081743799512e+00,5.937636254898203347e+00
3.871379927381397579e+00,6.040606374918631616e+00,4.128202584797821650e+00,3.263957163374742620e+00,5.446036279881089293e+00,2.778895460712520915e+00,6.047051977469741324e+00,3.990682307073862845e+00,5.451074430065665943e+00,1.692777031010383348e+00,3.457721423351141521e+00,3.872433717508054762e+00,2.323674737610544661e+00,3.555966264914774300e+00,3.826806610613074255e+00,1.386978537000162603e+00,6.148850114888253060e+00,1.752871583401370614e+00,8.331056052230546571e-01,3.177649515236768085e+00,5.506508834699634036e+00,3.437294365915109395e+00,5.534072878026260689e+00,2.291659283309239292e+00,1.213525003600855356e+00,1.389065771045937092e+00,4.568340820507074795e+00,6.463010435127173325e-01,5.084834982543184445e+00,5.937172672062506429e+00
3.874219927381397532e+00,6.040366374918631820e+00,4.129042584797821824e+00,3.264677163374742452e+00,5.446716279881089307e+00,2.776855460712520873e+00,6.046835954431347915e+00,3.990550803952616743e+00,5.448754769636780182e+00,1.694729698623027803e+00,3.457843238208739400e+00,3.873943809528022530e+00,2.325021124844377063e+00,3.556091713881866401e+00,3.827077786266991577e+00,1.386599517529065073e+00,6.148911914063125650e+00,1.753037394060904974e+00,8.335531857330841232e-01,3.177734103842972946e+00,5.507120950427256467e+00,3.437174013178815990e+00,5.528768322844196170e+00,2.291779350159617756e+00,1.214121803668642308e+00,1.388753192874780273e+00,4.568760728212357236e+00,6.464010417969445754e-01,5.085004088850893389e+00,5.936460601115192581e+00
3.876539927381397632e+00,6.040606374918631616e+00,4.130282584797821954e+00,3.265437163374742546e+00,5.447156279881089525e+00,2.774735460712520752e+00,6.047197832086419034e+00,3.990550803952616743e+00,5.444746020701983547e+00,1.696427872255674263e+00,3.457802626043480654e+00,3.875456248638853296e+00,2.325907421267274344e+00,3.556519586935968036e+00,3.826921431550409647e+00,1.386555203907130052e+00,6.149282674447441366e+00,1.753085964375721284e+00,8.340045654607796122e-01,3.178761244890291771e+00,5.508126629165642996e+00,3.437244840794021705e+00,5.523070631002192421e+00,2.291826070828447470e+00,1.215104541983657915e+00,1.388530148123886532e+00,4.569260069029007276e+00,6.465833248417025558e-01,5.084760928465048124e+00,5.935710400869496084e+00
3.879459927381397666e+00,6.040486374918631718e+00,4.131762584797821880e+00,3.265837163374742502e+00,5.447836279881089538e+00,2.772575460712520812e+00,6.046907116096999601e+00,3.990550803952616743e+00,5.441898131066507993e+00,1.698210742684610475e+00,3.457843245869951065e+00,3.877430205880667113e+00,2.326959507074819467e+00,3.557406542177258491e+00,3.826166517502104902e+00,1.386763508279804880e+00,6.149344445385058755e+00,1.753024187274510481e+00,8.335930287874387945e-01,3.179491756569754468e+00,5.508400034452869853e+00,3.437688737549931428e+00,5.517854946148283091e+00,2.291817787524444316e+00,1.215478050455644832e+00,1.388441056395111506e+00,4.568242990975727835e+00,6.469190256700515507e-01,5.084969969830081205e+00,5.935300291863042865e+00
3.881659927381397868e+00,6.040526374918631980e+00,4.132842584797821850e+00,3.266477163374742698e+00,5.448436279881089916e+00,2.770015460712520916e+00,6.046395662583779362e+00,3.990019074091900375e+00,5.437543854531696752e+00,1.699696556302286554e+00,3.458005741383584297e+00,3.879407453143232321e+00,2.328372454579576978e+00,3.557400254617163249e+00,3.825755746846470462e+00,1.386524272566510785e+00,6.149529734461512298e+00,1.752954186847943907e+00,8.330263674064485313e-01,3.178832136901955430e+00,5.508409001242056569e+00,3.438646788194501536e+00,5.512610509066819375e+00,2.292411478841167582e+00,1.216486816298558704e+00,1.388307622753342407e+00,4.569179396570395291e+00,6.471004275798618588e-01,5.084520472228404309e+00,5.934590752942236591e+00
3.883739927381397727e+00,6.040966374918632198e+00,4.133922584797821820e+00,3.266997163374742552e+00,5.449036279881090294e+00,2.767495460712520838e+00,6.045955512710293966e+00,3.990285816823293530e+00,5.436123933297151822e+00,1.701734203194132933e+00,3.457924480603952411e+00,3.881204338390408015e+00,2.329257414858163511e+00,3.557015220835637592e+00,3.826293951003728377e+00,1.386500763749552556e+00,6.149529734461512298e+00,1.753268462726525145e+00,8.339866973024395724e-01,3.178695785989025246e+00,5.508882913691314442e+00,3.438371702203574909e+00,5.507179658885339002e+00,2.292887416359798980e+00,1.217192224620766483e+00,1.387730250677536192e+00,4.568140648569231743e+00,6.473185543270956188e-01,5.083825915758915848e+00,5.934032516501260623e+00
3.886339927381397885e+00,6.041126374918632358e+00,4.135322584797822110e+00,3.267037163374742370e+00,5.449916279881090730e+00,2.764895460712520681e+00,6.046029150823297726e+00,3.990553442335585288e+00,5.433287848004735743e+00,1.703516756250864184e+00,3.457802573485951214e+00,3.883050934227671558e+00,2.330369800941342717e+00,3.558571003775819364e+00,3.824590198419117293e+00,1.386295907989060217e+00,6.149900015510548990e+00,1.753285358810961814e+00,8.343078346666900069e-01,3.178121189310199490e+00,5.510038050565605694e+00,3.438409588874376421e+00,5.501917664839376165e+00,2.293439651022588510e+00,1.217872158856204923e+00,1.387907810850000256e+00,4.567548380647710182e+00,6.472540670891737680e-01,5.083419315130514704e+00,5.933432710031793178e+00
3.888419927381397745e+00,6.040646374918632766e+00,4.136722584797822400e+00,3.267717163374742384e+00,5.450956279881090438e+00,2.762335460712520785e+00,6.044993276499203816e+00,3.990956608331221123e+00,5.431341816057635441e+00,1.705426483584336461e+00,3.458127662413081005e+00,3.885225135245661487e+00,2.331753166159605151e+00,3.559103202615965689e+00,3.823705115504472563e+00,1.386582637095266968e+00,6.149900015510548990e+00,1.753261563599367356e+00,8.346003500644098017e-01,3.178424240233042042e+00,5.510753619512168910e+00,3.438703712648556454e+00,5.496060261463754593e+00,2.293374902802874704e+00,1.218588634285096894e+00,1.387774834009807945e+00,4.567278587526645950e+00,6.470624134449074472e-01,5.082968547611054433e+00,5.933038476219726576e+00
3.890779927381397663e+00,6.040566374918633130e+00,4.137242584797822254e+00,3.268117163374742340e+00,5.451596279881090190e+00,2.759455460712520569e+00,6.044473345159731892e+00,3.990686670670331893e+00,5.428076420433794347e+00,1.707506457912413511e+00,3.457761874469131413e+00,3.886847516051922469e+00,2.333025381627364503e+00,3.560787068846440029e+00,3.821992863707689647e+00,1.386773804606680649e+00,6.150023435176399822e+00,1.752891520394262104e+00,8.345834933327397342e-01,3.178092844298586073e+00,5.510669296734374001e+00,3.440122124211193455e+00,5.490215111968465678e+00,2.293726991558190598e+00,1.219659852251829379e+00,1.387774834009807945e+00,4.567208633920795791e+00,6.470845605710043857e-01,5.083590218039716113e+00,5.932254664135009570e+00
3.893419927381397638e+00,6.040886374918633450e+00,4.139002584797822237e+00,3.268597163374742376e+00,5.452356279881089840e+00,2.757255460712520367e+00,6.044846354749735973e+00,3.991768153972139910e+00,5.424463089258565240e+00,1.709841215411105786e+00,3.457802521703589704e+00,3.888287798334264078e+00,2.334278151439058924e+00,3.563290374657637649e+00,3.819580666200169006e+00,1.386719087648154103e+00,6.150146806913141972e+00,1.753072691111735137e+00,8.345186727921399816e-01,3.177427229634432138e+00,5.510995042539269306e+00,3.440155200299436000e+00,5.485242681921383756e+00,2.294401050030428824e+00,1.220343930173295677e+00,1.387597982981967570e+00,4.568608323855836595e+00,6.469068286800206957e-01,5.083885269942692631e+00,5.931382848902948979e+00
3.896499927381397832e+00,6.040846374918633188e+00,4.140762584797822221e+00,3.268717163374742274e+00,5.453356279881090174e+00,2.754775460712520552e+00,6.045521086115236642e+00,3.992447768413516229e+00,5.421647622982372461e+00,1.711411621860045029e+00,3.457883826119492188e+00,3.890568415679106273e+00,2.335307656309904001e+00,3.563198736270129618e+00,3.819699602874187860e+00,1.386995215081182620e+00,6.150208486576634215e+00,1.753181463621230396e+00,8.356746382565647391e-01,3.176683059436652190e+00,5.511478277935770720e+00,3.439879804410583386e+00,5.480896750350277458e+00,2.294471239050282829e+00,1.221512990646077101e+00,1.387597982981967570e+00,4.569732936316050598e+00,6.468843524485294871e-01,5.084174922007344222e+00,5.930755441284193630e+00
3.899179927381397626e+00,6.040486374918633494e+00,4.142322584797821783e+00,3.269237163374742128e+00,5.454436279881090144e+00,2.751935460712520598e+00,6.046124322484032199e+00,3.991354430301258471e+00,5.417872610123393606e+00,1.713661167471845159e+00,3.457599251938733076e+00,3.892620444030335136e+00,2.336329016683135862e+00,3.563198430236574676e+00,3.819288569339010397e+00,1.386998691627204128e+00,6.150208486576634215e+00,1.753137258300428991e+00,8.357722813028805042e-01,3.178138351699939523e+00,5.512522346714209931e+00,3.439977585725426223e+00,5.474677477171582041e+00,2.294338608006969871e+00,1.222134139050316648e+00,1.387642057110122673e+00,4.570013554638379105e+00,6.474577157965439866e-01,5.084133509619531033e+00,5.930532567755404827e+00
3.901459927381397463e+00,6.040126374918633800e+00,4.143962584797821869e+00,3.269637163374742084e+00,5.455396279881090216e+00,2.749415460712520520e+00,6.045972748928379659e+00,3.991079764524041451e+00,5.414194074129820677e+00,1.715613951083648114e+00,3.457802546287941592e+00,3.894583754032762357e+00,2.337347437975902942e+00,3.563013638459188837e+00,3.819481720489390941e+00,1.386926288092302562e+00,6.150023424846887465e+00,1.753537544202288911e+00,8.359091889400909192e-01,3.177928222127472058e+00,5.514171968546905944e+00,3.440981302245843754e+00,5.468475877191282031e+00,2.293817896487914343e+00,1.223526485278020326e+00,1.387201932530632176e+00,4.570566376657336782e+00,6.475580744697501112e-01,5.083970824383471587e+00,5.929875710623873530e+00
3.904219927381397337e+00,6.040326374918634222e+00,4.145562584797821692e+00,3.270277163374742280e+00,5.456036279881089968e+00,2.746415460712520407e+00,6.046277209390270357e+00,3.989837416845498197e+00,5.411309836303605181e+00,1.717694461266965344e+00,3.457843209339213519e+00,3.896691674331296262e+00,2.338797054721004631e+00,3.561851943384954478e+00,3.820818942489999870e+00,1.386721777531595423e+00,6.150516873997003309e+00,1.753555138877686881e+00,8.363622039101989980e-01,3.177055641211488979e+00,5.514742841025470632e+00,3.441342738333026396e+00,5.462673958923899065e+00,2.294421575348356779e+00,1.223891628820615640e+00,1.387289833839155717e+00,4.570560272987672867e+00,6.473822106537044929e-01,5.083940587416012846e+00,5.928989069124382283e+00
3.907259927381397269e+00,6.040126374918633800e+00,4.146682584797821924e+00,3.270637163374742418e+00,5.456796279881089617e+00,2.743895460712520329e+00,6.046506758910071611e+00,3.990392349392908766e+00,5.408778730085201047e+00,1.719562489283499529e+00,3.458127897729028177e+00,3.899837964745133334e+00,2.340366700940975431e+00,3.563266788834982712e+00,3.819552258633428288e+00,1.387084348404772349e+00,6.151010003129971260e+00,1.753088173085952661e+00,8.367486262771237637e-01,3.176720968577072313e+00,5.515390457456710749e+00,3.441444233869641156e+00,5.456089201712536862e+00,2.294713049081977818e+00,1.224567593909445584e+00,1.387158090605906891e+00,4.570512299281949353e+00,6.476385925841258162e-01,5.083779152998532780e+00,5.928538507018948245e+00
3.909579927381397368e+00,6.040286374918633960e+00,4.148722584797821966e+00,3.271157163374742272e+00,5.457636279881089791e+00,2.741055460712520375e+00,6.046352831580006360e+00,3.989417789517948787e+00,5.403986276411323786e+00,1.722449727905245975e+00,3.458412612681356801e+00,3.902190901528600708e+00,2.343131963839268028e+00,3.561985363562991225e+00,3.820984178556917410e+00,1.387274594859221333e+00,6.150886768368148516e+00,1.752246628075552870e+00,8.361060989594132353e-01,3.176515163578910173e+00,5.514864426782453144e+00,3.442153787126522868e+00,5.450537389721134218e+00,2.294748520834117844e+00,1.224700027730930785e+00,1.387070376841581965e+00,4.571060053890859010e+00,6.480963181787982030e-01,5.083454461382923562e+00,5.928118657244002776e+00
3.913379927381397394e+00,6.040486374918634382e+00,4.150642584797822110e+00,3.271157163374742272e+00,5.458556279881089601e+00,2.737975460712520182e+00,6.046120906009019080e+00,3.988857299957598634e+00,5.400246270111316527e+00,1.725124457400401434e+00,3.458453291746682368e+00,3.904124937242519522e+00,2.344139705094357318e+00,3.561047767130076203e+00,3.821778618452524423e+00,1.387197909531769691e+00,6.151194716104464000e+00,1.752686416099758615e+00,8.367176617060247956e-01,3.176826374281904286e+00,5.515572095076673342e+00,3.441995987187373540e+00,5.443549196850026917e+00,2.294643759492333235e+00,1.225793410971729669e+00,1.386851403632780588e+00,4.570657785190705091e+00,6.484486200109650378e-01,5.082968874855014363e+00,5.927189538341985475e+00
3.916539927381397224e+00,6.040406374918634747e+00,4.151802584797821716e+00,3.271317163374742432e+00,5.459316279881089251e+00,2.734815460712520352e+00,6.046354546679737929e+00,3.988011431422034292e+00,5.397728960221365391e+00,1.728478150994584794e+00,3.457965142962775129e+00,3.906631589785346304e+00,2.345515761137461741e+00,3.562455314392894312e+00,3.820246914482743783e+00,1.387572866353304013e+00,6.150640628397517240e+00,1.752566990357866450e+00,8.366848358528093943e-01,3.176704928195347666e+00,5.515927906780021317e+00,3.442744192095370970e+00,5.437065600879361860e+00,2.294931380016761224e+00,1.226424175873900513e+00,1.386938886712886454e+00,4.570178982441500892e+00,6.484282412830169040e-01,5.082852469694103092e+00,5.926551001017487330e+00
3.919819927381397395e+00,6.040206374918634324e+00,4.153322584797821904e+00,3.272157163374742606e+00,5.460036279881089527e+00,2.731335460712520202e+00,6.046981444356982038e+00,3.988294430191558604e+00,5.395735750493162008e+00,1.730855546972141390e+00,3.457965142962775129e+00,3.909097623012807610e+00,2.347019479029999633e+00,3.565694255044862260e+00,3.816438651485260625e+00,1.387016485698547630e+00,6.151009858926177465e+00,1.752917818512291781e+00,8.377801510786015982e-01,3.175323621782499828e+00,5.516252985668432807e+00,3.441711027146744595e+00,5.430802593645736920e+00,2.295583360441151299e+00,1.226918851194466642e+00,1.386982575797508721e+00,4.569388896314519499e+00,6.491381217316647412e-01,5.081622863110305310e+00,5.925829253012415698e+00
3.923459927381397261e+00,6.040286374918633960e+00,4.154882584797821465e+00,3.272197163374742424e+00,5.461236279881089395e+00,2.728295460712520271e+00,6.046113886257170833e+00,3.988294430191558604e+00,5.392274682047808021e+00,1.734209705848259286e+00,3.458249970922978811e+00,3.911428396621127401e+00,2.349303044637718774e+00,3.564805883545110632e+00,3.817148778182207547e+00,1.386481947768223089e+00,6.150579447659255017e+00,1.753008581389394305e+00,8.383274603509124345e-01,3.173032021772375533e+00,5.516324038252680140e+00,3.442072687515608909e+00,5.425241358047539819e+00,2.295828490841478331e+00,1.227947905452357213e+00,1.387200695709941201e+00,4.569971339860607884e+00,6.492084246372709089e-01,5.081343814175703244e+00,5.924898876886371291e+00
3.926899927381397148e+00,6.040126374918633800e+00,4.156722584797821085e+00,3.272357163374742584e+00,5.462156279881089205e+00,2.725055460712520361e+00,6.046272764304801761e+00,3.987722832183835830e+00,5.389340369743434778e+00,1.737139171485810651e+00,3.458046520242422872e+00,3.914099220630235632e+00,2.350416719798537279e+00,3.565732190537859836e+00,3.816183338753022181e+00,1.386693044549723863e+00,6.151194208111739670e+00,1.752433067205043660e+00,8.383904508124853105e-01,3.172675447845482832e+00,5.517302646480309214e+00,3.442529683927060713e+00,5.418225331999487970e+00,2.296707881612886748e+00,1.229006161308036083e+00,1.386982817773142473e+00,4.570878506316130796e+00,6.500081274912495877e-01,5.081148477743087533e+00,5.923900945411413765e+00
3.930579927381397276e+00,6.039926374918633378e+00,4.158562584797820705e+00,3.272237163374742686e+00,5.463316279881088811e+00,2.721655460712520291e+00,6.046272764304801761e+00,3.986860349104287327e+00,5.385033730903121985e+00,1.739601816192594352e+00,3.458290671327563626e+00,3.916777679069016305e+00,2.352010673934535223e+00,3.566083928847517459e+00,3.815677477019838726e+00,1.386288676247944052e+00,6.151009860950622077e+00,1.752427078527678317e+00,8.385838149973224853e-01,3.173608791022322517e+00,5.518516650179898342e+00,3.442530614610056272e+00,5.411100608264787226e+00,2.296607254595081749e+00,1.230256809420574582e+00,1.386939302893096748e+00,4.571757203383085333e+00,6.503541759605118155e-01,5.080947975255694082e+00,5.923200555064368267e+00
3.934859927381397338e+00,6.039686374918633582e+00,4.159602584797820413e+00,3.272597163374742824e+00,5.464156279881088984e+00,2.718135460712520324e+00,6.046031029090966236e+00,3.987727969534398564e+00,5.379105341160827614e+00,1.742404414110838795e+00,3.457639622307422389e+00,3.919991963235864851e+00,2.353361020625714950e+00,3.566003845728773491e+00,3.815382801802050139e+00,1.386555826489379806e+00,6.151071284049693055e+00,1.752147312437885462e+00,8.392616875281210254e-01,3.173404569181401236e+00,5.520053881157827469e+00,3.442434434298156543e+00,5.403394719621875453e+00,2.296570707468756911e+00,1.231534575382134067e+00,1.386070356132883541e+00,4.570682957616665654e+00,6.505924095790719397e-01,5.080921447630677434e+00,5.922118387965042530e+00
3.938619927381397545e+00,6.039966374918633640e+00,4.161202584797820236e+00,3.272437163374742664e+00,5.465596279881088648e+00,2.714735460712520254e+00,6.046193587363334565e+00,3.987147604806188017e+00,5.374302539983503380e+00,1.745207346075118071e+00,3.457680316726173153e+00,3.923023910280982296e+00,2.354317623599800680e+00,3.565132002570865044e+00,3.815855958681916071e+00,1.386956206132083480e+00,6.150948503739992468e+00,1.752195340352539876e+00,8.399726184080841263e-01,3.172453117584833393e+00,5.521072746625129035e+00,3.441980939475706158e+00,5.395376372983093027e+00,2.297083372658209832e+00,1.231115945751308338e+00,1.386547465400376211e+00,4.570194697392624406e+00,6.512967897802097728e-01,5.080890804942149508e+00,5.921577661179461494e+00
3.942099927381397695e+00,6.040166374918634062e+00,4.162962584797820220e+00,3.272517163374742744e+00,5.466196279881089026e+00,2.711215460712520287e+00,6.046111682575435964e+00,3.986272522452087852e+00,5.370283998003724690e+00,1.748009888356216734e+00,3.458087243766686303e+00,3.926065206642582073e+00,2.356180270823425627e+00,3.566015325290083915e+00,3.815060386574194329e+00,1.386948654534231773e+00,6.150948503739992468e+00,1.752280640657229327e+00,8.404863059838049155e-01,3.171106251443589930e+00,5.521910280731091802e+00,3.442211619522735244e+00,5.388466339015558937e+00,2.297293823658145939e+00,1.232021947224881009e+00,1.386417505085231205e+00,4.571656302465230581e+00,6.514226180574569369e-01,5.081365720141549858e+00,5.920268516800227587e+00
3.946259927381397858e+00,6.040446374918634120e+00,4.164482584797820408e+00,3.272477163374742926e+00,5.466916279881089302e+00,2.707455460712520079e+00,6.047019098909629520e+00,3.985392405035577568e+00,5.366612159203380195e+00,1.750854611160254315e+00,3.458575566500212251e+00,3.928825721822311934e+00,2.357967178930474361e+00,3.565851232914328595e+00,3.814879664155781391e+00,1.387033991533448640e+00,6.151009814329474246e+00,1.752230503409132778e+00,8.403844127535053943e-01,3.172213501607166197e+00,5.523000791032494305e+00,3.442897974294643060e+00,5.380004212580566048e+00,2.297672997429266672e+00,1.233051710807666179e+00,1.385855124396042859e+00,4.573529093981289151e+00,6.514940348816359306e-01,5.080837809414634698e+00,5.919376495699620655e+00
3.950539927381397920e+00,6.040486374918634382e+00,4.167202584797820464e+00,3.272877163374742882e+00,5.468276279881089330e+00,2.703855460712520031e+00,6.047102304719834898e+00,3.983181141648526769e+00,5.361070206841914931e+00,1.754250823843705342e+00,3.458982497825419777e+00,3.932859389526160765e+00,2.359942538974896031e+00,3.567774309251992015e+00,3.812762200332642237e+00,1.386467182849304702e+00,6.150519948459147734e+00,1.752241648095074211e+00,8.416794252510408914e-01,3.172532331774413628e+00,5.524301609600043683e+00,3.442146230532325824e+00,5.372155588397617976e+00,2.297452037328354013e+00,1.234254175671929854e+00,1.386503287913186666e+00,4.572340508593761399e+00,6.515988146182701835e-01,5.080972750347368283e+00,5.918699609563940811e+00
3.954779927381397719e+00,6.040846374918634076e+00,4.168722584797820652e+00,3.272637163374743086e+00,5.469556279881089722e+00,2.700855460712519918e+00,6.046934399611291866e+00,3.981247499746392471e+00,5.355969318355195519e+00,1.757562065620240865e+00,3.459063892674920204e+00,3.936028898509679408e+00,2.361474165233984124e+00,3.567421472551246531e+00,3.812734188974459482e+00,1.386334994457122383e+00,6.150213919284245101e+00,1.751918700117096606e+00,8.415421114062899832e-01,3.172615779786062351e+00,5.526188140026260243e+00,3.442899668319999940e+00,5.363459779983609010e+00,2.297793796149920631e+00,1.235044846909110428e+00,1.386244529332259390e+00,4.571744774182321613e+00,6.519569893268868377e-01,5.079867877238354978e+00,5.917709901702143505e+00
3.959619927381397897e+00,6.040886374918634338e+00,4.170562584797820271e+00,3.272997163374743224e+00,5.470796279881089852e+00,2.696855460712519914e+00,6.047273221008532040e+00,3.979603105471645641e+00,5.349949616124518137e+00,1.760278498057131547e+00,3.458738333892773298e+00,3.939500751258244282e+00,2.364049961529132382e+00,3.567359870720837378e+00,3.812517833198673323e+00,1.386263114772028571e+00,6.149785534165895129e+00,1.751381850855825206e+00,8.415706669124912720e-01,3.171153319001200455e+00,5.526267141248313308e+00,3.443130535477809229e+00,5.355981795222931829e+00,2.298491463996722661e+00,1.236215445389256207e+00,1.386330670948227262e+00,4.572090516213391354e+00,6.524871440545643164e-01,5.078475137083594326e+00,5.916431576940367698e+00
3.963979927381398038e+00,6.041126374918634134e+00,4.171682584797820503e+00,3.273117163374743122e+00,5.471836279881089560e+00,2.692815460712520093e+00,6.048899257989281963e+00,3.980956752584133174e+00,5.345636922523454793e+00,1.764013518800554792e+00,3.458819731322955615e+00,3.942838542384260681e+00,2.365681731597108595e+00,3.568852650538871796e+00,3.811010654064757919e+00,1.386703316857278434e+00,6.149418552356460843e+00,1.751423143441913410e+00,8.419576544563764919e-01,3.170895779700336092e+00,5.527524763410215591e+00,3.443032281501342773e+00,5.347104089016711193e+00,2.299517959200243933e+00,1.237736837816150404e+00,1.386373670567808913e+00,4.570670674058082916e+00,6.531106257847644203e-01,5.077755249227436707e+00,5.914831793859275599e+00
3.968579927381397976e+00,6.041326374918634556e+00,4.173722584797820545e+00,3.272797163374743246e+00,5.473196279881089588e+00,2.688495460712520213e+00,6.049158412280283947e+00,3.981107719301014924e+00,5.342261827917978323e+00,1.767705658311934380e+00,3.458738331309624492e+00,3.946731309408029631e+00,2.368428543334623271e+00,3.569448741258694380e+00,3.810664933486901162e+00,1.386437936170968888e+00,6.150029592068277040e+00,1.751240806790094195e+00,8.432825035670324931e-01,3.171855061102676565e+00,5.528308506817485757e+00,3.442699617190973171e+00,5.338071492282835173e+00,2.300539005789299374e+00,1.239315526508681042e+00,1.386158985141082933e+00,4.570862903185537895e+00,6.530476469186100585e-01,5.078490650276234142e+00,5.913299050658779699e+00
3.973139927381398095e+00,6.041326374918634556e+00,4.175922584797820747e+00,3.272037163374743152e+00,5.474156279881089660e+00,2.684215460712520152e+00,6.050990637871511701e+00,3.980955720791210961e+00,5.339653602597623561e+00,1.771397433362229767e+00,3.458656938179208051e+00,3.950244539405847188e+00,2.371066780802057128e+00,3.570967360238682886e+00,3.808786338469623889e+00,1.385883924055668182e+00,6.149846414236016301e+00,1.751128803612894469e+00,8.428208488977900759e-01,3.170201517502442279e+00,5.528377104381493545e+00,3.443327457482754816e+00,5.330023374001790160e+00,2.301203678816742482e+00,1.240191919652986252e+00,1.386030334276136866e+00,4.569927676271163364e+00,6.533649607631053513e-01,5.078425392458480125e+00,5.912374918805167745e+00
3.978699927381398105e+00,6.041606374918634614e+00,4.178282584797821109e+00,3.271877163374742992e+00,5.475596279881089323e+00,2.679615460712520214e+00,6.050990637871511701e+00,3.981108845352038017e+00,5.334951453636157304e+00,1.775980326528113773e+00,3.458819691886768855e+00,3.954269421071010537e+00,2.372368051141378054e+00,3.572295630847055925e+00,3.807237179947658756e+00,1.385859185996590526e+00,6.149541477329472094e+00,1.750965815567441020e+00,8.438138852674703649e-01,3.171357007456182764e+00,5.528428687989173973e+00,3.443746845449376703e+00,5.319956980582334793e+00,2.302190039684255396e+00,1.241304803341534591e+00,1.386030334276136866e+00,4.570805249843705731e+00,6.540606364593761768e-01,5.079159890639523667e+00,5.911047858182802983e+00
3.983259927381398224e+00,6.041846374918634410e+00,4.180762584797821368e+00,3.271717163374742832e+00,5.476796279881089191e+00,2.676015460712520166e+00,6.050455381199959071e+00,3.980800149067923233e+00,5.329007748316128001e+00,1.780011018622288832e+00,3.458697631727189137e+00,3.957613841506503860e+00,2.373649419246935288e+00,3.574196447894376405e+00,3.804747051051067697e+00,1.386196187354626241e+00,6.148810313499468272e+00,1.750396469339768002e+00,8.441582449053652848e-01,3.170407075585457868e+00,5.530384904235903676e+00,3.444303635939195640e+00,5.311252764573502816e+00,2.303028850724389009e+00,1.242751546502591786e+00,1.385260795407079470e+00,4.571206958550731336e+00,6.540516854868152485e-01,5.078381437585624880e+00,5.910260336525909430e+00
3.987819927381398344e+00,6.041606374918634614e+00,4.182242584797821294e+00,3.271597163374742934e+00,5.478516279881088913e+00,2.671575460712519945e+00,6.050094898720259629e+00,3.980333194008186748e+00,5.323579946757696746e+00,1.783659424385165559e+00,3.458819686772249824e+00,3.960920230678886433e+00,2.375594987285733595e+00,3.573791548801702245e+00,3.805115629401447208e+00,1.386025232323384815e+00,6.149114787376467106e+00,1.750084347201089630e+00,8.446343912077023397e-01,3.170863342083749536e+00,5.531682676591043624e+00,3.444694781584761500e+00,5.299978162324149089e+00,2.303835111497338328e+00,1.244266874879152107e+00,1.385815484943939913e+00,4.569893041099865272e+00,6.539901083108432545e-01,5.078035671318714250e+00,5.908797721541473535e+00
3.993099927381398295e+00,6.042446374918634788e+00,4.184282584797821336e+00,3.271317163374742876e+00,5.479636279881089145e+00,2.667455460712520043e+00,6.051096444672296570e+00,3.979394563539755847e+00,5.318421167722053866e+00,1.787477974790173452e+00,3.459185840412698276e+00,3.964593740553893575e+00,2.377086466191428826e+00,3.574278245224235206e+00,3.804768890057647734e+00,1.386196009464541579e+00,6.148080182430431861e+00,1.749985121121749421e+00,8.440530888367138163e-01,3.170567455692239633e+00,5.532436130169620547e+00,3.446313467996297231e+00,5.290532271283056254e+00,2.303748572478808043e+00,1.245316128475730366e+00,1.385900703271062850e+00,4.572698716062135738e+00,6.549715157038127344e-01,5.078354715658755403e+00,5.907413079840377890e+00
3.998379927381398247e+00,6.042326374918634890e+00,4.186322584797821378e+00,3.270277163374742724e+00,5.481676279881089187e+00,2.663095460712519902e+00,6.052478667734616735e+00,3.978291827185235885e+00,5.310285908620004491e+00,1.791846288278148291e+00,3.459185840412698276e+00,3.968636477682145003e+00,2.379335128604544991e+00,3.575294471067134161e+00,3.802993544245332647e+00,1.386094588304354724e+00,6.147958607481044169e+00,1.749790595051994302e+00,8.454351735648862887e-01,3.170318488613932395e+00,5.533093703262786711e+00,3.445015632135288275e+00,5.279899029315857639e+00,2.304655605654675199e+00,1.247045324757091622e+00,1.386368739689524787e+00,4.572221364035602420e+00,6.554084553596977170e-01,5.077931363348905158e+00,5.905604599217099349e+00
4.004499927381398372e+00,6.042286374918634628e+00,4.189922584797820981e+00,3.269557163374742892e+00,5.483436279881089170e+00,2.658015460712519928e+00,6.052478667734616735e+00,3.977657259232833642e+00,5.302102263046656105e+00,1.796299685841725280e+00,3.459307849722618844e+00,3.974118782267819672e+00,2.381299111012944891e+00,3.574930827190871074e+00,3.802546148222389455e+00,1.386111128416866123e+00,6.148201705536612494e+00,1.749625472500944356e+00,8.464063818795313221e-01,3.170242396925993411e+00,5.533558720357808269e+00,3.444808097037518113e+00,5.269605613853971526e+00,2.306011746911938776e+00,1.248998515861624359e+00,1.386750916399928091e+00,4.571485479629378013e+00,6.553465845885826369e-01,5.076094331060092557e+00,5.905167607727014101e+00
4.010139927381398017e+00,6.041966374918634308e+00,4.191922584797820761e+00,3.269077163374742856e+00,5.484796279881089198e+00,2.653415460712519991e+00,6.051721810398769108e+00,3.979263556095646415e+00,5.295348443366213687e+00,1.800837999211063911e+00,3.459267187508725527e+00,3.979324043895543728e+00,2.384046845772989087e+00,3.576960537221272940e+00,3.800655439233647126e+00,1.385968420957708780e+00,6.148323133744706404e+00,1.749843865274820942e+00,8.475037415897782589e-01,3.169817531772368024e+00,5.534342120610203253e+00,3.444728732139343386e+00,5.259766820623675621e+00,2.306527842730782929e+00,1.250246882134575577e+00,1.386623801691722946e+00,4.572327329040919430e+00,6.564344998592639424e-01,5.075821093792824534e+00,5.904159737708631006e+00
4.015499927381397605e+00,6.041926374918634046e+00,4.194522584797820919e+00,3.268357163374743024e+00,5.486076279881089590e+00,2.648735460712519973e+00,6.051338332183296309e+00,3.980072315925519355e+00,5.290913221606134087e+00,1.805546709951948658e+00,3.458941929899981282e+00,3.984554657175063408e+00,2.385669638058240949e+00,3.579088328211968317e+00,3.798428487916774898e+00,1.386374556960837445e+00,6.147716676533891977e+00,1.749801892825282756e+00,8.478298370179316867e-01,3.170504413781491060e+00,5.535939783432665351e+00,3.444560744917204431e+00,5.248493860775688802e+00,2.306579166797255720e+00,1.251384136537374125e+00,1.386454662935606486e+00,4.573500067790664758e+00,6.562128265714001207e-01,5.075386697428157845e+00,5.902808485117969184e+00
4.021699927381397366e+00,6.042126374918634468e+00,4.196762584797820494e+00,3.267357163374743134e+00,5.487476279881089880e+00,2.643775460712519898e+00,6.050076050459421317e+00,3.976154782484725647e+00,5.284195904825256029e+00,1.809788875195742719e+00,3.458535432712490643e+00,3.989193032385659698e+00,2.388023045213624407e+00,3.581462650416138427e+00,3.796350936493411599e+00,1.385618307432620044e+00,6.147474380388088022e+00,1.750124088984793769e+00,8.499812249316767154e-01,3.170034007781598717e+00,5.536067860057460877e+00,3.442611187181082055e+00,5.237189807729661695e+00,2.307951702048576692e+00,1.252636154774925625e+00,1.386370238194892579e+00,4.573917184426184335e+00,6.564163426129734358e-01,5.075216723898950733e+00,5.900953828911611687e+00
4.028419927381396981e+00,6.042086374918634206e+00,4.199362584797820652e+00,3.266677163374743120e+00,5.488756279881090272e+00,2.638735460712519743e+00,6.049090479764591244e+00,3.976319305019899275e+00,5.277416103517169610e+00,1.814709302792140599e+00,3.458332235712878511e+00,3.994011776731538177e+00,2.389883269543971345e+00,3.583666231558081616e+00,3.794192216145133134e+00,1.385566939529190300e+00,6.147595381046109253e+00,1.749846072493508764e+00,8.504822458378714645e-01,3.168892356586312076e+00,5.537169061921096258e+00,3.443132682144180556e+00,5.225895086890755437e+00,2.309103360803271165e+00,1.254299366937295490e+00,1.387339536661623685e+00,4.573745095175942410e+00,6.565843404327115218e-01,5.074902727760288279e+00,5.899908606136269107e+00
4.034419927381397208e+00,6.041526374918634090e+00,4.202442584797820402e+00,3.265917163374743026e+00,5.490716279881090678e+00,2.633735460712519849e+00,6.046986614537765981e+00,3.973828651385663324e+00,5.272283403120114009e+00,1.820817539949141306e+00,3.457925911395095309e+00,3.999794965678607372e+00,2.391872611174813201e+00,3.584337076594432236e+00,3.793868131215207828e+00,1.384725154438307237e+00,6.147414151173839159e+00,1.750217908561235047e+00,8.507636323076299689e-01,3.170698014012428789e+00,5.538595792356987957e+00,3.443426354600576111e+00,5.213808599304499580e+00,2.309844989812443128e+00,1.255923324329641932e+00,1.387213362608468170e+00,4.575167955256750574e+00,6.572640146194970168e-01,5.074432511529180623e+00,5.898231174499501073e+00
4.041219927381397348e+00,6.041486374918633828e+00,4.206042584797820005e+00,3.264837163374743056e+00,5.493076279881091040e+00,2.627815460712519702e+00,6.045969826204239617e+00,3.975339533836776074e+00,5.264249797847795342e+00,1.825951571254372796e+00,3.457154042276950889e+00,4.005138731789156914e+00,2.394165488388041219e+00,3.585641493736414720e+00,3.792218498348347122e+00,1.384403240053405204e+00,6.146508661485745151e+00,1.749848878670077434e+00,8.511481238119362747e-01,3.169523001798189910e+00,5.539020428824114717e+00,3.443518879663931997e+00,5.200826386644487265e+00,2.311730893555977495e+00,1.257624168099972017e+00,1.387087389267429360e+00,4.575632461887733982e+00,6.582468576797951831e-01,5.073464343987447833e+00,5.896108423359295081e+00
4.048939927381397297e+00,6.041126374918634134e+00,4.208482584797820003e+00,3.263517163374742847e+00,5.495076279881090819e+00,2.621935460712519816e+00,6.044728752763031565e+00,3.975169473598743508e+00,5.256415990943460237e+00,1.831934320752524492e+00,3.456382380569690493e+00,4.010623551895156069e+00,2.397999151436128518e+00,3.586861302890810510e+00,3.790510985453207748e+00,1.384538046214888185e+00,6.146629300472416624e+00,1.749713568871849256e+00,8.526435685749684801e-01,3.169679278817147061e+00,5.540756706802124398e+00,3.442486719799141781e+00,5.189629212041915629e+00,2.312360935806249351e+00,1.259940324555708813e+00,1.386417049727581619e+00,4.576441336269018834e+00,6.594214333483769952e-01,5.072701869853714740e+00,5.894208770052165924e+00
4.055739927381397436e+00,6.040966374918633974e+00,4.211962584797819709e+00,3.262117163374743001e+00,5.497276279881091021e+00,2.615415460712519735e+00,6.043884996289942357e+00,3.969507740947177066e+00,5.246763658882756864e+00,1.836687419893610729e+00,3.455692170940505292e+00,4.016304422052990653e+00,2.400892449967520825e+00,3.587343497083419930e+00,3.789952840708231463e+00,1.384307883892328617e+00,6.146328055967540394e+00,1.749617935396217350e+00,8.533153825548860372e-01,3.170772131396462079e+00,5.542087258717771192e+00,3.441839685323632381e+00,5.175871281336752894e+00,2.313361524717922446e+00,1.261529400391476319e+00,1.386667944597401725e+00,4.575225800529255871e+00,6.604357433471399474e-01,5.072619418645538225e+00,5.892345271692442488e+00
4.063379927381397749e+00,6.041686374918634250e+00,4.215042584797819458e+00,3.260717163374743155e+00,5.499916279881091441e+00,2.609535460712519850e+00,6.046568342837446153e+00,3.964816326237933897e+00,5.239556294919897717e+00,1.842841472113277979e+00,3.455042783422382691e+00,4.022830547791277134e+00,2.404220576566356016e+00,3.585950664183923831e+00,3.791287405520847642e+00,1.384091184181123646e+00,6.147471143061271626e+00,1.749400773710875212e+00,8.543860250685565427e-01,3.170061162724723491e+00,5.543679450015122967e+00,3.441809596210311906e+00,5.163264008682981299e+00,2.314084964917487053e+00,1.263345994751408741e+00,1.385874967504047817e+00,4.576185533131106986e+00,6.604563462988848332e-01,5.072624394603116649e+00,5.890356947380057662e+00
4.071779927381397712e+00,6.042206374918634104e+00,4.217482584797819456e+00,3.259197163374742967e+00,5.502436279881091075e+00,2.603455460712519987e+00,6.046020841653776401e+00,3.963586204408236835e+00,5.230156322440398853e+00,1.848484218627676867e+00,3.454718199106831644e+00,4.029401704901419912e+00,2.407177849579652307e+00,3.586294689243026745e+00,3.791179524538550005e+00,1.385303043938810763e+00,6.147110414147832991e+00,1.748946117658600308e+00,8.551633249340337972e-01,3.170758458248272404e+00,5.544634571508312071e+00,3.442517271442067095e+00,5.150341928276222170e+00,2.315147035197522740e+00,1.264222044903169584e+00,1.386291835464267486e+00,4.579043475666866314e+00,6.617809348641605638e-01,5.071337285660277416e+00,5.888767969174662831e+00
4.080459927381397733e+00,6.041966374918634308e+00,4.220162584797819250e+00,3.257237163374743005e+00,5.505116279881090868e+00,2.596895460712520087e+00,6.047476502841748314e+00,3.958621155224648192e+00,5.222705600284793803e+00,1.856203896254854824e+00,3.454596523984207135e+00,4.037702199515513790e+00,2.409946658258520724e+00,3.589467684725107688e+00,3.788573997174023322e+00,1.385645534090248487e+00,6.146990303307646286e+00,1.748026673267930819e+00,8.545376837005077553e-01,3.169715618917225086e+00,5.547766278023978259e+00,3.444072879064156822e+00,5.136107822154735381e+00,2.316787405545046585e+00,1.265714235169235868e+00,1.387040852493391041e+00,4.580252831437859662e+00,6.628896200876238654e-01,5.070762813267363001e+00,5.885995153956565140e+00
4.088299927381397580e+00,6.043086374918634540e+00,4.224322584797818969e+00,3.255397163374742941e+00,5.507716279881091026e+00,2.590255460712520108e+00,6.048049684839128304e+00,3.957546562828947234e+00,5.213559659178160999e+00,1.863245751957439023e+00,3.454191126464609685e+00,4.044045233662337147e+00,2.413700527802807638e+00,3.588624236184558836e+00,3.789383614548495149e+00,1.385379537734306776e+00,6.146930330289622546e+00,1.748256655080731914e+00,8.533523316703367501e-01,3.169892652716753911e+00,5.547808934722913143e+00,3.445685183763573800e+00,5.121314483068669432e+00,2.318541866986275846e+00,1.267162389870195582e+00,1.386708558809227387e+00,4.583987744950371201e+00,6.639237150717942626e-01,5.069308784317294148e+00,5.883927298010649842e+00
4.097219927381397397e+00,6.042966374918634642e+00,4.227842584797818937e+00,3.253797163374743118e+00,5.509436279881090748e+00,2.584215460712520063e+00,6.048283962874844377e+00,3.954454036625817626e+00,5.204617228724888633e+00,1.870410930115302461e+00,3.453542765427984662e+00,4.051928304731441166e+00,2.416697751752464818e+00,3.592923022349555406e+00,3.784551903910829296e+00,1.385110272401502751e+00,6.145672747938289326e+00,1.747807012931045456e+00,8.544598344763006947e-01,3.171256155783314323e+00,5.547101607987504401e+00,3.445573641066744575e+00,5.107142060329573852e+00,2.320695507586186590e+00,1.269430288857640310e+00,1.387454890393211349e+00,4.585096453346459988e+00,6.651440454477002273e-01,5.068878771031608110e+00,5.882150796754087807e+00
4.105979927381397054e+00,6.043326374918634336e+00,4.231962584797819282e+00,3.251477163374743018e+00,5.511996279881090643e+00,2.576215460712520056e+00,6.049485018086343757e+00,3.953900980522788267e+00,5.193906741985849784e+00,1.878636529294797297e+00,3.453097179064587685e+00,4.060925817855569164e+00,2.419849689391742054e+00,3.595828438772060931e+00,3.781438040539278678e+00,1.385369956105741540e+00,6.146150906577407369e+00,1.748337447759293228e+00,8.531784110882449923e-01,3.168926265334603976e+00,5.548945024986643659e+00,3.447534487954775795e+00,5.091950897931152298e+00,2.322502260611898794e+00,1.272276440257912533e+00,1.387537643218550665e+00,4.584232905252789259e+00,6.664140917743740511e-01,5.067025046255884568e+00,5.880239201984380770e+00
4.114659927381397075e+00,6.042926374918634380e+00,4.236562584797819220e+00,3.249357163374742896e+00,5.514796279881090335e+00,2.569055460712520222e+00,6.052071150686703760e+00,3.954462806127879482e+00,5.183949666774326559e+00,1.886733501466347329e+00,3.452975718367929936e+00,4.068723977850856599e+00,2.423120289938082372e+00,3.594238590003266065e+00,3.783105601953153485e+00,1.385876551914394073e+00,6.145554695676533008e+00,1.747759124567239031e+00,8.539597593094122585e-01,3.171474597976623233e+00,5.550449359818901307e+00,3.448033592509395451e+00,5.077411391797117091e+00,2.324394023544339660e+00,1.273642828050771669e+00,1.386877148824714689e+00,4.587444911351851395e+00,6.661568224299755370e-01,5.066131187978832884e+00,5.877809127277275891e+00
4.125299927381397502e+00,6.043166374918634176e+00,4.239562584797819333e+00,3.246437163374742862e+00,5.519156279881090477e+00,2.562095460712520367e+00,6.056239048943307779e+00,3.959037915370466898e+00,5.173427542236820109e+00,1.895213666809697495e+00,3.452813845776628199e+00,4.078688744541416611e+00,2.426114487632361261e+00,3.593054685451750441e+00,3.784609739152227537e+00,1.385635040099499449e+00,6.144840612953236025e+00,1.747426952832191516e+00,8.530253190317029777e-01,3.171025904551418861e+00,5.553952449679945502e+00,3.448888542036788074e+00,5.060895882780111599e+00,2.327329002498438992e+00,1.275798630833211211e+00,1.386876457258334749e+00,4.589394231665179902e+00,6.669154940484457450e-01,5.065178672746570854e+00,5.875848751330776665e+00
4.134819927381397697e+00,6.043286374918634074e+00,4.244482584797819591e+00,3.242957163374742713e+00,5.522356279881090124e+00,2.553895460712520382e+00,6.059758691379977691e+00,3.957109211504824753e+00,5.163607122260307492e+00,1.904116793932328688e+00,3.452004987032056160e+00,4.087658499115743638e+00,2.430409343065413452e+00,3.597099749586430750e+00,3.780708455133996448e+00,1.386473121938133213e+00,6.144007844485734005e+00,1.748130252467392953e+00,8.510793036505975850e-01,3.171433393969611547e+00,5.554599083922837188e+00,3.452159639053589135e+00,5.044295548691012598e+00,2.329572954683035046e+00,1.277514944544201558e+00,1.385638557655971548e+00,4.591818910511345386e+00,6.684899219375139978e-01,5.064827428292860922e+00,5.872452783258027331e+00
4.145899927381397454e+00,6.043046374918634278e+00,4.248042584797819821e+00,3.240117163374742759e+00,5.526316279881090310e+00,2.545575460712520499e+00,6.058551058756186158e+00,3.963205037784861329e+00,5.151863930237154499e+00,1.912425891309278869e+00,3.450954227653457718e+00,4.098343037662468547e+00,2.434455289713127080e+00,3.596968655659984915e+00,3.781106055181317593e+00,1.386831033935633783e+00,6.143117527106438658e+00,1.747125774717654734e+00,8.478927043209443237e-01,3.170820311333605090e+00,5.556114815203388346e+00,3.456563155941353660e+00,5.025608690388254196e+00,2.332341809063123605e+00,1.279785094612557517e+00,1.386328253783152054e+00,4.594383488780502844e+00,6.703785122782230932e-01,5.063036304699433998e+00,5.868519909748579622e+00
4.156099927381397663e+00,6.043126374918633914e+00,4.252482584797819598e+00,3.236837163374742588e+00,5.528876279881090205e+00,2.536695460712520500e+00,6.063828511132222765e+00,3.961410057644884741e+00,5.140511338107070394e+00,1.921753524868164087e+00,3.449742503359958246e+00,4.108505324388956659e+00,2.437442060339908956e+00,3.595610555233954120e+00,3.782162109583875775e+00,1.387230243427053589e+00,6.142347135346483356e+00,1.746114519506871021e+00,8.464525325921703480e-01,3.170757154783405252e+00,5.557744030027078175e+00,3.459668022835247658e+00,5.007512334895684702e+00,2.334885834192548248e+00,1.282281201370550683e+00,1.386072675972162660e+00,4.595441125333105781e+00,6.721182253493133141e-01,5.062986757183217890e+00,5.865205610210387555e+00
4.166939927381397624e+00,6.043286374918634074e+00,4.257282584797819958e+00,3.233557163374742416e+00,5.532596279881090595e+00,2.527535460712520443e+00,6.062106998645659495e+00,3.959379760074234866e+00,5.127029100298477360e+00,1.932395089938466981e+00,3.449984693758744836e+00,4.119146674340289138e+00,2.440694214721003341e+00,3.598382828319342863e+00,3.779463833689196139e+00,1.388649996653233742e+00,6.140988598401024845e+00,1.744938983177288572e+00,8.441277791131790442e-01,3.173487983174426486e+00,5.559073245691668497e+00,3.463861874413429742e+00,4.990344081403457643e+00,2.337663357539622844e+00,1.285177754738343170e+00,1.385368199226986397e+00,4.593912426278907724e+00,6.734273807016369906e-01,5.060966430427728646e+00,5.862496603792366479e+00
4.179779927381397364e+00,6.043326374918634336e+00,4.260162584797820173e+00,3.229317163374742616e+00,5.536356279881090359e+00,2.517255460712520598e+00,6.056608319582032607e+00,3.956688403759292871e+00,5.115136382144982896e+00,1.941467267686769693e+00,3.448976188372257834e+00,4.133637537176369392e+00,2.444611976984445878e+00,3.601587530274946047e+00,3.774638822933713556e+00,1.389483215765489943e+00,6.139634170546662162e+00,1.743991529827874309e+00,8.445370298102995443e-01,3.171297745549297886e+00,5.558724702875834645e+00,3.464415768932765705e+00,4.973162315701372904e+00,2.340967889964654436e+00,1.287051967586684720e+00,1.384329717915053548e+00,4.595895421073846521e+00,6.755610794484714354e-01,5.059902896774684855e+00,5.858441892587611832e+00
4.192059927381396989e+00,6.042646374918634322e+00,4.264362584797820155e+00,3.225557163374742409e+00,5.539796279881090690e+00,2.507935460712520381e+00,6.055832654667122839e+00,3.950194288081640082e+00,5.101840951873350072e+00,1.951980613752447136e+00,3.448452166045439249e+00,4.146944741474735352e+00,2.447781774684074652e+00,3.602969768364949310e+00,3.773065348799649055e+00,1.388867407336468407e+00,6.137228124952737396e+00,1.743781989575252434e+00,8.414233426326989118e-01,3.169665752332388564e+00,5.559435833762434775e+00,3.470376960541517786e+00,4.955161526839995112e+00,2.342481792530857643e+00,1.290428447881260654e+00,1.383948468824439448e+00,4.596623915437901609e+00,6.769608055487700282e-01,5.058330822782579617e+00,5.854645884798417299e+00
4.206379927381396655e+00,6.042926374918634380e+00,4.267602584797820064e+00,3.220277163374742457e+00,5.544196279881091094e+00,2.497135460712520239e+00,6.061334858114244994e+00,3.944865259570852878e+00,5.089958150159830552e+00,1.963854475143083755e+00,3.448129899387156527e+00,4.161603921312031495e+00,2.451320091805500923e+00,3.606153872132432880e+00,3.770231741196850894e+00,1.390217132365086261e+00,6.134713203733763720e+00,1.743212500987036506e+00,8.441518844516260334e-01,3.168059899715018890e+00,5.561982282912868669e+00,3.468685669200435751e+00,4.935465827040119713e+00,2.346787727801485257e+00,1.294064702376802600e+00,1.384745102829384455e+00,4.598492354676683824e+00,6.783485797245663029e-01,5.056413264908928618e+00,5.851472835624622171e+00
4.221419927381396597e+00,6.044166374918634510e+00,4.271242584797819930e+00,3.215997163374742396e+00,5.547636279881091426e+00,2.486335460712520096e+00,6.063888868207500060e+00,3.933845858534114281e+00,5.073997466951906787e+00,1.975514702490190233e+00,3.447083433814873477e+00,4.178377984127330969e+00,2.454581317512408045e+00,3.611396873298242660e+00,3.765427541875429718e+00,1.390411253530655422e+00,6.133314841791068339e+00,1.742248380458155665e+00,8.458174149406726405e-01,3.168734980938431978e+00,5.563703148501003781e+00,3.467982173380605548e+00,4.914241061463491711e+00,2.350957244958733039e+00,1.297255316467969433e+00,1.384800671352434120e+00,4.593827635017137645e+00,6.805749890124668244e-01,5.055591422759186493e+00,5.847521970350074483e+00
4.235419927381396832e+00,6.044606374918634728e+00,4.275442584797819912e+00,3.210117163374742510e+00,5.552716279881091843e+00,2.476135460712519887e+00,6.066228112156284880e+00,3.936039937595129157e+00,5.059882386009069144e+00,1.988989997576673385e+00,3.446037655026670699e+00,4.193457281587528840e+00,2.458576691659270175e+00,3.614158000986942287e+00,3.762307036847745145e+00,1.390040024446102640e+00,6.131284717165023324e+00,1.742334115652393489e+00,8.426805229506587613e-01,3.169206815130544364e+00,5.565522331076094176e+00,3.471666203790666483e+00,4.892909708165555926e+00,2.355614870371580682e+00,1.301274665193275837e+00,1.385024669606534697e+00,4.594262790060028578e+00,6.827629040243601288e-01,5.055391182709498388e+00,5.842152551850031017e+00
4.250859927381396730e+00,6.045926374918634494e+00,4.278562584797819923e+00,3.203637163374742691e+00,5.557836279881091635e+00,2.465095460712519948e+00,6.069074920223706648e+00,3.929785639579630896e+00,5.043156201831304308e+00,2.001742183049391777e+00,3.443666538608202821e+00,4.209488465477199348e+00,2.462960998424568615e+00,3.618657534960736388e+00,3.756624005726825200e+00,1.389458006797759104e+00,6.129549619130155058e+00,1.742155124062077842e+00,8.431841844858215529e-01,3.171361832596788055e+00,5.567554344338910610e+00,3.474142249922939296e+00,4.869402244461520368e+00,2.360394937368291757e+00,1.305633356504608100e+00,1.384372193169084442e+00,4.591022809251741776e+00,6.843523027769292666e-01,5.053134034687081666e+00,5.836652726639084854e+00
4.266579927381396686e+00,6.046246374918634814e+00,4.283522584797819555e+00,3.197517163374742566e+00,5.561956279881091980e+00,2.454535460712520045e+00,6.072907345352589026e+00,3.929785639579630896e+00,5.030011112044211252e+00,2.017322916376800723e+00,3.441819437271727899e+00,4.228763449493798454e+00,2.467577699632305332e+00,3.623188508452135359e+00,3.751927095809501012e+00,1.390217285658521096e+00,6.125917598196808811e+00,1.741146525738925144e+00,8.457471328534275079e-01,3.170284533986809983e+00,5.569252149648126426e+00,3.473345669155735393e+00,4.845125875690197148e+00,2.365481381935521821e+00,1.309863500058596308e+00,1.383153132808005115e+00,4.588004440274580986e+00,6.858138069754798893e-01,5.049497099876018247e+00,5.832533688382158132e+00
4.284859927381396538e+00,6.047086374918634988e+00,4.288922584797819404e+00,3.190317163374742471e+00,5.567996279881091581e+00,2.442895460712520173e+00,6.079361627043621041e+00,3.929091689138748844e+00,5.015401004982321886e+00,2.031334941423423857e+00,3.438930411111478236e+00,4.248438603261572410e+00,2.472363528845138436e+00,3.629304751487576475e+00,3.746174095847126573e+00,1.390140359493024835e+00,6.123333591162442247e+00,1.741113413577699109e+00,8.434240182521491880e-01,3.169857575216891377e+00,5.572017494492548018e+00,3.477977139030913989e+00,4.822381026346964639e+00,2.370498261774573123e+00,1.313824221712541540e+00,1.382218803168887789e+00,4.585670551501653591e+00,6.873688976409241258e-01,5.046856201893244354e+00,5.828376573482729306e+00
4.303419927381396448e+00,6.046446374918635236e+00,4.294682584797819835e+00,3.183397163374742433e+00,5.573516279881091329e+00,2.428855460712520120e+00,6.083782476349255397e+00,3.925775289463765638e+00,4.994979187110235586e+00,2.047160850056711112e+00,3.435642611794926360e+00,4.269248229667294225e+00,2.475438893321574518e+00,3.632962996193632055e+00,3.742194229953080153e+00,1.390474363926232915e+00,6.121959803812000445e+00,1.741756168179463327e+00,8.427432332595418130e-01,3.171918414212506310e+00,5.576101939258292006e+00,3.480258707202710244e+00,4.796488690434126845e+00,2.376527790401499640e+00,1.316917683408954876e+00,1.381784656951705603e+00,4.588038104680466134e+00,6.918801402718396387e-01,5.043762627121595621e+00,5.822614216757561856e+00
4.320899927381396388e+00,6.047206374918634886e+00,4.300322584797819481e+00,3.176157163374742520e+00,5.579916279881091512e+00,2.415775460712520140e+00,6.073411679209330671e+00,3.922372361960431153e+00,4.973152408620861387e+00,2.063541907985145141e+00,3.434119952319072855e+00,4.294405220981096782e+00,2.481237044822108384e+00,3.644423118721292099e+00,3.729728161490929672e+00,1.392383025706981803e+00,6.118088589049657244e+00,1.740551865040653290e+00,8.414997816949977283e-01,3.173074709452907260e+00,5.577673413918781797e+00,3.483594877667664402e+00,4.770079738041514084e+00,2.383311987863184100e+00,1.320792700713611101e+00,1.384035793720004071e+00,4.590205926932914515e+00,6.938449204726270247e-01,5.041285694087086711e+00,5.817259153583589359e+00
4.339299927381396138e+00,6.047366374918635046e+00,4.304482584797819200e+00,3.168077163374742433e+00,5.585516279881091783e+00,2.400375460712520059e+00,6.060773624436189166e+00,3.912646866661534606e+00,4.953419196016461967e+00,2.083048118526395154e+00,3.433198852314146787e+00,4.318357742082679529e+00,2.485937165054766584e+00,3.651542077829462052e+00,3.722086557847256394e+00,1.393049631075417683e+00,6.116728910770523164e+00,1.739170013898721390e+00,8.392592749459357737e-01,3.171401416227904946e+00,5.579929522933788633e+00,3.486933824457520981e+00,4.741891224514585446e+00,2.387386051112635243e+00,1.324610399141129546e+00,1.383928271665216148e+00,4.593773280430869299e+00,6.984027322340283783e-01,5.035911865592879622e+00,5.810590472533492701e+00
4.358899927381395756e+00,6.049486374918634723e+00,4.310522584797818801e+00,3.158237163374742362e+00,5.593036279881092199e+00,2.385295460712519855e+00,6.069203825730664192e+00,3.909088185363386536e+00,4.930397797369373336e+00,2.103187472209990361e+00,3.430436915463747738e+00,4.346219064005629740e+00,2.492136983942923933e+00,3.658515811224440473e+00,3.713780554274288104e+00,1.392562659708962647e+00,6.114648611649716514e+00,1.738289906331604850e+00,8.387997446482159392e-01,3.168457896628936066e+00,5.580705110115852463e+00,3.490417056843577726e+00,4.711701358728332956e+00,2.393472401881693745e+00,1.329932826509582444e+00,1.383595855503186201e+00,4.597499568226870004e+00,7.014605250908086953e-01,5.032935143331267014e+00,5.806367637495021938e+00
4.379539927381395970e+00,6.049966374918634315e+00,4.314922584797819205e+00,3.149277163374742283e+00,5.600436279881091828e+00,2.370495460712519709e+00,6.054517075978205654e+00,3.912748604624161963e+00,4.906922754028999023e+00,2.123306413405018578e+00,3.426795906852939666e+00,4.377594011927519624e+00,2.498735344952343507e+00,3.669107346272825865e+00,3.701582022986290355e+00,1.393672106238009967e+00,6.109952982521827280e+00,1.740569507940848748e+00,8.366905622377278640e-01,3.167317317709200442e+00,5.581038184995771978e+00,3.492767062974072356e+00,4.681103646754961822e+00,2.401668044127164059e+00,1.335497116466119127e+00,1.382804505658334016e+00,4.590940577661680955e+00,7.042380002433495934e-01,5.029985770505456699e+00,5.801099803440080471e+00
4.401819927381396269e+00,6.050566374918634693e+00,4.319562584797819405e+00,3.140277163374742386e+00,5.608756279881092155e+00,2.355695460712519562e+00,6.046274063706301050e+00,3.911146828027561639e+00,4.882135801736498415e+00,2.142364336422017956e+00,3.424435767485463078e+00,4.414615276274695965e+00,2.504454247813463041e+00,3.672802547708648557e+00,3.695832382745718014e+00,1.396782007402150860e+00,6.107062676842416771e+00,1.738645374870633864e+00,8.353787346634291566e-01,3.170731853702494440e+00,5.583226450387327233e+00,3.497134016047560134e+00,4.647493330075390006e+00,2.412565725032810526e+00,1.341597495859538025e+00,1.383510442920502070e+00,4.590711290999076155e+00,7.077845798656234866e-01,5.025112623338296558e+00,5.795384916067752634e+00
4.425379927381396072e+00,6.052326374918634677e+00,4.325922584797819326e+00,3.128197163374742296e+00,5.614876279881092280e+00,2.340455460712519642e+00,6.021860752764180091e+00,3.909509012453332044e+00,4.855843322441494969e+00,2.164796435640520045e+00,3.421715762778458014e+00,4.450411002514054637e+00,2.509293468823675433e+00,3.677048984476549709e+00,3.690071452522963646e+00,1.395176680121563484e+00,6.107338991412556872e+00,1.738579323874947846e+00,8.333316141703875912e-01,3.170654887334071415e+00,5.587332891272179580e+00,3.502031973751815297e+00,4.612700155872133223e+00,2.422584218951265633e+00,1.346641945515512528e+00,1.381313624601230305e+00,4.588335726899986255e+00,7.136259625216401226e-01,5.020631070088346526e+00,5.789468504695777895e+00
4.448939927381395876e+00,6.053726374918634967e+00,4.330362584797819103e+00,3.115517163374742271e+00,5.624476279881092111e+00,2.326375460712519772e+00,6.018366738754622247e+00,3.909790569712818797e+00,4.829285824297607554e+00,2.186787810184953162e+00,3.417715044935954349e+00,4.490058833168577124e+00,2.515137508508935582e+00,3.685171589065311171e+00,3.680786766597701209e+00,1.396259649244049994e+00,6.101415889369124379e+00,1.737745576823040539e+00,8.283561846831373199e-01,3.170496642934991893e+00,5.590419892355027898e+00,3.509542219214955239e+00,4.576871543027358769e+00,2.433476516786058141e+00,1.352869086961569156e+00,1.381939554015000571e+00,4.587685973981181498e+00,7.182070187358448043e-01,5.017368853386710015e+00,5.782376060119555738e+00
4.474379927381395561e+00,6.053686374918634705e+00,4.334842584797819143e+00,3.102837163374742246e+00,5.635236279881092436e+00,2.309015460712519729e+00,6.027214405902361349e+00,3.901156295625134440e+00,4.798390527312226261e+00,2.210831691726808934e+00,3.412591562109647647e+00,4.533444751605507861e+00,2.521219524996272554e+00,3.688879679734556216e+00,3.673711544865851053e+00,1.398695087554539418e+00,6.096720993450666981e+00,1.739698102821973791e+00,8.229831210617025716e-01,3.169139644704550118e+00,5.595427488438318164e+00,3.520112964442584591e+00,4.539286715887298485e+00,2.443341842495584171e+00,1.358829472692831386e+00,1.381583849077532511e+00,4.587315425388347023e+00,7.224020865014674220e-01,5.012500322027989341e+00,5.774483461867591316e+00
4.502819927381395360e+00,6.057126374918635037e+00,4.337362584797818776e+00,3.089757163374742266e+00,5.644916279881092791e+00,2.291015460712519936e+00,6.025055615308428258e+00,3.910869604063335281e+00,4.772152747260569150e+00,2.236014964581384046e+00,3.405220496399095520e+00,4.583081424774562151e+00,2.528986501099298678e+00,3.699302868408625322e+00,3.661053268797336724e+00,1.399678615635289836e+00,6.092111544261650913e+00,1.741285802890451428e+00,8.212404234658562396e-01,3.168436137311748002e+00,5.600297266207581615e+00,3.524916248377651939e+00,4.498928641494442715e+00,2.457405790247601196e+00,1.366611436688746961e+00,1.381097147396853853e+00,4.590998152411826183e+00,7.277380084383954228e-01,5.008526340844047908e+00,5.766567234115048457e+00
4.531979927381395434e+00,6.059886374918635354e+00,4.336322584797819069e+00,3.076597163374742205e+00,5.655316279881092534e+00,2.273015460712520142e+00,6.040767269014629015e+00,3.921601972034676198e+00,4.738107029596267950e+00,2.260821180685445686e+00,3.400166930037542556e+00,4.629149816921536598e+00,2.534746452441455133e+00,3.703724003718353419e+00,3.653991250960249015e+00,1.402902468668756120e+00,6.083710572654491777e+00,1.741880356142119446e+00,8.161289385193041257e-01,3.170852989430573476e+00,5.606770979327252213e+00,3.534650001455210244e+00,4.458821648340521193e+00,2.471883857694203712e+00,1.372931799334027314e+00,1.382895711184609411e+00,4.578900334299277119e+00,7.340802342826839855e-01,5.000561043535288519e+00,5.757199904798372181e+00
4.563539927381395245e+00,6.062646374918635672e+00,4.336482584797819229e+00,3.060637163374742009e+00,5.669076279881092972e+00,2.254975460712520086e+00,6.010949755529628291e+00,3.921008866707595963e+00,4.705187779400841208e+00,2.289003203109644780e+00,3.396391001401378951e+00,4.675841591632869942e+00,2.541866221881164289e+00,3.721366855095903592e+00,3.633795378055556746e+00,1.404912228928392404e+00,6.078735090866208779e+00,1.744293828563171722e+00,8.068189912477052861e-01,3.171110766010775350e+00,5.612020708376569189e+00,3.548709559957748727e+00,4.416982253416633419e+00,2.490289515021596234e+00,1.379522320671000779e+00,1.383001839823724266e+00,4.575121124242631510e+00,7.386005945473718137e-01,4.996210032614706087e+00,5.753584366705751130e+00
4.592899927381394853e+00,6.065646374918635786e+00,4.331602584797819233e+00,3.045437163374741907e+00,5.680196279881092991e+00,2.236775460712519870e+00,6.023681140982324322e+00,3.926054350231269918e+00,4.662730041030100914e+00,2.319166643912589532e+00,3.389908609889552338e+00,4.738925035105612693e+00,2.548768632602672390e+00,3.727509740661366866e+00,3.622529151346367549e+00,1.407759132971987848e+00,6.072013979475041623e+00,1.748225139468819300e+00,7.972961516069335675e-01,3.167842079803818045e+00,5.617529994957802586e+00,3.566211341037332616e+00,4.372499070823105960e+00,2.508005554691878913e+00,1.386630779198493757e+00,1.384036698797387555e+00,4.562219166286472394e+00,7.448968218992568779e-01,4.987147572420762565e+00,5.745325198379267029e+00
4.623099927381394636e+00,6.070166374918636087e+00,4.324082584797818818e+00,3.028637163374741981e+00,5.691796279881092602e+00,2.216975460712519830e+00,6.001161491642686308e+00,3.909257873762971069e+00,4.622458207104114258e+00,2.351555354987379776e+00,3.385144698931017881e+00,4.805152788233352901e+00,2.557185254975058886e+00,3.747731840373980994e+00,3.601225398899949859e+00,1.408890846239166050e+00,6.064639419607653181e+00,1.750601636538175354e+00,7.915612001520524466e-01,3.169045035232660013e+00,5.619968862431330869e+00,3.578656067453398482e+00,4.326610901213370219e+00,2.527956970137637871e+00,1.394777442087759223e+00,1.383921830882778314e+00,4.559524681680673375e+00,7.509178830902307755e-01,4.967330354258275626e+00,5.740013333317997457e+00
4.654419927381394650e+00,6.072446374918635925e+00,4.316162584797818447e+00,3.011437163374742099e+00,5.703876279881092692e+00,2.201295460712519692e+00,6.061528444308080132e+00,3.919302923351300816e+00,4.579798652352958577e+00,2.384591919112657443e+00,3.375988369862810590e+00,4.877414118313269320e+00,2.564632419575874511e+00,3.761479343553573162e+00,3.581765576578565202e+00,1.413022347115282962e+00,6.057308877854318041e+00,1.754366532198632367e+00,7.901482286396331878e-01,3.167337930528866696e+00,5.623514056667073824e+00,3.586580521300241298e+00,4.276327504787372114e+00,2.550388816582410456e+00,1.403448522356423034e+00,1.384221949932126217e+00,4.559348191183900667e+00,7.577535831071886552e-01,4.953314225585567776e+00,5.734475944710752060e+00
4.688019927381394503e+00,6.076206374918635689e+00,4.303322584797818706e+00,2.993557163374742203e+00,5.717196279881092913e+00,2.181375460712519754e+00,6.311778048082204329e+00,3.924673868553312683e+00,4.534446858501212319e+00,2.416843146912733609e+00,3.368583637081297155e+00,4.946005241184117551e+00,2.572331069500360279e+00,3.777774184124083945e+00,3.562479695378177436e+00,1.415557150455180269e+00,6.051788756513161616e+00,1.754333899214824521e+00,7.776554542311366891e-01,3.163425351127186147e+00,5.632212014827400637e+00,3.605947234162901083e+00,4.225056186792674140e+00,2.578629971648511710e+00,1.412845153764151096e+00,1.383403304192202699e+00,4.554011247447157906e+00,7.644484675234748394e-01,4.935297589158473386e+00,5.726240621137068665e+00
4.718219927381394285e+00,6.081486374918635640e+00,4.284682584797818272e+00,2.975757163374742387e+00,5.734876279881093275e+00,2.163615460712519756e+00,5.031741831265813758e+00,3.937821168401582472e+00,4.480378767992121425e+00,2.453804081045704688e+00,3.357175453280296207e+00,5.024856277840529017e+00,2.582296986544563300e+00,3.800436960060625591e+00,3.534385065851710195e+00,1.420539564153523449e+00,6.040163255319884961e+00,1.763976315011776430e+00,7.672843073412057846e-01,3.167210335173355151e+00,5.636932078926591316e+00,3.622337476880499008e+00,4.174689330237852047e+00,2.602293872726491930e+00,1.419036915443372848e+00,1.383451968982332358e+00,4.564517283184914120e+00,7.717448938392901248e-01,4.916995992013164063e+00,5.719705160048917492e+00
4.749859927381394620e+00,6.086046374918635316e+00,4.262042584797818279e+00,2.957957163374742571e+00,5.750756279881093391e+00,2.145375460712519722e+00,7.091495213022221833e+01,3.932706272530135827e+00,4.423369588834068722e+00,2.490100804890715835e+00,3.346854196735029152e+00,5.120836639031270288e+00,2.592279641610761853e+00,3.828972502132776512e+00,3.496496934611289742e+00,1.426446141304162252e+00,6.033021909504583391e+00,1.769212642130992386e+00,7.645717397880342769e-01,3.166864708719430599e+00,5.642418547777506177e+00,3.635533354482302304e+00,4.122692451523399804e+00,2.632258252098701234e+00,1.428004878958762935e+00,1.383038647734231130e+00,4.544279808635494078e+00,7.777084677520839096e-01,4.898218962955290579e+00,5.714696627756191027e+00
4.783179927381394414e+00,6.095846374918635568e+00,4.232442584797817986e+00,2.940717163374742427e+00,5.765916279881093232e+00,2.126455460712519674e+00,6.974637393183890310e+01,3.942628874576128872e+00,4.362155616854183293e+00,2.525166007628441900e+00,3.336633387574971632e+00,5.221320028945062752e+00,2.598190924191226880e+00,3.888773965551139966e+00,3.429341868372410840e+00,1.430392900183205418e+00,6.026111755678437376e+00,1.772389075974421635e+00,7.589585718871114661e-01,3.166349012643494554e+00,5.652358033292230743e+00,3.652010391408321066e+00,4.067929193763792917e+00,2.668651638343973787e+00,1.440105350230058701e+00,1.383678778789743546e+00,4.521531266750014488e+00,7.849011881378366029e-01,4.865700001478499459e+00,5.709019142752768339e+00
4.813539927381394357e+00,6.100766374918635826e+00,4.194242584797818196e+00,2.924797163374742492e+00,5.784676279881093564e+00,2.113735460712519831e+00,6.953849834667650498e+01,3.939064081350136970e+00,4.291682142147831946e+00,2.557652887115485552e+00,3.321428045564020159e+00,5.302107833658329383e+00,2.606674027160074125e+00,3.913094313255093493e+00,3.393343050505323699e+00,1.433952838703063115e+00,6.011365477579161620e+00,1.783590350892562792e+00,7.616750133177054849e-01,3.165252066169946144e+00,5.656901590133903923e+00,3.660264358621290626e+00,4.012347025396017841e+00,2.694393874360340391e+00,1.447675653953766961e+00,1.383525577505179127e+00,4.505440287726115933e+00,7.970462625303907922e-01,4.837842303545198952e+00,5.706000134287597447e+00
4.841539927381393937e+00,6.109606374918636007e+00,4.151242584797818047e+00,2.908797163374742478e+00,5.797996279881093784e+00,2.097935460712519795e+00,6.943650423448762865e+01,3.946239172296176712e+00,4.222042937548755148e+00,2.592768513895958193e+00,3.307797374286986614e+00,5.392617753665744473e+00,2.612349568877664119e+00,3.918096511568456730e+00,3.378747528914284093e+00,1.441608321896015177e+00,5.998606436062735803e+00,1.795702782148057564e+00,7.549255958351629436e-01,3.167106906038606784e+00,5.661195411888289009e+00,3.678533558044656093e+00,3.956156083406506152e+00,2.734849428068037991e+00,1.455924198290753591e+00,1.382088876041051906e+00,4.474813576704829821e+00,8.065775883531788315e-01,4.809875556092085169e+00,5.699044688056565278e+00
4.873339927381393544e+00,6.119526374918636158e+00,4.097802584797817893e+00,2.896357163374742694e+00,5.814236279881093594e+00,2.080775460712519731e+00,6.957878062197130475e+01,3.953866527417453813e+00,4.146745218213244932e+00,2.627401557327643022e+00,3.289672749114947337e+00,5.485081455522062832e+00,2.617318722802247866e+00,3.948646072679573127e+00,3.336711924149292852e+00,1.451650936646056156e+00,5.978576380271757529e+00,1.818409927451673180e+00,7.538450973688670675e-01,3.166329815792396474e+00,5.670821275394986927e+00,3.693616684339786627e+00,3.895640654790792912e+00,2.766027004340062323e+00,1.464184828719917508e+00,1.381818980017394116e+00,4.450410335976259013e+00,8.181988195231847394e-01,4.784016420587692053e+00,5.695799933440222063e+00
4.904579927381393922e+00,6.127806374918636223e+00,4.037842584797817658e+00,2.883357163374742793e+00,5.837116279881093384e+00,2.065335460712519833e+00,6.948533099425519310e+01,3.967460864968650469e+00,4.061491463840121163e+00,2.659616740501820953e+00,3.270460280785853158e+00,5.573205948106302543e+00,2.624646641454233098e+00,3.976075389118105985e+00,3.294831180857645592e+00,1.462046775635817308e+00,5.961742245007275898e+00,1.839446248245598658e+00,7.522861301732423067e-01,3.171018166226303503e+00,5.678551580268504040e+00,3.708488410532594148e+00,3.835659202372767584e+00,2.804996981107424237e+00,1.470676053923292370e+00,1.377230022198701942e+00,4.412254109441281713e+00,8.353216734059676352e-01,4.767508910634973951e+00,5.691932359945214515e+00
