1.173704842928862124e+00,3.668978455476208822e+00,1.262166911765178812e+00,8.652845324263592763e-01,5.355588751292894578e+00,6.094447059158042634e+00,9.147840729120941816e-01,3.290350294209856585e+00,4.601546621009905635e+00,4.883544641326763802e+00,1.004253053872173007e+00,6.282811302657035357e-01,3.253961202973631117e+00,3.686363529825696261e+00,4.980239836590535596e+00,4.318399041376697944e+00,4.663044825078186406e+00,5.522305142886559715e+00,1.770733415008892919e+00,5.978409017132178427e+00,2.266153515414226938e+00,5.680270265274955044e+00,3.298374157115144811e+00,2.524434655283240403e+00,5.406473192332800437e+00
1.144744842928862028e+00,3.662778455476208617e+00,1.260406911765178828e+00,8.649645324263592894e-01,5.351748751292894291e+00,6.092842417561911361e+00,9.676746608791767512e-01,3.294100060520887219e+00,4.601546621009905635e+00,4.871868592990063362e+00,9.930101432278740647e-01,6.335185814409233229e-01,3.249710687740589243e+00,3.704467174852332345e+00,4.993213630057229402e+00,4.343562215672642779e+00,4.667238178702840301e+00,5.512233281047016931e+00,1.769938870434291545e+00,5.982844478714253178e+00,2.290460132284154238e+00,5.692539427994674384e+00,3.294450818200171938e+00,2.529121637105524734e+00,5.412724155373692447e+00
1.112064842928861985e+00,3.655378455476208543e+00,1.258566911765178764e+00,8.646445324263593024e-01,5.347228751292893989e+00,6.091671451309866647e+00,1.032849761850676895e+00,3.298780371499196562e+00,4.602972581508463001e+00,4.859173003789622136e+00,9.830963874607321351e-01,6.404711929835954498e-01,3.245553226294090710e+00,3.725452630719104263e+00,5.005081536706778245e+00,4.372847749537463358e+00,4.674136623224837805e+00,5.504414898543045886e+00,1.768747071176894670e+00,5.983872264488129922e+00,2.319213574383119703e+00,5.704989378033014091e+00,3.290277661878238114e+00,2.532460239005132507e+00,5.419872686177481746e+00
1.075144842928861921e+00,3.647098455476208478e+00,1.256766911765178740e+00,8.638045324263593505e-01,5.343468751292894225e+00,6.088611501759205957e+00,1.086262122245807316e+00,3.306111115755866692e+00,4.605917355185260575e+00,4.850643165156593994e+00,9.717993788701440039e-01,6.506102263525904705e-01,3.241104611847461126e+00,3.749402074034948296e+00,5.016803454800972339e+00,4.405244453568550433e+00,4.682215490000174896e+00,5.498137475814328212e+00,1.766135257175576401e+00,5.982824625247348926e+00,2.352309723780591000e+00,5.720572891066560750e+00,3.288344278254787589e+00,2.538020121205268431e+00,5.427655563518531068e+00
1.035064842928862028e+00,3.637498455476208647e+00,1.254006911765178645e+00,8.613645324263593528e-01,5.339348751292893880e+00,6.086843154849574056e+00,1.163817905743934178e+00,3.313635590918511564e+00,4.608856338748758219e+00,4.836510105195672260e+00,9.584380334477080599e-01,6.582269907639529682e-01,3.238019859473354245e+00,3.774171462866695137e+00,5.031371084103846592e+00,4.439918950256600993e+00,4.687620927434592133e+00,5.487089596464109320e+00,1.766541096672637812e+00,5.981724817091461865e+00,2.389288606658674485e+00,5.734464803699347968e+00,3.286141965314426372e+00,2.542765923565696085e+00,5.434689651327792248e+00
9.919848429288620206e-01,3.628338455476208591e+00,1.250366911765178557e+00,8.579245324263593542e-01,5.336508751292893926e+00,6.084540597246862248e+00,1.239248341966388001e+00,3.321960444205871443e+00,4.611213019805238567e+00,4.826748333606305508e+00,9.488331738899746792e-01,6.662523303440851530e-01,3.235543505423275068e+00,3.803965523788475522e+00,5.046165190351095120e+00,4.474672196299047222e+00,4.695101271699553713e+00,5.473362184531498364e+00,1.767002077945918348e+00,5.978949661154501882e+00,2.432229365568958190e+00,5.749652455417678887e+00,3.283691745796698314e+00,2.548489333515253641e+00,5.441546177617815339e+00
9.458648429288620818e-01,3.619378455476208511e+00,1.245926911765178557e+00,8.545645324263593245e-01,5.334068751292893928e+00,6.089753783739149107e+00,1.288840760011534803e+00,3.329896871289368399e+00,4.615608339610458799e+00,4.817495140645697838e+00,9.347160678206832829e-01,6.763282062980914278e-01,3.232584671208351246e+00,3.836190978848866617e+00,5.060350745952050033e+00,4.512202893625178568e+00,4.701747833396894727e+00,5.462720175487759455e+00,1.766446830707865123e+00,5.975972306838507109e+00,2.478666041373377649e+00,5.766647377146666642e+00,3.280781488322889849e+00,2.554982078090650255e+00,5.448199489166437814e+00
8.970648429288621273e-01,3.609138455476208485e+00,1.239646911765178494e+00,8.500845324263592850e-01,5.331788751292894091e+00,6.095129596911383452e+00,1.337525923887395107e+00,3.336947599510792895e+00,4.617928234490310757e+00,4.811598765981525361e+00,9.226927749619443508e-01,6.843423992105587272e-01,3.231585852848919416e+00,3.869098417462488282e+00,5.072897247986114522e+00,4.547059511672056686e+00,4.707983604083143092e+00,5.449960544478498647e+00,1.766035124782363130e+00,5.971552686264867127e+00,2.532833104203570329e+00,5.784748269152244937e+00,3.279521388140746119e+00,2.561341714497066935e+00,5.454615016600572019e+00
8.459848429288621130e-01,3.598978455476208538e+00,1.230246911765178419e+00,8.436845324263593238e-01,5.331508751292894033e+00,6.102528264274361014e+00,1.398069117578086829e+00,3.345882531074881872e+00,4.615356442019082905e+00,4.802222865327480328e+00,9.069530929399423069e-01,6.964033048753690558e-01,3.231818488798043010e+00,3.907612597287275502e+00,5.083175832035215613e+00,4.583193242345732443e+00,4.712863228131956461e+00,5.436383590330718718e+00,1.767346443972015679e+00,5.964716713374860646e+00,2.595538254608782847e+00,5.800526570063024856e+00,3.279866762850712991e+00,2.566923116138764893e+00,5.458327459157379380e+00
7.969848429288620695e-01,3.591978455476208421e+00,1.219486911765178316e+00,8.363245324263592906e-01,5.332588751292894003e+00,6.110172246229956805e+00,1.426036295396425846e+00,3.352541033714067975e+00,4.612550031512393289e+00,4.800203680717612720e+00,8.948877647638323607e-01,7.056052613470606971e-01,3.234183375845868014e+00,3.942573528129013294e+00,5.093607885120503553e+00,4.622149939627558268e+00,4.717298254914016553e+00,5.419436657515206868e+00,1.765818108709466427e+00,5.959666950855353917e+00,2.664029861939140709e+00,5.817634402107231928e+00,3.282212903111966451e+00,2.568413982975364274e+00,5.461973173842327611e+00
7.417048429288620737e-01,3.585858455476208295e+00,1.205766911765178362e+00,8.312045324263592772e-01,5.332668751292893639e+00,6.115905083435186462e+00,1.465217620162857948e+00,3.365421928772858617e+00,4.613351524717683283e+00,4.798072184013621566e+00,8.838297283041448571e-01,7.190838014358509334e-01,3.240887881643117474e+00,3.981295959025775044e+00,5.099983179554320678e+00,4.657598602570413249e+00,4.720381952498568623e+00,5.400897371944543224e+00,1.769667707423473901e+00,5.951206329648968563e+00,2.736609837883338336e+00,5.831913950342867636e+00,3.286056295154800466e+00,2.569468748681716264e+00,5.461558194105964326e+00
6.875448429288620877e-01,3.584498455476208267e+00,1.189326911765178352e+00,8.252845324263592408e-01,5.335028751292894000e+00,6.119068955072704874e+00,1.463648160781002794e+00,3.373811723560607767e+00,4.611766521241293049e+00,4.799492863541884979e+00,8.665672491034598357e-01,7.319149432897107399e-01,3.247323079100287391e+00,4.022326939584301542e+00,5.103911426374652116e+00,4.694283004838977647e+00,4.718483934854420525e+00,5.385186973005794187e+00,1.772271608907331153e+00,5.942065286842788119e+00,2.820684337742909165e+00,5.845111790912767447e+00,3.292747513118972513e+00,2.566907190537537797e+00,5.465210497409799473e+00
6.358248429288620995e-01,3.585698455476208135e+00,1.171566911765178354e+00,8.182845324263592346e-01,5.339188751292893720e+00,6.120877304016381082e+00,1.465668423004599541e+00,3.382190681890756334e+00,4.610984177728784772e+00,4.792906580162030750e+00,8.570059413140950211e-01,7.453355458326815786e-01,3.256463180600360108e+00,4.058939775069119626e+00,5.107451822907424166e+00,4.725030465913343747e+00,4.719724435540675778e+00,5.378620928251575783e+00,1.777052959470254878e+00,5.928570482350476567e+00,2.914062898553369418e+00,5.859593093162914101e+00,3.301242386695661057e+00,2.568796909267685891e+00,5.460552097567043184e+00
5.851448429288621522e-01,3.586218455476207989e+00,1.151086911765178300e+00,8.104845324263592055e-01,5.342188751292893834e+00,6.123843230951634631e+00,1.451107977257985349e+00,3.392835759284325459e+00,4.610898549805657609e+00,4.798487200203636505e+00,8.436857206437006207e-01,7.597573917956470524e-01,3.267644631190002702e+00,4.095819201122303355e+00,5.104239849400467932e+00,4.754340505517245852e+00,4.719387838339780927e+00,5.364537160886003520e+00,1.781099355569599085e+00,5.912982410336289796e+00,3.003565364958126871e+00,5.873319377126317242e+00,3.314367755276797389e+00,2.565111420135916198e+00,5.453052058383507372e+00
5.352248429288621878e-01,3.590818455476207927e+00,1.125446911765178193e+00,8.012845324263592195e-01,5.347868751292893741e+00,6.123555437344676555e+00,1.453998633465188428e+00,3.403486109105827495e+00,4.606518903119667385e+00,4.813246457607945672e+00,8.203986173717102703e-01,7.745646326671922210e-01,3.282103757438101344e+00,4.130224983368245617e+00,5.099766171286810312e+00,4.783819343946941416e+00,4.716517064095224754e+00,5.354829481127405977e+00,1.787079757824413306e+00,5.899417622328640753e+00,3.100119211996199997e+00,5.882330205169974846e+00,3.329090547518416265e+00,2.556101507644311877e+00,5.447093410017166626e+00
4.875848429288621722e-01,3.601418455476208091e+00,1.098966911765178134e+00,7.934445324263592614e-01,5.354188751292893400e+00,6.119933154205642545e+00,1.454860862314301562e+00,3.409894698101664900e+00,4.609576019743458986e+00,4.816766006675172740e+00,7.868921788159828345e-01,7.854779703767788002e-01,3.296032582440142633e+00,4.164549460549031856e+00,5.088799814016796930e+00,4.807969344461020533e+00,4.712273731127383236e+00,5.343041854013720560e+00,1.790456657390266937e+00,5.883956340452387579e+00,3.202496798721865101e+00,5.891728962885887988e+00,3.344167721625336043e+00,2.546548423307197329e+00,5.437550332381883678e+00
4.429848429288621436e-01,3.618338455476207915e+00,1.070166911765178197e+00,7.824045324263592116e-01,5.362308751292893305e+00,6.112399655099745033e+00,1.437628272642124116e+00,3.416967744030052767e+00,4.614454524859814555e+00,4.818440265504499997e+00,7.616243729879754731e-01,7.970129119636314430e-01,3.311304840812550943e+00,4.200312609419066590e+00,5.069272380125897648e+00,4.832447938605621829e+00,4.704532779016057376e+00,5.333093063223623531e+00,1.800046501050592607e+00,5.868473119060848120e+00,3.296680731284254762e+00,5.897895133569147852e+00,3.367765877003652264e+00,2.529608695053762180e+00,5.426030141834267795e+00
4.005848429288621504e-01,3.633378455476207858e+00,1.040286911765178290e+00,7.714845324263591708e-01,5.370188751292893414e+00,6.100148797344154161e+00,1.431724948998020830e+00,3.415548980370662679e+00,4.618351194616666433e+00,4.825431491041042520e+00,7.420258006051124733e-01,8.129946326929807787e-01,3.329407684194800598e+00,4.239431898921274033e+00,5.048371887698515970e+00,4.854057819719358235e+00,4.698255587275389722e+00,5.319172763741440768e+00,1.805482943677636731e+00,5.852641948075689271e+00,3.382158463158692285e+00,5.905847773548020818e+00,3.390054645241454168e+00,2.513196397512666991e+00,5.416317228266383843e+00
3.609048429288621573e-01,3.651058455476207776e+00,1.005606911765178246e+00,7.636845324263591417e-01,5.378108751292893785e+00,6.087742165150461737e+00,1.411881856056381945e+00,3.419461331372108059e+00,4.624266606153933701e+00,4.831317273358072484e+00,7.041880303996984614e-01,8.215791040803269718e-01,3.347929345914771204e+00,4.274567624091210938e+00,5.028917708173535672e+00,4.874965117109828050e+00,4.683220960495884988e+00,5.311842970743374082e+00,1.815396416188459483e+00,5.834886128211246969e+00,3.450736879225213993e+00,5.910124609758038439e+00,3.410895510526147589e+00,2.491610881631970642e+00,5.407583104498151272e+00
3.256248429288621793e-01,3.669178455476207912e+00,9.777269117651782304e-01,7.530045324263591189e-01,5.388788751292893586e+00,6.069919818503461073e+00,1.387338678208261733e+00,3.426074306795466651e+00,4.633237161916573754e+00,4.835616532170996962e+00,6.418640392963979036e-01,8.338048144371185133e-01,3.372785616802582709e+00,4.299206684302977699e+00,5.008410510943135385e+00,4.892808445007636564e+00,4.672427805336182516e+00,5.315143013012183282e+00,1.829077998083971757e+00,5.817082984629991849e+00,3.517813065231933489e+00,5.912152807697710344e+00,3.439542007628263676e+00,2.465429308578891199e+00,5.397234489616153930e+00
2.895448429288621783e-01,3.688218455476207858e+00,9.522469117651782833e-01,7.433245324263590970e-01,5.401428751292893793e+00,6.054279212747082362e+00,1.368643448890606740e+00,3.423288116950905291e+00,4.648790226227040634e+00,4.852152929077332644e+00,5.852538331819361339e-01,8.469243318744371640e-01,3.401549276716229198e+00,4.326572237934811049e+00,4.986307129819609330e+00,4.901623918830933846e+00,4.656052017702191570e+00,5.305503582489673242e+00,1.846431320439444690e+00,5.798819676865541339e+00,3.578624922574836109e+00,5.912754279567439930e+00,3.464642335814914098e+00,2.442601286512904313e+00,5.384553800801853640e+00
2.573848429288621564e-01,3.707218455476207986e+00,9.278869117651782350e-01,7.307645324263590814e-01,5.414828751292893649e+00,6.029891108874332772e+00,1.358174443488657568e+00,3.419944735128323643e+00,4.663697315313207525e+00,4.850965506716479858e+00,4.951234043492415693e-01,8.579214163731395670e-01,3.429127664447209956e+00,4.355053394736787098e+00,4.967691921442732195e+00,4.911141828271471610e+00,4.639692868658534586e+00,5.300686150909695193e+00,1.868080386883248067e+00,5.779535356321728656e+00,3.619077383773499967e+00,5.908349285867663170e+00,3.491925755941127640e+00,2.410258103290895182e+00,5.380624489103291275e+00
2.310648429288621464e-01,3.729978455476207877e+00,9.075669117651782303e-01,7.159245324263591170e-01,5.427748751292893914e+00,6.005682462898819018e+00,1.338921848808817039e+00,3.416016364776111480e+00,4.680937296067559039e+00,4.846365841703025090e+00,4.451438498121219611e-01,8.702160831063098234e-01,3.451555421757196207e+00,4.381829772941451928e+00,4.944737535498884284e+00,4.915524074738248927e+00,4.623216518702999878e+00,5.295167938564869559e+00,1.886398054692266291e+00,5.757417078142459843e+00,3.647407653381377290e+00,5.905075133643600260e+00,3.515429468302046612e+00,2.377962044911872574e+00,5.374471382957587196e+00
2.089048429288621334e-01,3.747378455476207737e+00,8.888069117651782314e-01,7.043645324263591023e-01,5.439828751292894005e+00,5.982338109900408263e+00,1.325097567905215268e+00,3.415611713549772777e+00,4.704547296811563584e+00,4.851014945632353914e+00,3.538301025259085186e-01,8.822156171925739088e-01,3.480961093358479364e+00,4.396059050415536795e+00,4.929815641929797820e+00,4.915537991523637906e+00,4.609588639889156347e+00,5.290742356893194831e+00,1.909765481999628589e+00,5.736443705459235431e+00,3.664888062256415946e+00,5.900767729994214505e+00,3.541630781780737536e+00,2.359768548313642356e+00,5.367069588664920232e+00
1.892648429288621426e-01,3.762058455476207541e+00,8.784469117651781955e-01,6.874445324263590562e-01,5.452028751292893993e+00,5.951282401925658050e+00,1.317748455043901812e+00,3.411231552727727045e+00,4.718875341784249500e+00,4.849838930856988917e+00,3.103623814858610386e-01,8.879769706259986739e-01,3.504545936079798807e+00,4.421191241798702265e+00,4.905552726353473503e+00,4.916497775246886803e+00,4.594873357382709855e+00,5.286371228779970011e+00,1.932223629157398204e+00,5.712624212603483187e+00,3.683035970327699804e+00,5.898442227636279789e+00,3.566257555183176109e+00,2.318030014287028262e+00,5.373485050086938664e+00
1.731848429288621316e-01,3.775898455476207616e+00,8.701669117651782415e-01,6.742845324263591067e-01,5.466268751292894024e+00,5.925157705239618267e+00,1.298017783814173542e+00,3.412137955296458358e+00,4.740705884298367145e+00,4.852040093071765092e+00,2.588996108568245025e-01,8.997374716481857382e-01,3.530103374765145130e+00,4.445641455163283240e+00,4.878211669008511109e+00,4.919605548659695238e+00,4.580829975464578929e+00,5.286005204689258719e+00,1.956591466435578797e+00,5.685782174661077271e+00,3.693675194912404702e+00,5.895378579520620832e+00,3.592128282571059206e+00,2.286987899756317333e+00,5.375353741898692306e+00
1.563448429288621377e-01,3.786618455476207679e+00,8.655269117651782640e-01,6.582045324263591235e-01,5.478868751292893968e+00,5.894115940952612043e+00,1.278577732015063750e+00,3.410904915988499209e+00,4.754996249750996107e+00,4.848454199545068732e+00,2.041306626628105469e-01,9.076927492907239658e-01,3.547315947720275808e+00,4.474392318976843974e+00,4.861644366810207174e+00,4.919778377628118093e+00,4.562364382798926421e+00,5.292140105819129303e+00,1.979694773620475079e+00,5.664170186668479268e+00,3.698563922625927702e+00,5.890485224639015804e+00,3.618310947636194541e+00,2.250348554838492721e+00,5.379189055101467609e+00
1.499048429288621365e-01,3.796338455476207852e+00,8.630069117651782973e-01,6.444045324263590890e-01,5.488628751292893959e+00,5.867264933087237289e+00,1.253638046279187401e+00,3.409839979356889206e+00,4.766756703022704933e+00,4.835899274898511457e+00,1.772383156842240182e-01,9.210227076807094848e-01,3.569534807982278846e+00,4.498861430018206597e+00,4.849469520960300706e+00,4.916635388781647187e+00,4.550180224877800050e+00,5.289581578725546684e+00,1.997220657501364904e+00,5.638650684637910082e+00,3.688789382695048413e+00,5.888585281938958360e+00,3.643122600541258915e+00,2.212966207435491661e+00,5.388338693931897794e+00
1.396248429288621251e-01,3.803138455476207991e+00,8.620869117651782654e-01,6.258445324263590681e-01,5.498628751292893746e+00,5.837889759699577574e+00,1.226952611963566309e+00,3.403736706273441825e+00,4.776269597673287848e+00,4.825386729634391081e+00,1.616133757486185041e-01,9.240188888149801771e-01,3.586932372152387138e+00,4.528570037570584184e+00,4.836219646723857402e+00,4.910819975683415883e+00,4.538915427764732335e+00,5.286533996791136225e+00,2.017770782260440932e+00,5.613729700249650456e+00,3.681436276027999277e+00,5.891090985345465825e+00,3.663687890983301720e+00,2.180103043961474363e+00,5.398588381774106715e+00
1.309848429288621163e-01,3.808738455476207818e+00,8.656869117651783130e-01,6.071245324263591092e-01,5.509108751292894013e+00,5.809010402966703346e+00,1.214771641770122867e+00,3.406820599276874528e+00,4.798131197933976466e+00,4.817320307151472747e+00,1.466447102938311098e-01,9.451766381376009996e-01,3.604412417882564501e+00,4.555496380753961461e+00,4.825377733889846255e+00,4.907306599947674819e+00,4.525473236832866064e+00,5.291190888731375885e+00,2.043069486281994251e+00,5.590836654796391691e+00,3.676481787420007752e+00,5.890684280470686041e+00,3.686815267059222911e+00,2.141327724359828988e+00,5.416528480857606631e+00
1.248248429288621175e-01,3.815658455476207855e+00,8.702069117651782815e-01,5.917645324263590689e-01,5.521108751292893579e+00,5.777797945533778012e+00,1.196393133281196564e+00,3.401246617200954336e+00,4.816573932378959810e+00,4.801596318386200046e+00,1.287030394742013084e-01,9.566742541490534935e-01,3.623246116913174220e+00,4.578418902529831414e+00,4.824844899594873837e+00,4.900106331119142844e+00,4.514739148026906790e+00,5.290888899920481947e+00,2.063315250361399844e+00,5.566856739350359184e+00,3.661010094725389852e+00,5.898903215025341318e+00,3.709036765159884119e+00,2.089535476051892271e+00,5.435110618098378588e+00
1.175848429288621211e-01,3.823898455476207658e+00,8.771669117651782477e-01,5.756845324263590857e-01,5.533508751292893990e+00,5.746187975691923633e+00,1.193890711022745021e+00,3.397773568302557390e+00,4.822322813146789677e+00,4.787990698171954662e+00,1.435772558386767539e-01,9.608875363471214293e-01,3.634976320849451881e+00,4.606190229808226455e+00,4.821667229383673536e+00,4.891081822689819170e+00,4.498906414477740867e+00,5.291039192465815333e+00,2.085807495792450617e+00,5.544611447711105257e+00,3.650900492411777165e+00,5.906587303993628524e+00,3.733039926387536234e+00,2.051213682938031635e+00,5.455470002495307114e+00
1.116248429288621141e-01,3.832378455476207701e+00,8.864069117651782737e-01,5.588445324263591196e-01,5.550988751292893930e+00,5.715728778202044502e+00,1.177450167279890714e+00,3.388875286287281963e+00,4.827666616448309966e+00,4.777163565479650487e+00,1.377662876175093087e-01,9.710146077889784122e-01,3.653243853341891167e+00,4.621517206904576902e+00,4.818880679481928553e+00,4.886090810054488642e+00,4.492213093208316188e+00,5.287449308805118875e+00,2.109675602606766454e+00,5.518319955363407026e+00,3.649841624956991826e+00,5.911981849725616023e+00,3.753804378420876997e+00,2.015362583587946510e+00,5.467623618708402411e+00
1.080248429288621220e-01,3.840378455476207709e+00,8.944069117651782808e-01,5.432845324263591014e-01,5.564548751292893947e+00,5.685311345309544073e+00,1.165540547191161069e+00,3.385104552024390312e+00,4.836903197996126558e+00,4.767762032297190977e+00,1.279340972197800519e-01,9.822011417940653688e-01,3.664719579079221301e+00,4.652612526108911517e+00,4.827488055360353414e+00,4.883336412839206275e+00,4.482495324867941555e+00,5.278359283719609607e+00,2.132234122208878535e+00,5.491931136638218192e+00,3.646405999742832194e+00,5.920367438198783638e+00,3.773496632993158073e+00,1.968247836517925675e+00,5.495617414466900108e+00
1.084248429288621196e-01,3.845378455476207602e+00,9.069669117651782964e-01,5.272045324263591182e-01,5.572548751292893954e+00,5.656334517331580436e+00,1.157782531187947495e+00,3.375141739431896770e+00,4.849130901318548403e+00,4.752512194638033982e+00,1.287752289691526386e-01,9.900865621653086590e-01,3.674581418618409590e+00,4.678346235820286303e+00,4.830120243863272655e+00,4.871078574502933911e+00,4.470798293008515500e+00,5.275234473572695038e+00,2.155807522798709464e+00,5.468616855403282351e+00,3.626206063084784326e+00,5.921334891000748613e+00,3.788853167573001723e+00,1.934677828238263064e+00,5.521112881814178586e+00
1.085848429288621270e-01,3.851138455476207589e+00,9.164469117651783403e-01,5.122445324263591448e-01,5.582348751292894207e+00,5.625695738726659734e+00,1.156518127154500863e+00,3.372113784805844894e+00,4.867393764318287630e+00,4.736080038459931529e+00,1.341567204930012025e-01,1.003756956813113721e+00,3.682171795087242128e+00,4.704017208266358274e+00,4.834555918533031793e+00,4.861298767954077782e+00,4.464884541211627145e+00,5.260948760898247478e+00,2.172533034529106732e+00,5.446652845999475190e+00,3.632287215953433623e+00,5.936494588007483308e+00,3.801424425687020214e+00,1.899580764329148019e+00,5.534389776591102539e+00
1.089048429288621278e-01,3.864178455476207752e+00,9.277269117651782970e-01,4.983245324263591569e-01,5.596948751292893931e+00,5.594124958829190142e+00,1.155222393519280688e+00,3.361758683855965657e+00,4.878607717363024676e+00,4.713072606562369593e+00,1.421298367399479179e-01,1.000349632875705774e+00,3.692929554358026945e+00,4.733477244267723982e+00,4.830314341801881461e+00,4.852917524357982515e+00,4.457904720584876301e+00,5.255798381955017362e+00,2.189761438905819979e+00,5.418870889304924887e+00,3.632835335331869420e+00,5.945306174564596091e+00,3.814890150119782053e+00,1.870261547675445390e+00,5.551931132583760586e+00
1.062648429288621243e-01,3.872978455476207671e+00,9.373269117651783500e-01,4.883245324263591480e-01,5.609228751292893556e+00,5.561904321937550577e+00,1.156223545883976689e+00,3.355289266626566125e+00,4.883688336610356728e+00,4.699639310922959723e+00,1.378923844286164824e-01,1.006973202809247292e+00,3.699556751317228276e+00,4.752413693878705381e+00,4.836263803270051120e+00,4.840214628627760973e+00,4.449294313809486923e+00,5.246677036889169088e+00,2.211706524712345523e+00,5.389472346214504661e+00,3.619926353747609404e+00,5.947854603041483834e+00,3.828990400274999928e+00,1.842469998122473474e+00,5.572869875172616005e+00
1.017048429288621297e-01,3.879538455476207570e+00,9.470869117651783409e-01,4.773645324263591228e-01,5.616548751292893549e+00,5.535325314050740353e+00,1.164100294249325929e+00,3.345540344249162690e+00,4.890766156405980780e+00,4.685028844080211030e+00,1.341764584694000451e-01,1.017248838727712323e+00,3.706374485858756174e+00,4.780043413656934526e+00,4.841141429522020978e+00,4.822752723948451781e+00,4.444048799118558435e+00,5.240282017380600621e+00,2.235593814905825205e+00,5.361263143991723545e+00,3.613634794341253009e+00,5.959116780045477846e+00,3.837452446961507668e+00,1.811782567073480843e+00,5.592190825660001252e+00
1.049048429288621381e-01,3.883578455476207392e+00,9.564069117651783358e-01,4.639245324263591153e-01,5.627548751292893670e+00,5.507114509774302391e+00,1.176178346607809733e+00,3.341009680464357867e+00,4.901464394504557731e+00,4.665794589302283413e+00,1.304629551400959264e-01,1.024626816942169727e+00,3.713841076343844083e+00,4.810235598668573864e+00,4.852821643285119890e+00,4.811141441278013353e+00,4.441519976453056628e+00,5.234013386544953406e+00,2.261574894644162281e+00,5.332714789596671778e+00,3.604524157977991639e+00,5.968090440751331549e+00,3.850371949810869943e+00,1.780808505692012655e+00,5.614978006767501917e+00
1.095848429288621279e-01,3.891298455476207341e+00,9.667269117651783317e-01,4.568845324263591245e-01,5.633348751292893475e+00,5.480057841111934280e+00,1.192067326372843183e+00,3.331881257802911112e+00,4.904215156413139098e+00,4.645677127556797181e+00,1.339961568528709457e-01,1.032403247220718523e+00,3.723471864792643249e+00,4.837060637946720476e+00,4.855071984366662541e+00,4.798401041292818192e+00,4.437051180082665525e+00,5.227927117988465433e+00,2.286841998321381908e+00,5.305238578151048046e+00,3.590525517348662099e+00,5.982004756204309714e+00,3.857887254794473808e+00,1.754924162283844513e+00,5.634913671983200700e+00
1.119448429288621288e-01,3.900178455476207340e+00,9.738869117651782759e-01,4.455645324263591278e-01,5.641548751292893904e+00,5.452407115092213097e+00,1.183016428770227835e+00,3.321576253108549537e+00,4.903917161491775367e+00,4.618606906151614844e+00,1.299404344970072345e-01,1.042536822412178710e+00,3.730700614157524964e+00,4.873270967911097706e+00,4.871225309728460573e+00,4.788665847462054259e+00,4.434527250698143241e+00,5.220107628780787934e+00,2.308950758937736492e+00,5.279285744232774746e+00,3.585346170622346840e+00,5.989280305521123005e+00,3.869680500748850172e+00,1.727711597354330886e+00,5.648322655191563513e+00
1.156648429288621299e-01,3.908778455476207281e+00,9.804469117651782861e-01,4.331645324263591057e-01,5.643428751292893786e+00,5.422635584616599225e+00,1.199095224682530825e+00,3.327119158763790718e+00,4.904506648629310739e+00,4.603524067239663786e+00,1.339930046795270446e-01,1.049672960583408754e+00,3.733510168941373664e+00,4.910811678376788336e+00,4.874968235410102935e+00,4.770084282519090557e+00,4.429282738450850410e+00,5.215814472674589197e+00,2.331167733394900576e+00,5.249078934303565980e+00,3.578708889191024145e+00,6.001394256953262563e+00,3.879636482230566674e+00,1.714677052202330465e+00,5.656194029692050762e+00
1.181048429288621276e-01,3.916418455476207150e+00,9.890869117651782672e-01,4.249245324263590806e-01,5.649508751292893649e+00,5.395514362426260035e+00,1.207873362572921438e+00,3.314537346458875877e+00,4.911595627460217273e+00,4.586370310832686314e+00,1.287034109469270826e-01,1.061216293695002477e+00,3.734300857034577703e+00,4.933590723773832565e+00,4.892615520023868569e+00,4.751084322148742878e+00,4.427327780975335081e+00,5.212600003870815790e+00,2.357767660709123803e+00,5.217885101151556348e+00,3.570760532527293751e+00,6.009244705007874110e+00,3.886269656407989270e+00,1.699495462897430587e+00,5.669531127366592038e+00
1.180248429288621309e-01,3.922578455476207093e+00,9.927269117651782437e-01,4.158445324263591036e-01,5.657148751292893962e+00,5.371784902160643860e+00,1.211980701976771435e+00,3.313597223614766829e+00,4.911402867585329624e+00,4.568754156511696252e+00,1.194804371275611093e-01,1.070855716712512118e+00,3.733910227740154131e+00,4.955735614571669778e+00,4.913621468649830071e+00,4.737920186552524449e+00,4.431069534589317627e+00,5.205271078847525601e+00,2.377686254156126555e+00,5.189243786119265067e+00,3.563206742672614169e+00,6.011793726052511389e+00,3.888950180372404475e+00,1.673883915397355926e+00,5.681723357464187885e+00
1.235448429288621280e-01,3.930418455476206940e+00,1.000006911765178197e+00,4.126045324263590830e-01,5.665548751292893925e+00,5.345257085945733344e+00,1.206085774275931444e+00,3.308204809557604431e+00,4.913697283739261401e+00,4.550541249787183773e+00,1.326885431643936575e-01,1.068947743627182367e+00,3.731502791649345063e+00,4.986067484372743053e+00,4.914556769248155099e+00,4.730697182044105276e+00,4.429399228384911069e+00,5.195358890316273737e+00,2.396374322763387799e+00,5.162062265999763255e+00,3.558056656830521192e+00,6.015453032672963829e+00,3.892768554645336998e+00,1.640567726478716182e+00,5.695311842470686337e+00
1.245448429288621289e-01,3.940458455476206989e+00,1.007686911765178106e+00,4.109645324263590527e-01,5.667748751292894127e+00,5.318003213277119556e+00,1.217184694201852491e+00,3.295477561429894120e+00,4.917176781016431519e+00,4.530018603195228089e+00,1.259873992643629481e-01,1.077257470551909124e+00,3.734615073782509231e+00,5.028793438081740064e+00,4.928234268585042877e+00,4.712557496575740856e+00,4.428171760553155423e+00,5.178854618183894587e+00,2.418923395352754468e+00,5.134013029270751538e+00,3.551635135652624786e+00,6.015940903027237496e+00,3.896174398693522889e+00,1.632054784170065886e+00,5.710659680722362630e+00
1.274248429288621365e-01,3.944018455476206775e+00,1.010926911765178016e+00,4.072845324263590361e-01,5.671948751292894109e+00,5.293261413101643775e+00,1.219711349032673198e+00,3.286516214247166889e+00,4.914987359802566402e+00,4.510159815104000991e+00,1.158792768623906622e-01,1.088901058043928005e+00,3.731284847343276923e+00,5.051563483128297172e+00,4.946404860612432230e+00,4.697849177029286949e+00,4.423296196476250941e+00,5.166125934492300509e+00,2.445756322284403428e+00,5.102051835381674394e+00,3.543883272671054740e+00,6.017992540529228940e+00,3.893553013000532914e+00,1.632926235169850804e+00,5.720067715605001268e+00
1.311848429288621221e-01,3.950938455476206812e+00,1.010966911765178056e+00,4.059645324263590482e-01,5.679348751292893738e+00,5.271388173413469325e+00,1.240417540448581546e+00,3.289000811541884506e+00,4.909056801653151503e+00,4.495726295701530262e+00,1.132376150308931767e-01,1.100216697336716454e+00,3.732728026935786314e+00,5.045456261967929734e+00,4.964013658700845433e+00,4.674175880443620201e+00,4.425044482396099710e+00,5.151943776336831426e+00,2.467560685529424536e+00,5.075646864007337555e+00,3.544680921289781850e+00,6.023265779305133627e+00,3.889488906995271833e+00,1.629753871778458540e+00,5.721943360781874155e+00
1.378648429288621136e-01,3.962818455476206925e+00,1.012406911765177941e+00,4.057245324263590303e-01,5.690508751292894019e+00,5.247824984455599306e+00,1.237013348456281969e+00,3.287404379202737204e+00,4.906213368129741070e+00,4.476540872147640293e+00,1.111423875831424185e-01,1.112554702485436975e+00,3.735231829548314675e+00,5.069365633030377793e+00,4.977798596201955306e+00,4.650039702506677308e+00,4.421293448281358174e+00,5.144439988173578726e+00,2.493735077528218103e+00,5.043954668234754024e+00,3.545116785341897447e+00,6.021543944786461822e+00,3.890907838485726078e+00,1.620612282082441569e+00,5.722129612700952883e+00
1.467448429288621126e-01,3.969258455476206926e+00,1.016286911765178047e+00,4.052445324263590498e-01,5.699668751292893631e+00,5.229641561394601901e+00,1.255252798294297145e+00,3.276805568203991825e+00,4.903228378665118292e+00,4.456831138253858349e+00,9.914586028546021335e-02,1.126638512775426149e+00,3.735847856130675826e+00,5.109606358182253949e+00,4.994495987722844532e+00,4.630531207714326136e+00,4.419670454572376173e+00,5.135554129407039703e+00,2.514470012598611248e+00,5.015357094735969135e+00,3.551210831577830351e+00,6.024975184241327497e+00,3.891140660898334325e+00,1.597488638142846362e+00,5.729122859488472663e+00
1.517848429288621015e-01,3.976818455476206715e+00,1.017406911765178057e+00,4.065245324263590532e-01,5.705748751292893495e+00,5.207651413791523076e+00,1.249337131159172998e+00,3.267718286991356358e+00,4.897545027051752875e+00,4.440634501053204453e+00,9.098289167521267373e-02,1.138148395258252510e+00,3.735623219512996140e+00,5.119956165122702352e+00,5.012546792635061088e+00,4.611104764180458560e+00,4.416697609220234355e+00,5.121122760120014661e+00,2.529798571340005964e+00,4.984089910913546362e+00,3.553971017591513792e+00,6.027902884604469769e+00,3.891939178815591038e+00,1.593191149883919522e+00,5.726646854261590924e+00
1.564648429288621190e-01,3.985218455476206678e+00,1.015766911765177971e+00,4.091245324263590444e-01,5.716508751292893820e+00,5.185832586194553784e+00,1.253536563675912374e+00,3.266563385354095406e+00,4.889864056781329182e+00,4.421489673813913335e+00,8.365567510944194041e-02,1.145490112597622900e+00,3.735452119103801483e+00,5.124512352809779792e+00,5.035207075585224956e+00,4.592972027498465337e+00,4.416933475968250811e+00,5.107352208021858964e+00,2.554435792108513237e+00,4.947514540032487140e+00,3.548197402974677672e+00,6.026355330189158366e+00,3.889060285871221101e+00,1.583201164599129962e+00,5.734823626330138424e+00
1.678648429288621124e-01,3.992818455476206729e+00,1.014566911765177881e+00,4.149645324263590562e-01,5.727508751292893940e+00,5.162834135022997373e+00,1.267796782983007242e+00,3.257783195507814700e+00,4.884589332602583767e+00,4.405867580345915968e+00,8.139100006343553961e-02,1.157559739292501222e+00,3.734792247252457731e+00,5.161723340963146889e+00,5.042370318033010612e+00,4.574804358791669578e+00,4.413017499379476405e+00,5.094179992865487172e+00,2.577270736877348423e+00,4.915969971128503424e+00,3.552515743915894308e+00,6.025818100371434838e+00,3.882113063885181070e+00,1.580544681124773421e+00,5.733634641479996574e+00
1.780648429288620993e-01,4.003578455476207054e+00,1.012766911765177857e+00,4.230045324263590478e-01,5.739388751292893609e+00,5.140860749730636670e+00,1.269375138856707164e+00,3.257967373527829391e+00,4.881723537951722314e+00,4.395780629790223770e+00,7.508077800071068231e-02,1.167812751268766158e+00,3.733503591905591001e+00,5.192722558390718390e+00,5.056790604576793413e+00,4.559511449733556709e+00,4.410350784459757811e+00,5.087424694102464784e+00,2.597159449176720702e+00,4.884864655478423856e+00,3.550793136784687665e+00,6.022415775231376500e+00,3.880906324066045521e+00,1.545015042424224161e+00,5.747721025233519576e+00
1.813448429288621044e-01,4.012458455476206609e+00,1.013126911765177773e+00,4.292845324263590556e-01,5.744028751292893809e+00,5.118024292688174270e+00,1.275224202717527788e+00,3.260988296948117870e+00,4.871669274958115636e+00,4.376335286855129070e+00,6.057470907148676531e-02,1.181707532317206599e+00,3.728474701989512141e+00,5.226966057708758662e+00,5.078657901424615595e+00,4.539435067058040119e+00,4.404900938658937726e+00,5.073912829286523873e+00,2.620675783929527380e+00,4.849713188336537861e+00,3.549967292811806008e+00,6.021523110711276772e+00,3.878616300349410739e+00,1.514786383564967087e+00,5.757031055829060939e+00
1.876648429288620967e-01,4.016418455476206795e+00,1.008086911765177840e+00,4.328445324263590632e-01,5.750868751292894210e+00,5.096318259824290209e+00,1.281651319084702090e+00,3.263687430560129332e+00,4.866637588710441165e+00,4.367970355634067658e+00,4.770450632214287556e-02,1.188588930104052643e+00,3.723381965738708832e+00,5.230080746296834171e+00,5.101476841050783584e+00,4.519205444452775389e+00,4.402492096291416246e+00,5.054849140767239568e+00,2.643029664161034464e+00,4.813641619036751251e+00,3.537390630298204552e+00,6.015698084495525677e+00,3.874877329962586714e+00,1.501059494194660449e+00,5.776190534721902914e+00
2.001048429288621033e-01,4.022058455476206440e+00,1.004566911765177872e+00,4.392445324263590800e-01,5.757348751292894029e+00,5.079409731584517473e+00,1.295003358911647640e+00,3.255707834699630432e+00,4.861783560025023654e+00,4.357841216715618415e+00,5.304156775125015710e-02,1.204153788660391688e+00,3.723585515946347790e+00,5.239039860030936246e+00,5.107035191408320962e+00,4.502413419557329988e+00,4.393603127008926634e+00,5.040658335377417920e+00,2.666903348451946876e+00,4.779303680894173567e+00,3.539886456783507995e+00,6.008515295564484937e+00,3.874871804126077013e+00,1.496137865569169945e+00,5.775805390995313537e+00
2.072648429288621030e-01,4.031298455476206577e+00,1.004046911765177796e+00,4.498845324263590628e-01,5.758348751292894363e+00,5.062793207035301002e+00,1.317103371789796862e+00,3.261922321311618411e+00,4.854556622384734510e+00,4.344901070060407378e+00,4.482419968232842500e-02,1.219764369000073234e+00,3.724402734110206392e+00,5.264367237522836973e+00,5.123582666132597829e+00,4.482483397225505151e+00,4.386910307090170491e+00,5.029747347806042157e+00,2.685936348633815918e+00,4.746163315518594494e+00,3.543111040341598184e+00,6.002822216617860640e+00,3.873297998688638444e+00,1.484007327964085077e+00,5.780218631712401134e+00
2.178648429288621013e-01,4.040058455476206234e+00,1.003326911765177742e+00,4.559645324263590371e-01,5.762628751292893980e+00,5.046294536559708277e+00,1.318629805506355668e+00,3.261720529043520056e+00,4.850215742053237911e+00,4.331922507009799972e+00,1.672256010570876555e-02,1.239123611925103452e+00,3.724205628275953028e+00,5.259415635581695447e+00,5.162737367469318883e+00,4.463362670021210121e+00,4.371822343966326407e+00,5.016128644397147340e+00,2.706837507474598503e+00,4.715042516601140044e+00,3.546965866879702389e+00,6.003240211510103563e+00,3.864231258540799185e+00,1.467759495434372008e+00,5.788770294055058052e+00
2.261048429288620987e-01,4.048858455476206153e+00,1.000486911765177789e+00,4.611645324263590195e-01,5.762348751292893922e+00,5.030223726840709730e+00,1.311430233382514965e+00,3.267701551255604020e+00,4.844608572434335514e+00,4.316456740211317644e+00,1.069927103261951104e-02,1.254519998029788530e+00,3.728033423822441073e+00,5.269423160250910954e+00,5.179581310810473127e+00,4.444418536242879192e+00,4.366002624060687509e+00,4.998258619644794898e+00,2.727412750305266087e+00,4.685219609912276262e+00,3.550166041597229594e+00,5.995582056234757040e+00,3.860227805134924139e+00,1.457355925217715953e+00,5.791862416339666808e+00
2.363848429288621100e-01,4.056778455476206524e+00,9.967669117651778432e-01,4.730045324263590367e-01,5.768828751292893742e+00,5.018641632602865776e+00,1.319389505708008059e+00,3.266963418217700532e+00,4.845655976503967288e+00,4.303591043504176206e+00,1.625687892121131448e-02,1.265921237333531124e+00,3.726775213740824100e+00,5.303364172846991131e+00,5.187126853046461150e+00,4.427720911359838141e+00,4.352293809056456908e+00,4.986111482838534670e+00,2.746809033761195895e+00,4.656207544507632967e+00,3.550841638234820241e+00,5.989764844260045074e+00,3.853674571399464899e+00,1.452126474031993908e+00,5.794891847918669292e+00
2.441048429288621147e-01,4.060978455476206506e+00,9.958469117651778113e-01,4.790445324263590265e-01,5.772788751292893927e+00,4.998793041773459400e+00,1.322509516764102555e+00,3.267609161093779857e+00,4.836418944827705957e+00,4.296466664824372117e+00,3.728109135251660849e-03,1.276743944324114644e+00,3.721561005350168205e+00,5.323249532509951365e+00,5.208160025784892788e+00,4.407310524230171112e+00,4.342896137610535945e+00,4.961453453230175725e+00,2.766185100089823656e+00,4.624188339614035748e+00,3.559292985934083831e+00,5.982042522208236512e+00,3.848550463685621814e+00,1.443716474020012352e+00,5.793518703468556907e+00
2.529848429288621414e-01,4.066458455476206879e+00,9.907269117651777979e-01,4.880445324263590345e-01,5.779828751292893863e+00,4.984179416149824959e+00,1.326838080324671987e+00,3.267935593786062132e+00,4.825854431317599946e+00,4.286747023733007644e+00,-8.501416247395907066e-03,1.295983256483441481e+00,3.720935252716160768e+00,5.336015782124182039e+00,5.229648935860331527e+00,4.388979186791345910e+00,4.335526821734047687e+00,4.947768906629724128e+00,2.779275388217580023e+00,4.602601160090397769e+00,3.559249501559832218e+00,5.973433926248358894e+00,3.842733588868806116e+00,1.433998700534997006e+00,5.796449923949479555e+00
2.641048429288621602e-01,4.070658455476206861e+00,9.856869117651777534e-01,4.928845324263590455e-01,5.786308751292893682e+00,4.967579470399434705e+00,1.326571763311946039e+00,3.287696373383382387e+00,4.814523032311478268e+00,4.277520111790344970e+00,-1.130472794835208836e-02,1.307801829745680600e+00,3.718173572821514394e+00,5.359125513438494970e+00,5.245139325674418096e+00,4.368529177157859600e+00,4.319698957979795750e+00,4.928227144687205019e+00,2.801303078163717597e+00,4.569781668416861287e+00,3.567399957661935517e+00,5.964542709988232438e+00,3.842919008836329198e+00,1.411763520921612169e+00,5.794118743901698565e+00
2.765848429288621513e-01,4.073218455476206756e+00,9.823669117651777638e-01,5.036445324263589818e-01,5.792748751292893239e+00,4.951740102628604312e+00,1.332079510267573763e+00,3.289817494294965172e+00,4.808338350406998529e+00,4.265718474827346007e+00,-2.536151626700598738e-02,1.328651524131156059e+00,3.716659707589256900e+00,5.375832991066596733e+00,5.265787253807312496e+00,4.355909582513460165e+00,4.302607918635496631e+00,4.911921874243377673e+00,2.818375714631276452e+00,4.541655553125415246e+00,3.577266038109783164e+00,5.957683407244308782e+00,3.836238899791741375e+00,1.406940076899845460e+00,5.791065278708036779e+00
2.878648429288621635e-01,4.082258455476206471e+00,9.821269117651777458e-01,5.126845324263590298e-01,5.798908751292893626e+00,4.938773181968666215e+00,1.338051861704032452e+00,3.282511002703184300e+00,4.801194350104938557e+00,4.254306772872105569e+00,-3.525248438736353768e-02,1.344010023345959759e+00,3.707985804267684316e+00,5.400650963590277520e+00,5.281717164807125720e+00,4.336506430090438791e+00,4.292289099692801813e+00,4.895328038717959629e+00,2.841677363625241259e+00,4.508578906757565896e+00,3.575231995234392723e+00,5.952309440953515995e+00,3.833532657962280155e+00,1.403534721306242128e+00,5.791823236215541293e+00
2.978248429288621879e-01,4.085498455476206381e+00,9.787269117651777872e-01,5.210045324263590238e-01,5.805748751292894028e+00,4.920630868412486869e+00,1.354918112510728356e+00,3.277902917770971314e+00,4.793187941852261602e+00,4.243275759011250869e+00,-5.395232257091626960e-02,1.358074037897207376e+00,3.706582061010246232e+00,5.417986151641077441e+00,5.311406368813129220e+00,4.317848752364406018e+00,4.276676321586834639e+00,4.881088318967319317e+00,2.860841167304994048e+00,4.481155316839458891e+00,3.581273505889341902e+00,5.941543689717150301e+00,3.832783268144329458e+00,1.398807492841869005e+00,5.791841030047906180e+00
3.086648429288622042e-01,4.088818455476206815e+00,9.813269117651778339e-01,5.284845324263590660e-01,5.807228751292893953e+00,4.907543984085851463e+00,1.363651383438105658e+00,3.279878892127887635e+00,4.786753853352629484e+00,4.237292412239046513e+00,-7.659123822089154709e-02,1.380682978687652218e+00,3.702487782697735152e+00,5.442163953626205419e+00,5.338801113520715624e+00,4.297243411358623533e+00,4.260340233251494801e+00,4.872914310970792862e+00,2.880382395300186360e+00,4.451245874808117620e+00,3.589426401887822138e+00,5.931076953678734220e+00,3.831793705230663427e+00,1.385995684910394710e+00,5.790557092939379480e+00
3.213448429288622288e-01,4.092658455476207102e+00,9.865269117651778163e-01,5.394445324263590358e-01,5.810148751292893543e+00,4.896306958922213681e+00,1.391349425702039566e+00,3.304865481257751814e+00,4.777421053880676283e+00,4.229849967168894942e+00,-7.918982095276673461e-02,1.397060758950296577e+00,3.700298628670758205e+00,5.440536511744173964e+00,5.350847758778903618e+00,4.276236758537849347e+00,4.240591665121718812e+00,4.857662231577304368e+00,2.895119393887971793e+00,4.425244272051287453e+00,3.595167846028118674e+00,5.920037426528350188e+00,3.831951637723663318e+00,1.371962067436665711e+00,5.790405979692930138e+00
3.340248429288622534e-01,4.102018455476207137e+00,9.882869117651778001e-01,5.483645324263590748e-01,5.810068751292893907e+00,4.885287715509687878e+00,1.403050264962967253e+00,3.301901174617615897e+00,4.768075182496986031e+00,4.217432566764585999e+00,-9.415638103021956029e-02,1.413086482922414344e+00,3.692896820137317349e+00,5.460003612619345859e+00,5.371930621017770413e+00,4.260291706939091760e+00,4.221031368027392539e+00,4.838287930219983046e+00,2.917350608297604175e+00,4.390077214096949731e+00,3.607551020763313687e+00,5.906480226123570709e+00,3.829999672976065916e+00,1.354757955288276250e+00,5.791830806421791600e+00
3.474648429288622609e-01,4.106578455476206813e+00,9.904869117651777799e-01,5.522445324263590694e-01,5.811348751292894299e+00,4.877041361473893666e+00,1.407411978137823594e+00,3.319799348598773570e+00,4.755497160062544637e+00,4.215615237393921966e+00,-1.158301836912760258e-01,1.428757720522368269e+00,3.684718715484187168e+00,5.487165690628160952e+00,5.405075710872503159e+00,4.239620139058756010e+00,4.203572203959424769e+00,4.824653579907088208e+00,2.933286829261081419e+00,4.363336779328816029e+00,3.608843367030500016e+00,5.900384736842062772e+00,3.827379802504894624e+00,1.359703911194452663e+00,5.795991036109892747e+00
3.553848429288622435e-01,4.114458455476206922e+00,9.932469117651777646e-01,5.590445324263590976e-01,5.810748751292893921e+00,4.860933663669331217e+00,1.418322982240494801e+00,3.327201070591634391e+00,4.741700163738149953e+00,4.206036317884843889e+00,-1.332842696730929255e-01,1.448150947965242352e+00,3.687407115666646362e+00,5.479593908641099631e+00,5.429917170561333606e+00,4.217932258979598004e+00,4.181442165795961508e+00,4.809483413319074252e+00,2.947099493708385420e+00,4.337456189119544447e+00,3.624058066943474543e+00,5.886206411259220950e+00,3.827783718625748399e+00,1.341510169619716031e+00,5.791190519979196871e+00
3.654248429288622368e-01,4.119018455476206597e+00,9.990069117651777519e-01,5.670045324263590647e-01,5.809388751292893893e+00,4.847007639539159918e+00,1.418457171730260091e+00,3.323035637888034355e+00,4.735689317848456703e+00,4.199982765576335986e+00,-1.411708812387858503e-01,1.467425980977605127e+00,3.683985791025642609e+00,5.483806647841865001e+00,5.445626833137172440e+00,4.198329435961011491e+00,4.156143886657652331e+00,4.790487783895410523e+00,2.966494229718164899e+00,4.307837640759601072e+00,3.630715920032327571e+00,5.873406840640965854e+00,3.827843150578363218e+00,1.331753379597538700e+00,5.790254512382277063e+00
3.747448429288622318e-01,4.121498455476206857e+00,1.001126911765177763e+00,5.726845324263590831e-01,5.804948751292894116e+00,4.836644277028423922e+00,1.421052534190727856e+00,3.334293934911538138e+00,4.725007888635280651e+00,4.196497123145979558e+00,-1.524525153530604249e-01,1.483065690284858906e+00,3.681979433415532466e+00,5.490461078206756440e+00,5.464667493996809178e+00,4.177811202327346152e+00,4.130140751380605657e+00,4.773494165692948599e+00,2.977319498722170277e+00,4.288826583445592533e+00,3.631486153880182144e+00,5.862310124791242139e+00,3.829405712685594931e+00,1.311455466958660221e+00,5.796961222470646824e+00
3.784648429288622329e-01,4.125098455476206460e+00,1.003286911765177702e+00,5.805645324263590812e-01,5.804868751292894480e+00,4.824404351086586829e+00,1.425727641507625210e+00,3.333907288734988761e+00,4.713285737561339950e+00,4.194873175614046268e+00,-1.661696383691266266e-01,1.502674444230889250e+00,3.674693994024662569e+00,5.501102527208163728e+00,5.485061608293059443e+00,4.159298483603773633e+00,4.109350992032894112e+00,4.753714520756303408e+00,2.992518529250888015e+00,4.262048716905769474e+00,3.642077723021448499e+00,5.850449463332183520e+00,3.834303884563300624e+00,1.290263827350491388e+00,5.798345443038023461e+00
3.892248429288622247e-01,4.129938455476206194e+00,1.006926911765177790e+00,5.856445324263590546e-01,5.805148751292894538e+00,4.812174682044949137e+00,1.414099022985841891e+00,3.341333147408985127e+00,4.702529851544259287e+00,4.193249093374041614e+00,-1.768602115281117659e-01,1.514825083238460879e+00,3.665047470310418554e+00,5.526317079534875276e+00,5.507834582186403871e+00,4.139964766398375851e+00,4.088162243784247529e+00,4.737880878432049414e+00,3.003781929377419058e+00,4.239348127329337856e+00,3.655432870697001846e+00,5.835684217170541643e+00,3.835767745385232796e+00,1.287563082723162777e+00,5.790330847699872940e+00
3.970248429288621983e-01,4.134098455476205913e+00,1.013526911765177729e+00,5.920045324263590869e-01,5.800548751292894600e+00,4.803623295097132484e+00,1.436224146145424152e+00,3.365789548276685306e+00,4.689052184814759272e+00,4.188479736278960530e+00,-1.889076108498008999e-01,1.529440824324486359e+00,3.659109275401738248e+00,5.539266009138640534e+00,5.530326821702443496e+00,4.120389936710329160e+00,4.062600528368988329e+00,4.719881932036426697e+00,2.998039162890800746e+00,4.228571863774764239e+00,3.656811637498110557e+00,5.823397828570241685e+00,3.838087805947790088e+00,1.279170399377747014e+00,5.794538011972277580e+00
4.065048429288621867e-01,4.138338455476206157e+00,1.017326911765177755e+00,5.937245324263591417e-01,5.796788751292894837e+00,4.795721887935769701e+00,1.435366096933414104e+00,3.396984723126876826e+00,4.681036007050455972e+00,4.182820774179858425e+00,-1.983611633248619499e-01,1.550461610474694885e+00,3.641759121565792956e+00,5.563760021701456004e+00,5.548095806490820792e+00,4.101327443767867287e+00,4.035040451625592439e+00,4.704687292385015596e+00,3.009464783728042825e+00,4.206797311216131874e+00,3.662954669786240736e+00,5.810048758790921752e+00,3.842033185791482897e+00,1.281525525077029215e+00,5.786411194945497272e+00
4.172248429288621940e-01,4.136778455476206595e+00,1.018766911765177863e+00,5.996045324263591381e-01,5.797388751292895215e+00,4.782304124126273592e+00,1.426824636145229031e+00,3.404445132049782163e+00,4.663045092499098487e+00,4.178981986207633170e+00,-2.061742511087019392e-01,1.567436695992751705e+00,3.632929594566616682e+00,5.583263852024789031e+00,5.559487097160946689e+00,4.078401210392430976e+00,4.005202161024131513e+00,4.690932585971294699e+00,3.019708528619956311e+00,4.187945542999828241e+00,3.669459101813313140e+00,5.800632966028441473e+00,3.846302826126790197e+00,1.257713268023727293e+00,5.779885510791090475e+00
4.221848429288622140e-01,4.134698455476206291e+00,1.030206911765177757e+00,5.991245324263591021e-01,5.794588751292895523e+00,4.773067384664869017e+00,1.424497468623504348e+00,3.424558950831553705e+00,4.644792510528631624e+00,4.179033137603847869e+00,-2.308832266309698844e-01,1.587708907091710087e+00,3.626494754701445888e+00,5.603196156654865590e+00,5.594762311318558723e+00,4.057744997579809443e+00,3.974430905507518208e+00,4.673142442295958432e+00,3.034133570056995577e+00,4.164189314345228432e+00,3.671236733628111537e+00,5.786974860981171531e+00,3.849551714044765927e+00,1.271541925520752292e+00,5.778161581901253285e+00
4.311048429288621975e-01,4.142058455476206547e+00,1.043966911765177752e+00,6.050845324263590674e-01,5.790148751292895746e+00,4.760184337910247088e+00,1.431595670184118152e+00,3.445751711682540463e+00,4.635642877550895768e+00,4.179033137603847869e+00,-2.300013272139391773e-01,1.600739865903305859e+00,3.612042398495047379e+00,5.634826117444954541e+00,5.595204812321632915e+00,4.039851622882278726e+00,3.940273716804492565e+00,4.659131684450883881e+00,3.038949450661795115e+00,4.147466340946659002e+00,3.694550337728617961e+00,5.774909007216161072e+00,3.860785343997945596e+00,1.252361847968420427e+00,5.766818140885011879e+00
4.389448429288622111e-01,4.142738455476206560e+00,1.050526911765177651e+00,6.042845324263590445e-01,5.783988751292895358e+00,4.755386551529507067e+00,1.417671785605001622e+00,3.452063822518198766e+00,4.617193091499270707e+00,4.174600058229529509e+00,-2.403052139071505944e-01,1.618032689579388173e+00,3.599469061908254552e+00,5.651687803013451195e+00,5.613643631792266220e+00,4.017512746693026493e+00,3.907997751140595444e+00,4.646112893391751264e+00,3.044110216373569155e+00,4.128405107041036359e+00,3.698155462555221984e+00,5.761301086734262888e+00,3.867937910564678727e+00,1.251405770513503102e+00,5.760682640995527848e+00
4.465448429288622068e-01,4.141458455476206169e+00,1.061086911765177554e+00,6.116845324263590067e-01,5.780508751292895653e+00,4.749967873944129337e+00,1.429487799610990928e+00,3.453438935192774562e+00,4.592266149095914685e+00,4.178388198057553460e+00,-2.432655061180858391e-01,1.636544384822816944e+00,3.595436417566225007e+00,5.665872475055596880e+00,5.624992740117921386e+00,3.991887684983549622e+00,3.878792939047567057e+00,4.628894450176113118e+00,3.045097566782652976e+00,4.116950840511902854e+00,3.713854911093552147e+00,5.750506096430415326e+00,3.876672887520629551e+00,1.236476788027946361e+00,5.758299720842744662e+00
4.574648429288621920e-01,4.142618455476205774e+00,1.073206911765177463e+00,6.162045324263589752e-01,5.770708751292895400e+00,4.741313952774797613e+00,1.425119326623079941e+00,3.466313504028457615e+00,4.570482905896927406e+00,4.182503343746535762e+00,-2.651924226276247687e-01,1.655149552591385964e+00,3.585632255377117605e+00,5.672153016324569030e+00,5.648862218384233636e+00,3.969646548404316633e+00,3.844303447339114665e+00,4.608957392914989626e+00,3.046663748382623549e+00,4.104370007450940605e+00,3.717217006247725664e+00,5.741982225971658416e+00,3.881455004533470365e+00,1.248785242528403172e+00,5.749883441456725031e+00
4.687048429288622198e-01,4.146498455476205436e+00,1.085406911765177451e+00,6.153245324263589833e-01,5.759148751292895163e+00,4.730530314625381649e+00,1.434073624521476242e+00,3.478547422266372369e+00,4.547058888832667733e+00,4.186610933739864038e+00,-2.821512118147468939e-01,1.673989799601214301e+00,3.576770931494772654e+00,5.682795562383399002e+00,5.671741705896904406e+00,3.945797000012945865e+00,3.808757002813581760e+00,4.595931743578510087e+00,3.054475242428131398e+00,4.089135882717058301e+00,3.731791371656061340e+00,5.730189550062610770e+00,3.893938111196985297e+00,1.240451563242173982e+00,5.742158350736946026e+00
4.734648429288622062e-01,4.148738455476205012e+00,1.098206911765177374e+00,6.180445324263590390e-01,5.751188751292895418e+00,4.719373679874080629e+00,1.422129022282287325e+00,3.497609894037500666e+00,4.516225654886944163e+00,4.186824374996105824e+00,-2.987238018346874968e-01,1.698115486574647504e+00,3.565346564143452746e+00,5.698928661001096962e+00,5.695136534831800823e+00,3.917065085649723777e+00,3.769433765076513954e+00,4.586465296594230523e+00,3.058391925916975396e+00,4.075376179625362916e+00,3.753334726629367957e+00,5.719203510767794540e+00,3.909436597312679229e+00,1.228381128240963571e+00,5.732436414017169746e+00
4.821048429288621873e-01,4.153538455476205371e+00,1.111046911765177336e+00,6.169245324263590291e-01,5.746588751292895481e+00,4.709576799658123925e+00,1.421935973054279323e+00,3.497469764610419141e+00,4.495510448708203377e+00,4.188386259855982452e+00,-2.989262247632414327e-01,1.713281409769147556e+00,3.561295579641487130e+00,5.717744044432878425e+00,5.705833235349327737e+00,3.889312723250268444e+00,3.737544540840438856e+00,4.570156819717501762e+00,3.066602924357279214e+00,4.058465796768232714e+00,3.756629967333994902e+00,5.711779255984297698e+00,3.917768922728939618e+00,1.245345969355584170e+00,5.721630162789817398e+00
4.841448429288621735e-01,4.155378455476204991e+00,1.122926911765177227e+00,6.172445324263590161e-01,5.738428751292895313e+00,4.694392728223293787e+00,1.424373875192948002e+00,3.510275469220637490e+00,4.470679686429387623e+00,4.188007195264880522e+00,-2.972070420374489097e-01,1.732058919033186761e+00,3.548254305158429656e+00,5.743888537395241300e+00,5.708029535371582419e+00,3.860295435076031456e+00,3.697230171984478453e+00,4.555556152186597707e+00,3.077251531437186216e+00,4.035004680203842398e+00,3.774524079414346645e+00,5.693630647917126808e+00,3.930882615922477008e+00,1.228891022688231693e+00,5.716441634762635005e+00
4.890648429288621535e-01,4.157538455476204931e+00,1.139406911765177277e+00,6.130045324263589945e-01,5.727908751292895673e+00,4.684792990790660028e+00,1.394511810963513510e+00,3.522441273733930789e+00,4.449988011250677999e+00,4.187569713165832930e+00,-2.983764014085235616e-01,1.752811955816286904e+00,3.535187451581716100e+00,5.764818840893029872e+00,5.716389172850293576e+00,3.831294974967482503e+00,3.656533612371388742e+00,4.540549523362330753e+00,3.076951886838183992e+00,4.021457941195140329e+00,3.791660855900662153e+00,5.683545135243445401e+00,3.939082135520809658e+00,1.208302397668994832e+00,5.707727307648842618e+00
4.971048429288621451e-01,4.153458455476204847e+00,1.160406911765177185e+00,6.095245324263589559e-01,5.718108751292895420e+00,4.668983676402555183e+00,1.384445204456386413e+00,3.538295109044292897e+00,4.419016330068354037e+00,4.188345247265693239e+00,-3.112889077421175377e-01,1.768773191281427959e+00,3.522342896653687383e+00,5.783439818205775573e+00,5.739737788315910194e+00,3.802338120648235620e+00,3.615376736717460737e+00,4.532962074995609214e+00,3.072731423908498627e+00,4.014197928729932308e+00,3.803510909170812138e+00,5.678523448357708503e+00,3.946922519895414982e+00,1.215776003357381230e+00,5.698912110621282778e+00
5.041848429288621203e-01,4.154618455476204453e+00,1.173166911765177289e+00,6.103645324263589078e-01,5.705348751292895315e+00,4.661890585550287902e+00,1.371126464688799729e+00,3.526203926201847416e+00,4.389206847766519815e+00,4.202309286657259335e+00,-3.200040377547683779e-01,1.783657799441976000e+00,3.506630414182555278e+00,5.819047690892266367e+00,5.761122258355638515e+00,3.770304507563771779e+00,3.574526870504718623e+00,4.525449925658982409e+00,3.087762618969767558e+00,3.991140570343032046e+00,3.813464239870317130e+00,5.671292361404978166e+00,3.958847762160297989e+00,1.213686314452942172e+00,5.690652168100077013e+00
5.077448429288621279e-01,4.159858455476204142e+00,1.196326911765177359e+00,6.093645324263589069e-01,5.694548751292895616e+00,4.649368089210681454e+00,1.370859709127418835e+00,3.542766233817159716e+00,4.363234388222862137e+00,4.206413889369224890e+00,-3.215063225661347612e-01,1.798385669004421317e+00,3.498306306236281582e+00,5.847829353215699300e+00,5.769273699263089306e+00,3.740946263089234503e+00,3.530266925940208189e+00,4.514813589238363178e+00,3.091843948941403575e+00,3.978446398613868507e+00,3.822609088892077622e+00,5.663302576588177928e+00,3.968172882281291614e+00,1.209308903359882947e+00,5.672921356816988059e+00
5.066248429288621180e-01,4.162698455476204096e+00,1.219206911765177370e+00,6.068445324263589402e-01,5.683668751292895394e+00,4.635015061335399977e+00,1.379230780525267042e+00,3.540007213111613371e+00,4.330100310533145702e+00,4.217690089982708557e+00,-3.316517178686778089e-01,1.820196647388722111e+00,3.484728466686895398e+00,5.876356358968719995e+00,5.785510438450274684e+00,3.706836578309109065e+00,3.483663823415175997e+00,4.493640704448283785e+00,3.085767452035265368e+00,3.968166724075619101e+00,3.835723347038763276e+00,5.655173601250313986e+00,3.976444749636300457e+00,1.205049999880961398e+00,5.657249362725257136e+00
5.090248429288620757e-01,4.164138455476203760e+00,1.236366911765177434e+00,6.002045324263589610e-01,5.673068751292895229e+00,4.622667977325563449e+00,1.334713176600439422e+00,3.544110886915689207e+00,4.295481760024338236e+00,4.220096089555234187e+00,-3.285471237921404053e-01,1.837256626483450894e+00,3.475162224793276078e+00,5.907107619813419142e+00,5.791510204195290612e+00,3.680159743067163536e+00,3.440018854019578409e+00,4.475840232274374664e+00,3.092621902165337833e+00,3.947036926961104975e+00,3.850077564708310085e+00,5.651772344757679534e+00,3.983951879062633150e+00,1.205213888349358609e+00,5.644102411460337976e+00
5.121848429288621274e-01,4.164138455476203760e+00,1.261046911765177470e+00,5.980045324263589812e-01,5.659028751292895620e+00,4.607927253089581399e+00,1.336569581852510957e+00,3.562222815162656264e+00,4.258887882322832219e+00,4.232839619549847221e+00,-3.304538883085857415e-01,1.847505956854230469e+00,3.463885490198728156e+00,5.933127227079951105e+00,5.807301503022310740e+00,3.644472397237136896e+00,3.389188467686550243e+00,4.470114836570041383e+00,3.082326531581338180e+00,3.948274411105969772e+00,3.866279682506418069e+00,5.648800431940086852e+00,3.999070122506710234e+00,1.195247094002984012e+00,5.627332457964970835e+00
5.153448429288620680e-01,4.165898455476203743e+00,1.276926911765177364e+00,5.929645324263589368e-01,5.647868751292895340e+00,4.588922721035324059e+00,1.312461584248823643e+00,3.565020592696740653e+00,4.220471238539086123e+00,4.240311584055732830e+00,-3.365366923531639132e-01,1.860302106956317258e+00,3.452020214914204743e+00,5.954094178265465942e+00,5.825509569346530192e+00,3.607307126259991836e+00,3.343665697504403678e+00,4.453283313615510330e+00,3.080540172691653922e+00,3.941653009336304692e+00,3.892414476695502223e+00,5.644061114226383680e+00,4.005549467726823742e+00,1.180059660721108461e+00,5.609665614854527860e+00
5.216648429288620603e-01,4.169018455476203755e+00,1.296806911765177261e+00,5.916445324263589489e-01,5.634668751292895017e+00,4.574446692404935177e+00,1.352508443984320463e+00,3.566501636000085185e+00,4.190517102799817373e+00,4.251055009591860667e+00,-3.400627020837271308e-01,1.876882567280160341e+00,3.442339055350761789e+00,5.980267477891267447e+00,5.843458577750141103e+00,3.573476844569865918e+00,3.298679249625031673e+00,4.442480654088452496e+00,3.080743773587034440e+00,3.931656591792446864e+00,3.901374660817218842e+00,5.639778943899552033e+00,4.018903601940825965e+00,1.179179656248923846e+00,5.592019203190147003e+00
5.258648429288620418e-01,4.171698455476203549e+00,1.320326911765177247e+00,5.873245324263589584e-01,5.621268751292895161e+00,4.560025527126680522e+00,1.255800859357612653e+00,3.563658535607319600e+00,4.157771185174922834e+00,4.266735648301214212e+00,-3.375484333694090955e-01,1.890900786083258289e+00,3.433039513916303243e+00,6.012280933472991862e+00,5.856617277706428482e+00,3.539682391551805196e+00,3.253600269187320482e+00,4.424318614212839229e+00,3.084665037006114829e+00,3.913946558624473937e+00,3.914438594001994343e+00,5.644072589444630417e+00,4.018520181730060870e+00,1.179900361885361626e+00,5.569539851143007425e+00
5.259048429288620818e-01,4.176058455476203690e+00,1.343846911765177232e+00,5.826845324263589809e-01,5.610708751292895258e+00,4.543609182254404466e+00,1.331329115270958763e+00,3.548410091056192428e+00,4.124925316999876301e+00,4.274128410395115374e+00,-3.349436684703179234e-01,1.899690792239657755e+00,3.431764298165512539e+00,6.041365701892049245e+00,5.866598497376969590e+00,3.503290483833942037e+00,3.203555466472211233e+00,4.412330647125025429e+00,3.081283063285079837e+00,3.906055743312521589e+00,3.931461639286590426e+00,5.649528314546098606e+00,4.023251627224229132e+00,1.171953157877992702e+00,5.552724610663877236e+00
