8.000000493827037484e-01,8.000000728597184141e-01,1.199999968578166820e+00,1.199999964221831084e+00,1.199999871382719352e+00,1.199999969325158178e+00,1.199999766082144870e+00,1.199999937007893980e+00,1.199999982661466680e+00,1.199999984393290253e+00,8.000000183318040081e-01,8.000000174901602534e-01,8.000000202224448742e-01,8.000000219901020060e-01,8.000000478468785037e-01,8.000000280504868666e-01,8.000000391772694730e-01,8.000000214362248396e-01,8.000000143678149822e-01,8.000000140845060503e-01
6.119239192433322261e-01,6.194727774765258488e-01,1.398917143592504964e+00,1.400047249800364213e+00,1.329243995617517271e+00,1.401202300351462204e+00,1.178954341383733118e+00,1.350310531983812234e+00,1.400495451446845507e+00,1.400130094297116212e+00,6.291762656376284069e-01,6.537546396589194453e-01,6.046693117769811332e-01,6.045959342368384393e-01,6.084111457094159015e-01,6.023798645493562143e-01,6.003737399919171214e-01,5.992897542719631820e-01,6.022019258190715041e-01,6.018985478189468052e-01
4.492215725688493144e-01,4.481727783529696474e-01,1.600680373636536036e+00,1.601031317350558369e+00,1.373773439423880305e+00,1.600773822668430713e+00,1.052476572321666692e+00,1.396530848919645074e+00,1.600074353218571943e+00,1.599470306592418067e+00,6.461028361558390776e-01,6.984641643403383116e-01,4.107048585920668460e-01,4.129654655753430270e-01,4.417907082298774268e-01,4.269753155055873717e-01,4.158926701134973980e-01,4.110201612968170659e-01,4.171476187870614138e-01,4.172761180200095232e-01
4.901847372458768004e-01,4.509263541860104585e-01,1.796616589056170943e+00,1.785529304011332474e+00,1.494534333129118542e+00,1.793305447058759716e+00,9.162609362642060162e-01,1.374180569411518338e+00,1.788274757635997414e+00,1.783446129423011728e+00,7.088272259093733041e-01,7.886362281879117919e-01,2.913381193139105152e-01,3.072470900839655572e-01,4.372010452668703695e-01,3.851914595071867509e-01,3.898058143406313847e-01,3.206275467009984115e-01,3.226187991550731327e-01,3.240817115857421715e-01
6.104224899276534666e-01,5.416649080376989556e-01,1.965320843544769325e+00,1.922182546581077789e+00,1.392462306033340758e+00,1.851557988251381293e+00,9.386009301039708319e-01,1.454872519701017497e+00,1.910367974380186240e+00,1.899549279646528088e+00,7.369680081324765375e-01,8.388391755060597976e-01,2.634828349809494319e-01,3.010079227587257877e-01,4.862441089067318090e-01,3.930412818626064508e-01,4.636479132304546225e-01,3.162919256128530199e-01,2.843863295120121482e-01,2.884633888966930959e-01
7.586711651678987867e-01,6.640211346656724745e-01,2.091919981692553332e+00,2.000380746643678709e+00,1.237621403412037857e+00,1.795553267921009111e+00,1.058020480164232113e+00,1.600601760350099489e+00,1.947618521805122738e+00,1.928421967993869890e+00,7.170549188183906741e-01,8.296193768582468264e-01,2.973199338083382104e-01,3.560566923390748317e-01,5.323169675642219767e-01,3.934310213315190818e-01,5.831337290642266691e-01,3.675075708675450414e-01,2.705946071389384033e-01,2.751966396959982242e-01
9.071942837665725179e-01,7.910681153103596985e-01,2.181607028635891066e+00,2.040674854064043142e+00,1.062061371922695674e+00,1.689577858563836354e+00,1.211360673007757294e+00,1.769711898761616942e+00,1.928585740057026321e+00,1.908869588916327409e+00,6.819344223624040913e-01,7.838805954848160340e-01,3.639305056372527658e-01,4.296724921671878361e-01,5.645176821820619972e-01,3.764229184078549673e-01,7.122720448618291567e-01,4.463106126155633180e-01,2.669939721178766212e-01,2.713295034301444475e-01
1.023060231673026399e+00,9.009635689219087640e-01,2.256650169255630445e+00,2.085806908077851407e+00,9.330402303941505160e-01,1.592750336337229067e+00,1.377507389055599996e+00,1.937142399776886847e+00,1.899792209537731535e+00,1.891729590206616907e+00,6.519324178929466473e-01,7.163215701172536143e-01,4.334891368552173940e-01,4.841948462510021756e-01,6.100759715674627381e-01,3.719624523388529447e-01,7.988378081985556545e-01,5.257551761907184318e-01,2.784161082740357895e-01,2.845669290753536917e-01
1.079871096055576629e+00,9.659913555105505978e-01,2.326616617877691251e+00,2.151054076830168249e+00,8.780506243414102352e-01,1.534889067691906028e+00,1.533656120710565895e+00,2.083407787461377669e+00,1.884789629516667953e+00,1.894750493838658567e+00,6.112442364130729056e-01,6.368193026665082135e-01,4.837157448824933037e-01,5.039291223928035190e-01,6.578369674429422886e-01,3.869218839817439304e-01,8.341603528094416742e-01,5.827166183598282423e-01,2.903573303978181919e-01,3.007103027386545668e-01
1.086847086403263329e+00,9.834099263531679291e-01,2.384718443187928916e+00,2.216900444851733543e+00,8.273673617399934788e-01,1.495107205160055130e+00,1.605753450115575465e+00,2.202881526069655926e+00,1.871321149316039101e+00,1.905474404628778151e+00,5.382614593629765354e-01,5.688662040484668836e-01,5.028027232598324403e-01,4.989604600072424789e-01,6.663066653664712069e-01,3.823752938312794947e-01,8.392967615025394013e-01,5.976858307316059715e-01,2.798638952421745874e-01,2.914760043374614029e-01
1.064910551435730657e+00,9.582948419138599405e-01,2.431489831010541280e+00,2.269312266799021316e+00,7.748653234661799782e-01,1.466534045650552009e+00,1.605010175564240971e+00,2.281590460490344086e+00,1.866246809984176025e+00,1.920271488940985316e+00,4.358884683428200790e-01,5.194838759356943392e-01,4.928062751264001284e-01,4.869375851717065995e-01,6.495558542713569805e-01,3.570203498399385778e-01,8.446759595313612090e-01,5.812752717572216010e-01,2.465542453878985518e-01,2.594155023544382765e-01
1.031450782780398256e+00,9.164517193051948674e-01,2.481779104013512427e+00,2.310718367410789398e+00,7.499028544812232910e-01,1.469774383105363569e+00,1.599475995396902883e+00,2.304669466728897387e+00,1.886786122818358002e+00,1.944437611614144634e+00,3.219745635254147587e-01,4.737521693141165113e-01,4.734788873865303227e-01,4.816195973097202598e-01,6.539713286441808382e-01,3.451892077393374780e-01,8.622154281964847788e-01,5.689854181521997178e-01,2.143310589517364584e-01,2.293047519367688580e-01
9.997924037653010965e-01,8.783640672537731398e-01,2.534143964141721383e+00,2.343018969380920247e+00,7.339322194839468239e-01,1.491883904831592611e+00,1.618400472609991203e+00,2.263925054561043648e+00,1.929415868363114628e+00,1.976567675354284459e+00,2.294528344460942393e-01,4.333605289233759539e-01,4.570159381275977206e-01,4.860783166815756950e-01,6.832494271199495151e-01,3.461042581299633158e-01,8.942177285109442764e-01,5.817271331661116873e-01,1.887166839688991238e-01,2.055019109259657584e-01
9.826524616657406064e-01,8.598405402116360285e-01,2.577786749501813190e+00,2.366454629046843561e+00,6.972767769760546130e-01,1.498944792044273555e+00,1.643862888491280705e+00,2.174299056992532453e+00,1.968798481962605429e+00,2.000789113657193585e+00,1.887264089703685477e-01,4.132859413683776517e-01,4.457957101300301095e-01,4.939869902745480656e-01,7.000787296567978490e-01,3.268725844042919548e-01,9.317001828078755876e-01,6.206772006584815315e-01,1.534240327989029595e-01,1.719145811879218555e-01
9.802813055719092894e-01,8.615584419681227013e-01,2.618069912007947586e+00,2.381701599862590779e+00,6.522820658600746446e-01,1.497290288133676261e+00,1.673666182887706633e+00,2.067112884802334349e+00,2.003426093699383959e+00,2.019542533510628068e+00,1.888695013968268166e-01,4.076168144065847043e-01,4.395054580792869814e-01,5.026108713757416746e-01,7.095882242148383590e-01,3.042646528637139025e-01,9.668380037966889384e-01,6.711842877363012327e-01,1.175530273212905541e-01,1.360069138121069443e-01
9.918972733848185896e-01,8.742793311493838315e-01,2.660623221621358780e+00,2.390579293505230574e+00,6.233208721237786243e-01,1.506341092800715709e+00,1.690600929633605087e+00,1.987155618222152809e+00,2.044216833948361511e+00,2.041100420743119592e+00,2.047222052217582411e-01,4.088418152442394593e-01,4.348134203878056825e-01,5.121113129858088087e-01,7.402175410368090347e-01,3.029951169363775398e-01,9.983195729297305032e-01,7.105835057931073617e-01,9.986364375887131495e-02,1.186419882769055995e-01
1.009382659580208230e+00,8.894904152754353754e-01,2.698705696047333902e+00,2.396871500216941619e+00,6.022610016596569027e-01,1.512429929681922358e+00,1.683775764898770344e+00,1.962204465415473997e+00,2.078994266505997057e+00,2.057549446350936950e+00,2.137331478533265883e-01,4.161733347497757474e-01,4.295010838611309500e-01,5.181956458406618005e-01,7.698878110103917205e-01,3.105644287661615821e-01,1.021847532516153345e+00,7.227010810588313516e-01,9.694827426511215540e-02,1.123339448437623012e-01
1.024498730458132556e+00,8.962812003289798435e-01,2.725550312523334906e+00,2.403398118674383355e+00,5.713789109354303619e-01,1.504854036230719672e+00,1.656047951906327365e+00,1.982411157682345104e+00,2.088035885944737657e+00,2.063515400695237645e+00,2.139253976354459630e-01,4.276321751892245282e-01,4.216784805374509948e-01,5.166901861646179261e-01,7.777016844248619831e-01,3.119606312851124219e-01,1.030552768623652860e+00,7.060411992837646311e-01,9.415131246197330772e-02,1.077108191078375576e-01
1.032535227054365956e+00,8.944319385888364060e-01,2.735708595885915528e+00,2.414712636191424178e+00,5.589841443495017215e-01,1.495926096640278313e+00,1.634706582477998049e+00,2.029812118196455906e+00,2.078803890294850909e+00,2.065948543085118772e+00,2.069216254944687139e-01,4.311432758830573420e-01,4.192317641220566493e-01,5.089207221476420573e-01,7.653976720299926484e-01,3.170819529433447914e-01,1.028829459146670233e+00,6.743819080654004372e-01,9.691463896653508547e-02,1.082587827091688326e-01
1.038565850353395437e+00,8.914135962369696964e-01,2.731977125612989887e+00,2.426778921015453339e+00,5.742947533538912408e-01,1.490384977149935564e+00,1.658471098534916921e+00,2.083446911258835854e+00,2.065506790070161358e+00,2.066773902679754027e+00,1.961768789712972916e-01,4.207355282485574222e-01,4.274056217316726247e-01,4.960889127455474501e-01,7.487029111722773855e-01,3.176851535098512147e-01,1.019155285032233627e+00,6.496775938331087463e-01,1.039685606618302449e-01,1.142600138533791387e-01
1.045600063178327543e+00,8.927050694588781754e-01,2.715698450371769379e+00,2.435374597951735165e+00,6.124208698680612128e-01,1.483837197649938711e+00,1.697635037403366631e+00,2.126835095234273609e+00,2.046346842524803922e+00,2.059832276478377189e+00,1.866261643843485640e-01,3.983712818647104914e-01,4.436960329246181778e-01,4.873010928277257681e-01,7.251276958908841053e-01,3.166572508602467084e-01,1.011122259542392321e+00,6.345657900494072745e-01,1.131500912847067941e-01,1.249187195668504669e-01
1.060534794176423379e+00,8.977476948345568530e-01,2.688351475436729920e+00,2.429971170664861457e+00,6.414742216657263185e-01,1.470826309802093057e+00,1.732990996445353371e+00,2.149291858919357701e+00,2.026163606803298656e+00,2.042306235708955864e+00,1.776724925261121413e-01,3.855645885651300953e-01,4.598512995064690800e-01,4.836373644533895066e-01,6.909511146299313067e-01,2.966263879104363288e-01,1.014201258814980244e+00,6.291739649028874615e-01,1.168277963087506338e-01,1.320976404464913045e-01
1.081806192828661528e+00,9.021051285426298083e-01,2.663247992153241483e+00,2.416081425167027952e+00,6.694663597615270190e-01,1.465487949832570136e+00,1.764150293212245701e+00,2.163318197396712161e+00,2.016242895597451845e+00,2.030120169275357433e+00,1.743290732884108796e-01,3.778556442002233839e-01,4.728668228649311467e-01,4.867993868278602254e-01,6.740948560257189470e-01,2.826318051712023993e-01,1.022378434293893301e+00,6.283197883343646373e-01,1.261976358946831356e-01,1.449124292684968451e-01
1.104565117526306484e+00,9.056020580558321598e-01,2.647270201588306726e+00,2.396907965444729616e+00,6.824764713988619169e-01,1.466487937842740008e+00,1.776044111735050501e+00,2.176323912377519321e+00,2.016157550507585494e+00,2.020226020723513205e+00,1.696804609931322205e-01,3.769397815414455843e-01,4.786397165663054953e-01,4.903187084638869209e-01,6.725987245267419645e-01,2.823932027454106874e-01,1.031837808000920731e+00,6.261586273825140436e-01,1.338748669202802777e-01,1.588127625791058983e-01
1.119186536963633349e+00,9.125681369645931573e-01,2.640774093840529524e+00,2.389613480384679356e+00,6.666463436900178507e-01,1.454255440522455256e+00,1.767623831456067718e+00,2.181318935943935333e+00,2.010889750471173798e+00,2.020464954733305341e+00,1.697585069026763815e-01,3.804469324253508256e-01,4.785662542810353304e-01,4.871633554907336960e-01,6.656832769498302049e-01,2.848529637160387429e-01,1.042136276574313625e+00,6.215218522201496620e-01,1.345417994794297356e-01,1.626663666075859327e-01
1.124147532578456676e+00,9.204547461312873047e-01,2.647558877145120615e+00,2.399923654488878899e+00,6.513624660597406857e-01,1.444625626466926827e+00,1.764575841253548383e+00,2.186737965225051816e+00,2.011892335725709469e+00,2.035745909620685357e+00,1.698664726602229502e-01,3.794709738882507954e-01,4.793649397943556822e-01,4.801923862565063428e-01,6.667458374224781714e-01,2.941824402656382786e-01,1.043430189926214169e+00,6.173985400051288375e-01,1.367310828625886154e-01,1.657524410344164423e-01
1.122545796723264377e+00,9.246980945581179112e-01,2.664385961312419671e+00,2.412031855985110163e+00,6.358122163232083901e-01,1.443141989257858526e+00,1.770862626653652683e+00,2.190948524732666769e+00,2.020194363170393803e+00,2.052814171504274032e+00,1.677872224342189245e-01,3.783783489307247505e-01,4.791694109418493941e-01,4.729177663585780178e-01,6.818146797457043107e-01,3.026868565808910061e-01,1.044306113923975765e+00,6.133020184269710739e-01,1.371569187426067427e-01,1.670636991154064444e-01
1.118380322987572617e+00,9.222380305575625936e-01,2.679302876242287024e+00,2.417900637845444400e+00,6.139975458816551157e-01,1.437366208211225072e+00,1.768639225432057094e+00,2.189701631934182657e+00,2.025599874728004846e+00,2.064320105161167263e+00,1.566812668293805499e-01,3.763643077773528023e-01,4.796133729275874891e-01,4.688604139031093410e-01,6.855168467493131246e-01,2.979958372560616020e-01,1.045883008695659866e+00,6.168281824139907332e-01,1.328265564861661752e-01,1.622978277590497176e-01
1.113219563038954973e+00,9.154819417143067461e-01,2.686400219710418646e+00,2.414041220187306713e+00,6.014283776555585659e-01,1.431896562087578539e+00,1.761659945918423675e+00,2.179252522049511143e+00,2.028620080523518610e+00,2.070646941153606146e+00,1.421778961405800734e-01,3.694035629974581347e-01,4.811146939081950014e-01,4.743690917471941604e-01,6.926907676799329838e-01,2.946433510330991323e-01,1.049987199407818927e+00,6.225068002379481324e-01,1.260395805208847364e-01,1.543831550339451464e-01
1.109731216247578311e+00,9.083622705770576511e-01,2.685907102430957316e+00,2.394670733221758496e+00,6.020415022154197437e-01,1.431022515640567372e+00,1.761473069444833062e+00,2.159952318878440636e+00,2.040856595770807136e+00,2.074356454119321125e+00,1.283827150297790209e-01,3.606545819529362595e-01,4.836144133459025496e-01,4.826802793679415005e-01,7.048417843933709737e-01,2.920210437453687469e-01,1.062016994732580599e+00,6.307982097290212309e-01,1.262703575903709186e-01,1.515655205979245246e-01
1.107568574946895090e+00,9.048752701080869931e-01,2.684695504886718709e+00,2.375193375782087113e+00,5.982105668929709186e-01,1.428097602076114692e+00,1.774123438857904578e+00,2.137309193725432710e+00,2.049993121194876533e+00,2.073143329839150173e+00,1.230577469665992824e-01,3.544035655859243406e-01,4.861005111431701553e-01,4.873475720822820767e-01,7.056071403343074921e-01,2.812740677810066647e-01,1.068216608517520649e+00,6.385777239797219007e-01,1.225612653185010059e-01,1.472498033406084705e-01
1.106079787839089335e+00,9.103478255668973063e-01,2.682298830117183730e+00,2.371422768833552741e+00,5.944856611996720552e-01,1.420882800131543222e+00,1.779466845950836928e+00,2.130145789555212499e+00,2.053350368510594492e+00,2.075916866803291239e+00,1.226535242589612829e-01,3.415693549327888934e-01,4.894107787597390402e-01,4.840818834143750249e-01,6.998875769395977997e-01,2.742242793431501346e-01,1.069033885042521614e+00,6.444377311935101105e-01,1.192949696887244948e-01,1.424640799009045666e-01
1.105640389276608904e+00,9.246329753791802109e-01,2.683756879406760554e+00,2.379244441046885594e+00,5.960505965828103436e-01,1.419158739706270822e+00,1.784541968842093151e+00,2.143669286607354341e+00,2.057828593719322807e+00,2.082981497872223642e+00,1.191874869573125717e-01,3.325017272623709830e-01,4.954048697831118786e-01,4.806653716974327306e-01,7.020935064699295181e-01,2.908364582869290005e-01,1.060391967853837158e+00,6.440208162370330003e-01,1.241700223599579433e-01,1.437346313629187800e-01
1.108637756916646566e+00,9.276059599075004991e-01,2.677242801024793728e+00,2.371148381789225379e+00,5.741926666244840938e-01,1.413297601721814178e+00,1.761268071298128346e+00,2.163643474467992878e+00,2.054429522949655418e+00,2.078270540111995857e+00,1.138449669462413827e-01,3.319443517126521859e-01,4.930576586561529751e-01,4.772169918794582633e-01,6.954358293764087984e-01,3.060568166434622372e-01,1.051974262628380785e+00,6.308032935246662420e-01,1.238875437871216206e-01,1.376059536751550461e-01
1.115906260183274545e+00,9.268485120924960796e-01,2.669248986019284509e+00,2.361518251686866243e+00,5.717779757571689325e-01,1.412445325208081082e+00,1.759890954609198976e+00,2.178000661572416341e+00,2.057005013214087796e+00,2.071937694470968871e+00,1.089435950353280919e-01,3.320229437799160355e-01,4.901891557661058885e-01,4.755114859562150631e-01,7.044840244051243650e-01,3.137690495402358781e-01,1.051075036298804388e+00,6.221418571610561887e-01,1.315055034879834828e-01,1.373876204840199788e-01
1.123906461397238932e+00,9.255684326055428901e-01,2.656341297806037005e+00,2.351091775089527491e+00,5.758029700037620158e-01,1.411528645829799089e+00,1.780201781807884798e+00,2.178738787423624146e+00,2.056682109576795092e+00,2.065191637216887699e+00,1.082446832841277018e-01,3.290996463556002949e-01,4.938517586323176722e-01,4.713191876516753531e-01,7.062245458348214155e-01,3.144007334538034271e-01,1.052042479994987900e+00,6.272027642709681050e-01,1.346897008267036178e-01,1.327835529373818657e-01
1.122213051964662922e+00,9.257670481120566786e-01,2.643594937049242866e+00,2.350001316484488623e+00,5.762625397180575204e-01,1.404807852059734907e+00,1.801146508191562745e+00,2.175123746890981202e+00,2.052009825096827278e+00,2.063352251067411824e+00,1.113706418822109773e-01,3.255863258820518857e-01,4.985720828907704294e-01,4.665825808032684208e-01,7.065756603008891412e-01,3.122942739342819407e-01,1.052775109739407799e+00,6.307204832400161720e-01,1.332545216674742572e-01,1.251974127470709131e-01
1.120866523544943316e+00,9.298790637164665585e-01,2.634540863004244837e+00,2.354315551749711855e+00,5.885234990011305456e-01,1.407773865770684418e+00,1.802975185165576644e+00,2.178799115811066667e+00,2.054982012290079041e+00,2.060553177592211238e+00,1.096813150710667928e-01,3.194162232163527682e-01,5.039721323679771103e-01,4.678728054007912918e-01,7.151409225157840943e-01,3.162480733055332283e-01,1.060079411920789694e+00,6.334355540014323660e-01,1.323645189510929132e-01,1.261750622835177138e-01
1.121557805271369279e+00,9.325964532174514376e-01,2.624993715910668435e+00,2.355688810950196110e+00,5.766905933630749326e-01,1.405682134986160570e+00,1.781370019827466233e+00,2.185695753910450900e+00,2.050087564921143191e+00,2.057761186204227322e+00,1.016511598643118075e-01,3.226226727312669906e-01,5.060781701017855738e-01,4.693158002585431365e-01,7.174720689118866401e-01,3.197519181882044759e-01,1.069212120159814150e+00,6.297879097379829316e-01,1.271704815419468226e-01,1.170370259460097179e-01
1.121789653751331661e+00,9.302366684793114127e-01,2.623835545142763959e+00,2.347942816627941021e+00,5.845058358498360640e-01,1.405552480079470756e+00,1.777341045671542830e+00,2.188225386903533298e+00,2.053132172140307077e+00,2.063865550097762291e+00,9.788691446273432850e-02,3.240336760762900226e-01,5.108062390343486303e-01,4.680717135563866038e-01,7.307645169086701697e-01,3.210174776667648611e-01,1.072057239728248845e+00,6.265498928446097127e-01,1.287911138884605955e-01,1.174975221415098803e-01
1.122642471803183106e+00,9.291145726578463604e-01,2.623896145998576568e+00,2.337662796351061445e+00,5.909053464880769102e-01,1.394936686297905570e+00,1.792735073346586994e+00,2.187763259176836783e+00,2.050139337359304204e+00,2.067666954857555695e+00,1.062719772626636028e-01,3.250722029540697999e-01,5.109161544337877947e-01,4.622141103393705985e-01,7.335912652959509783e-01,3.187329356451933937e-01,1.069640599999198916e+00,6.328731729212380142e-01,1.221782396543594496e-01,1.081897152558027458e-01
1.125717306387951533e+00,9.268469232182814377e-01,2.625360872974851212e+00,2.324843265025990924e+00,6.023695928100815111e-01,1.389983702416303535e+00,1.810323395563318005e+00,2.185863605061315607e+00,2.054384974073299563e+00,2.076099327430567687e+00,1.137370175485836188e-01,3.224205559445219027e-01,5.111107602389156623e-01,4.597564936913186018e-01,7.431145250595018181e-01,3.193025756335899912e-01,1.062849571774207913e+00,6.410282308376442639e-01,1.210321387856418546e-01,1.053560414728351019e-01
1.124942334233796082e+00,9.271547420781270921e-01,2.621635222035700430e+00,2.318924950528224560e+00,6.103239475851852669e-01,1.383908560054549985e+00,1.789816344401837123e+00,2.196492757044071542e+00,2.057183503975134276e+00,2.082780204663174928e+00,1.108564368604146588e-01,3.259499205084456230e-01,5.111258420036985939e-01,4.613320042933558018e-01,7.443758321626832153e-01,3.279228089576523009e-01,1.064155277411357181e+00,6.363753606564803711e-01,1.200313746153448546e-01,1.012227151626973742e-01
1.122448265249820443e+00,9.298184246846695755e-01,2.613168889822099494e+00,2.313412485061042023e+00,6.199433537833086705e-01,1.370342296437972340e+00,1.769114656380050610e+00,2.209948433752698893e+00,2.053954085850955291e+00,2.087632271302952258e+00,1.104795529588755293e-01,3.272355787031360208e-01,5.090837760648777577e-01,4.622235397034895055e-01,7.356183902440491806e-01,3.389633307365117476e-01,1.062482009228870927e+00,6.254192747386722040e-01,1.128138347795735741e-01,9.470322873899519878e-02
1.119878006935500769e+00,9.330502567724033858e-01,2.605968643673511664e+00,2.314519798110603155e+00,6.454057762138226684e-01,1.360873005387361445e+00,1.766205526802722803e+00,2.221889177792588654e+00,2.058245400337821884e+00,2.094406402598126604e+00,1.195319284050021663e-01,3.246593219504773642e-01,5.120242699834774980e-01,4.622462823775393415e-01,7.333398465876155292e-01,3.530334347755203495e-01,1.055951149317798210e+00,6.238281103871460287e-01,1.097671499604798567e-01,9.190015018067690389e-02
1.122498887932533718e+00,9.264169368713611741e-01,2.602190557550242200e+00,2.295440366070726323e+00,6.557517851180613144e-01,1.350567660159019301e+00,1.753936802770466041e+00,2.223126448986718184e+00,2.060106019824893053e+00,2.094998293741751283e+00,1.275609134374619535e-01,3.321017785500805508e-01,5.099431988749595357e-01,4.603804369580843936e-01,7.238608836748746667e-01,3.513002656926292877e-01,1.052645399935527859e+00,6.226415353926549878e-01,1.042890318237134628e-01,8.097987811023164839e-02
1.123816878871783276e+00,9.191059016607407983e-01,2.611685092437368017e+00,2.284290100292140302e+00,6.708953865668905170e-01,1.360822937726617665e+00,1.768805124639408755e+00,2.220274893617203205e+00,2.069793164759629267e+00,2.101260175146011377e+00,1.297762304553986279e-01,3.317944799897882824e-01,5.120979796544121720e-01,4.612922589955930075e-01,7.352568979869669175e-01,3.556686910750188058e-01,1.049736298004366963e+00,6.230058176100544687e-01,1.094900340752435891e-01,8.455080483473870201e-02
1.123531733216150075e+00,9.187951987788739450e-01,2.615543286968346592e+00,2.283268350711503025e+00,6.673819659731341503e-01,1.341420218967124045e+00,1.756992149318570062e+00,2.217244496223492956e+00,2.067204908852436684e+00,2.101445890470385880e+00,1.324085299206990418e-01,3.314893944261595449e-01,5.101495252011395420e-01,4.586599462965220142e-01,7.180831833830170208e-01,3.488667430751770659e-01,1.047502711413289544e+00,6.249990616471230442e-01,1.017000558322126713e-01,7.495776696606756828e-02
1.127244972150630353e+00,9.194944745072897163e-01,2.622303044440294162e+00,2.286812405586487351e+00,6.767222387964491048e-01,1.345743675354686752e+00,1.759317975810523738e+00,2.222845624003758846e+00,2.078863717669376499e+00,2.103864867949265527e+00,1.288924678493144349e-01,3.239257706779828938e-01,5.160700328031697648e-01,4.661757491364148520e-01,7.185787053824701509e-01,3.624114294391432844e-01,1.056444852875231266e+00,6.367987033350959170e-01,1.065072213925841726e-01,7.877067486408001473e-02
1.131564463979818358e+00,9.153021604365392250e-01,2.624529802648461363e+00,2.283822477590576216e+00,6.692770895378081786e-01,1.337685454495520787e+00,1.752244358338016728e+00,2.224877437985271378e+00,2.082566854212883456e+00,2.102974444423713063e+00,1.270314451784829712e-01,3.232414124547508538e-01,5.149742224415770897e-01,4.706543251978447251e-01,7.039864363572786443e-01,3.591953313251207147e-01,1.065856519568328498e+00,6.402427157609720254e-01,1.008276517283282492e-01,7.370444768907742639e-02
1.131184778948834957e+00,9.112086353041584097e-01,2.629450414705191807e+00,2.288578670161575346e+00,6.728701881493368564e-01,1.339657902887495755e+00,1.743902411226152527e+00,2.229880432232572485e+00,2.089642065361154266e+00,2.111313730128654420e+00,1.229879515817448726e-01,3.124281066868314083e-01,5.142439356481524060e-01,4.744391554367869968e-01,6.938603927265708515e-01,3.651023860346406802e-01,1.072727303873364013e+00,6.424424815173649383e-01,1.045109152353520393e-01,7.258868915328625659e-02
1.136849607588136468e+00,9.085690405494257771e-01,2.633876638274797788e+00,2.300150409002229779e+00,6.650830974584598376e-01,1.343607374753813311e+00,1.744969869285325492e+00,2.231753985822706454e+00,2.097069629591922446e+00,2.116600890777665001e+00,1.265388151618055956e-01,2.973353464833451421e-01,5.119676571316099656e-01,4.684367121855810279e-01,6.775611250117320461e-01,3.688444881111643259e-01,1.075369898937419855e+00,6.392909483185893471e-01,1.086461634609154625e-01,7.042057838615421728e-02
1.143888323293920539e+00,9.044580266897654930e-01,2.632450222711057997e+00,2.294782969065471079e+00,6.563255208943563623e-01,1.340202804119567048e+00,1.735873717522003146e+00,2.232886665469368204e+00,2.098507092936702012e+00,2.119284819103584017e+00,1.248603498823069730e-01,2.832405785670506493e-01,5.068819197573071200e-01,4.654003975516579072e-01,6.732610218513985778e-01,3.628491032300493191e-01,1.074942406939531026e+00,6.311742877090191772e-01,1.121483123088559269e-01,6.279514760676174756e-02
1.154894874226034318e+00,9.035892879886445739e-01,2.633669952106012957e+00,2.281288111510192618e+00,6.413183045037610386e-01,1.343018833774242138e+00,1.740077904292795186e+00,2.228130237487669696e+00,2.106016638173684896e+00,2.118411906883938212e+00,1.296242948487598412e-01,2.699957488867725242e-01,5.015348040482633385e-01,4.640545590603630810e-01,6.769439113363642235e-01,3.589869897737202886e-01,1.067847709964852010e+00,6.260928894007558032e-01,1.192553648904143559e-01,6.208286282499798220e-02
1.158313754044427935e+00,9.036668458738547072e-01,2.628322946356359324e+00,2.276623676421413833e+00,6.412160206014861918e-01,1.346559797443574569e+00,1.733789443547008702e+00,2.220117530232609049e+00,2.110456311823690534e+00,2.119034281376715345e+00,1.292246807064506287e-01,2.491338700938732498e-01,5.003241552824361227e-01,4.663617995591780030e-01,6.755544748652586584e-01,3.560801185634506760e-01,1.064219629302123105e+00,6.235879890799307379e-01,1.213748360079776878e-01,6.285143312963063777e-02
1.158639408372683866e+00,9.115442214605026239e-01,2.618318110994554360e+00,2.269408989354247730e+00,6.366191611731774058e-01,1.350975434149971788e+00,1.728253819587765694e+00,2.211787334419012652e+00,2.112628951571042357e+00,2.117150606447026018e+00,1.300059706017115402e-01,2.322279804388859004e-01,5.027677938249666134e-01,4.744237784800635627e-01,6.654775323506203488e-01,3.475273575477133003e-01,1.061418696366194903e+00,6.163365035861928520e-01,1.171505060639122242e-01,6.112937987901995857e-02
1.157231532455545997e+00,9.202833282810138904e-01,2.613701246313919313e+00,2.270135275957657406e+00,6.357053610595476689e-01,1.363622448304081747e+00,1.716392576557956628e+00,2.212769675298939198e+00,2.115256339219145243e+00,2.117742160898798076e+00,1.266395584153464926e-01,2.057153020734344140e-01,5.082747724468416051e-01,4.839067890333391686e-01,6.589507258306929183e-01,3.490444904909884571e-01,1.060195153178947525e+00,6.007225152844200000e-01,1.211107500226782374e-01,5.766551565446734889e-02
1.157880055576928635e+00,9.259720152998620613e-01,2.612989317924761412e+00,2.267314322541643001e+00,6.273099852565062751e-01,1.375414994474183583e+00,1.702157457872280011e+00,2.213064250026926860e+00,2.121458109149113813e+00,2.117281923900610430e+00,1.315899734311420377e-01,1.919032479084963883e-01,5.069149286682492761e-01,4.956653059193155686e-01,6.491242105515375727e-01,3.408344792121208444e-01,1.062479270704815182e+00,5.893646371881257062e-01,1.167040382477211730e-01,5.068560053384338349e-02
1.159503877940290639e+00,9.246737312340326254e-01,2.619375837083819381e+00,2.272951849073018060e+00,6.133005762142788031e-01,1.385274863149154934e+00,1.705245040386664579e+00,2.219233434014256989e+00,2.125855138162267899e+00,2.121339137671695241e+00,1.493691581159326820e-01,1.818845442357243380e-01,5.048554755911268677e-01,4.967839500513175910e-01,6.563068304347525750e-01,3.375031034216564030e-01,1.051460297408969513e+00,5.861383822165421309e-01,1.156614547662045411e-01,4.686748820412720007e-02
1.164177546279383968e+00,9.192675943176027431e-01,2.631870137826550771e+00,2.278551340646144396e+00,6.039639698850698402e-01,1.402032968299152138e+00,1.704893439189435478e+00,2.211238727721241748e+00,2.134829162840406358e+00,2.121013432079096095e+00,1.677458157687683471e-01,1.694375732047269656e-01,5.023498332996891858e-01,4.972825816889264172e-01,6.727728333688894891e-01,3.317875580381646761e-01,1.044830549033499922e+00,5.813463306377341100e-01,1.140465466874723000e-01,4.204083011681122861e-02
1.166354114599434721e+00,9.155336811546308518e-01,2.619443979889295893e+00,2.279785431112540284e+00,5.837113625280472284e-01,1.411432375961983343e+00,1.685848166868032738e+00,2.201723247441159881e+00,2.126613559045487989e+00,2.114366322743913784e+00,1.792521500686629354e-01,1.638596637718501003e-01,5.004132722399352584e-01,4.970509813626686202e-01,6.624221531506875316e-01,3.155701161104264574e-01,1.040353613474969352e+00,5.828819771712325792e-01,1.035158219103026883e-01,2.874851981040491000e-02
1.160107728185699960e+00,9.152006203359961400e-01,2.617276610788350943e+00,2.294012860845376700e+00,6.136197127294129583e-01,1.445287315030476138e+00,1.681870467662743618e+00,2.211136757503295414e+00,2.138895112543846455e+00,2.129431998477318899e+00,1.764436871597432621e-01,1.412643040483641810e-01,5.082869195545881569e-01,4.994667294799128299e-01,6.808231525741276213e-01,3.301948553238132633e-01,1.047089783515771311e+00,5.830080169765060605e-01,1.186129755418882659e-01,4.243738456831279426e-02
1.155172645220441829e+00,9.193027640088472507e-01,2.595445804143043045e+00,2.279606976721369804e+00,5.742570879630841674e-01,1.419751846383965788e+00,1.640049221883637331e+00,2.201628087848753079e+00,2.114270372027970080e+00,2.113872757335000241e+00,1.876598679365091560e-01,1.494180018091549322e-01,5.041755948383670471e-01,4.908316244449458243e-01,6.398861963541861986e-01,2.812850186073088121e-01,1.050614261411606742e+00,5.746089639999103493e-01,9.445325914511311372e-02,1.138796379053205049e-02
1.148272813083212496e+00,9.261260818800856054e-01,2.622626620585050805e+00,2.277610668107028058e+00,6.416666731881606189e-01,1.471777846651054933e+00,1.677746009275851380e+00,2.223312162430139516e+00,2.145894268371971947e+00,2.139494056718306503e+00,1.684262142239582871e-01,1.148711823665736764e-01,5.127485237422892972e-01,4.895729491170867642e-01,7.043832696064149523e-01,3.268393367745225930e-01,1.045210453852666532e+00,5.758094140200835653e-01,1.428738827894169838e-01,4.829731386772213170e-02
1.151291774429608727e+00,9.287339876897474644e-01,2.586044847126526491e+00,2.245649036808323284e+00,5.594045656560413526e-01,1.406992877780936180e+00,1.617482427053462235e+00,2.207868111882692386e+00,2.089534170839964400e+00,2.096525539376450809e+00,1.949348684721472214e-01,1.448045905790434629e-01,4.979709673664050040e-01,4.728697224088683204e-01,6.249046072144280872e-01,2.397141860787504741e-01,1.042237974079562424e+00,5.749183348757285206e-01,9.278018503154425445e-02,-1.237686113321147252e-02
1.149842904145849554e+00,9.412921779980145676e-01,2.630811844704634250e+00,2.272300722422871733e+00,6.415338549276187186e-01,1.489535917614512650e+00,1.687194446741382414e+00,2.256199934549261155e+00,2.147031896466444767e+00,2.144519941928591855e+00,1.721567812089701555e-01,9.511288469202863749e-02,5.166429636745771825e-01,4.777953935108991135e-01,7.336235094403840140e-01,3.238385746388425801e-01,1.043959917796199566e+00,5.847726833838753357e-01,1.604926817280488138e-01,4.705641830064329761e-02
1.149813172806518402e+00,9.425504865231303375e-01,2.588801128541493135e+00,2.242763199301691213e+00,5.588043620163752889e-01,1.424711692901261095e+00,1.612458856337853463e+00,2.246514236241581752e+00,2.101068389050513296e+00,2.103637647891272167e+00,1.930692029360909223e-01,1.374472936858889549e-01,4.989366142015769778e-01,4.687046448027876178e-01,6.712852956095077817e-01,2.570131184023947690e-01,1.053716655690998705e+00,5.761681996982053189e-01,1.077678566490591072e-01,-1.225140587489714772e-02
1.138825815168935218e+00,9.569744705144125341e-01,2.596841185982202038e+00,2.265113281206405205e+00,5.743983575828200960e-01,1.448876575893392582e+00,1.633197301072593532e+00,2.256715317105672192e+00,2.117874915127533342e+00,2.120227971868967831e+00,1.873043579804709036e-01,1.195984477966446635e-01,5.069253531540494073e-01,4.669070535488006879e-01,7.058597262440340359e-01,2.863575011868993991e-01,1.053999144301210666e+00,5.801971874423544895e-01,1.331351988733855407e-01,4.638697272525294651e-03
1.130221994292211596e+00,9.601742582670989012e-01,2.599465918398432329e+00,2.266625025763186585e+00,5.889812480761019708e-01,1.466025685304058079e+00,1.662966267744235394e+00,2.245469594000921720e+00,2.136631978982039826e+00,2.123616148152117411e+00,1.851004665643736502e-01,1.011657308490246376e-01,5.121601005294932341e-01,4.642572798471943929e-01,7.349639649027623900e-01,3.018390698365246982e-01,1.059151860126941624e+00,5.898599494134073584e-01,1.552701590905791185e-01,1.735974617880558027e-02
1.128306708652658141e+00,9.487410487081245902e-01,2.561437581930442686e+00,2.227976525909248107e+00,5.447075386457848056e-01,1.421754399268904345e+00,1.625237189042235908e+00,2.229701266131748127e+00,2.108258985257623674e+00,2.087482953464070867e+00,2.002503617104716416e-01,1.288814882492238523e-01,4.959581579472591151e-01,4.565093413450351245e-01,7.048267313796654499e-01,2.497047137836191921e-01,1.071714315553478958e+00,5.899411755505125088e-01,1.262567836999764492e-01,-1.498095976643170138e-02
1.117462569957313301e+00,9.509828546126208870e-01,2.574508820071105486e+00,2.232398358384693360e+00,5.837902940783572525e-01,1.447449686957614778e+00,1.658442216437719274e+00,2.254830274943653734e+00,2.135728907586184278e+00,2.109763932527200403e+00,1.866099964954467672e-01,1.002219749501479934e-01,5.097462920135937825e-01,4.583070384419883903e-01,7.533004853586148242e-01,2.784824490691762966e-01,1.085747933106633534e+00,5.975782960292700396e-01,1.645168614168965038e-01,1.752304308700180710e-02
1.107912719343774999e+00,9.588169741255542222e-01,2.566927948632112599e+00,2.234222615531001654e+00,5.723311453943554783e-01,1.428982463911099510e+00,1.638880991977871737e+00,2.271170084019396906e+00,2.122089406738028927e+00,2.106994976497613248e+00,1.964136550261143255e-01,1.007727327302473941e-01,5.139139401410365293e-01,4.517573265966656759e-01,7.468958954805300365e-01,2.592099007437313474e-01,1.097275289320931435e+00,5.911937846116137596e-01,1.627609896036555925e-01,5.419423510299246904e-03
1.100663824258793388e+00,9.658683232104462446e-01,2.558670721728775188e+00,2.238428859390835690e+00,5.552025439196801582e-01,1.412295531112350622e+00,1.625690330777855186e+00,2.277951391360176547e+00,2.106477946470018292e+00,2.097189238454018057e+00,2.150148367536764138e-01,1.028825157885052410e-01,5.166780161312560793e-01,4.403045211409810644e-01,7.279272206270263057e-01,2.394729030048075025e-01,1.109060737475388914e+00,5.823706322905776167e-01,1.583557171731142243e-01,-5.819685005009993944e-03
1.099986701345119444e+00,9.713898463717268728e-01,2.584919559662793631e+00,2.237188068466545943e+00,5.839541916591964865e-01,1.439739405549890217e+00,1.638714469833002285e+00,2.302336577383649274e+00,2.129105375835749214e+00,2.112605198712218524e+00,2.172770200648836136e-01,9.141702745646410055e-02,5.210674476236092367e-01,4.329186485759082825e-01,7.623360514059491777e-01,2.579804025821402780e-01,1.121662503758776186e+00,5.688761697438040610e-01,1.925394288092854567e-01,1.673285106025182434e-02
1.104601470664893670e+00,9.645451640475134480e-01,2.576692095702609819e+00,2.202179479416561225e+00,5.574533440199987977e-01,1.416299298934774908e+00,1.608091144059121458e+00,2.294114799837691177e+00,2.111009138130855334e+00,2.092965789846829239e+00,2.281368053881637770e-01,1.068385582881075102e-01,5.113132849211651232e-01,4.231110031698548934e-01,7.346817287600933000e-01,2.260492508629513009e-01,1.139408371389034613e+00,5.594202423786048817e-01,1.845952136603010718e-01,-3.994909023529467917e-03
1.095203438330065060e+00,9.749144203161446143e-01,2.586092290231637225e+00,2.207756164965569479e+00,5.648607666842261343e-01,1.421734102135366884e+00,1.634329169197678011e+00,2.289329400436420414e+00,2.114531927287205626e+00,2.100049634609197913e+00,2.361565263630308609e-01,9.267891731236517494e-02,5.170173355386532554e-01,4.174811275472408711e-01,7.435315241520518148e-01,2.293762175901951084e-01,1.139754660674811459e+00,5.624228156138624257e-01,2.012474057345138567e-01,3.392926391639111000e-03
1.089541672296279851e+00,9.725385693309365198e-01,2.597877525465163817e+00,2.213807620331761594e+00,5.740601802346267934e-01,1.433266071058703517e+00,1.655074405373510471e+00,2.281340673111359241e+00,2.115527164831907836e+00,2.104554771995302609e+00,2.337476369050965896e-01,8.171526543644963558e-02,5.153275746011575231e-01,4.145211462482528142e-01,7.536098981949190811e-01,2.309263628490846321e-01,1.145087342187877555e+00,5.667311534328159928e-01,2.153420572527967591e-01,2.745095354946678733e-03
1.089629624834882904e+00,9.701343828936908054e-01,2.591465513419932254e+00,2.202542399005917417e+00,5.527038042678372731e-01,1.422063724475162605e+00,1.619310938145694934e+00,2.266257941572148216e+00,2.096138315497410254e+00,2.092397794323781479e+00,2.380770991409320025e-01,9.538323952067204181e-02,5.065101753299156018e-01,4.152563615102278782e-01,7.333110902538096942e-01,2.046954210724147571e-01,1.169388987728432028e+00,5.623946179078712637e-01,2.048906370216000972e-01,-1.282901380795267547e-02
1.090087091238420625e+00,9.755518820877294717e-01,2.617214117130358009e+00,2.209028054211679581e+00,5.720066767168486832e-01,1.448044266284183923e+00,1.626249964344311127e+00,2.266457314734152906e+00,2.107910810689131331e+00,2.111493397094459823e+00,2.274656919460659454e-01,8.543687792870700848e-02,5.022600421965065509e-01,4.133778582341883223e-01,7.549382233615925530e-01,2.183340168221034883e-01,1.185295528685679001e+00,5.580439807903176952e-01,2.213851960933468366e-01,2.253617062879317498e-03
1.078203711747937943e+00,9.790305627589407367e-01,2.634163210129825128e+00,2.217085656681759609e+00,5.570965537125462941e-01,1.443166027211572056e+00,1.625218316023613330e+00,2.259522637831171021e+00,2.093335533085314282e+00,2.116200515864873122e+00,2.409225586016756071e-01,8.722581555708203149e-02,4.934351303747122053e-01,3.977343010824709868e-01,7.468157033573652459e-01,2.120717178185583252e-01,1.188962546876264348e+00,5.586612026670573217e-01,2.186224695912439564e-01,-2.791084764748074862e-03
1.074351171768639812e+00,9.713279142991809723e-01,2.647148082538504088e+00,2.206919977131029942e+00,5.363567472746958442e-01,1.435623218543139012e+00,1.620991914597211370e+00,2.242566432366708273e+00,2.079006830665076855e+00,2.110793876650916001e+00,2.495824622897175327e-01,9.594562821683014220e-02,4.821434795452825273e-01,3.836795595657805369e-01,7.339168171423522402e-01,1.955488877334098652e-01,1.186660206974505583e+00,5.536739634445536629e-01,2.182552356449307396e-01,-7.161025306167523308e-03
1.070934254566194399e+00,9.702714582570601820e-01,2.663516038387483853e+00,2.199997570564037108e+00,5.549164591666081447e-01,1.465038962249096244e+00,1.637804119819270987e+00,2.242495395810372827e+00,2.096658270385466150e+00,2.120930960556997480e+00,2.339402411872185672e-01,8.353433442127940201e-02,4.831733645017097234e-01,3.829035236156003719e-01,7.632560555580290007e-01,2.127799315464385388e-01,1.184884300080693675e+00,5.515432729596533301e-01,2.431303855958460991e-01,1.883348303524204348e-02
1.062872374336942816e+00,9.688019421565794431e-01,2.636209064795730139e+00,2.191422574315785354e+00,5.274702357924758722e-01,1.445475245345567039e+00,1.593682920700641326e+00,2.219797801996720388e+00,2.075055598120669753e+00,2.103172763581103055e+00,2.383997817366723393e-01,9.437126675387384755e-02,4.778164548711663628e-01,3.763195955937173043e-01,7.342654910676827962e-01,1.878456070394562694e-01,1.184941556264386131e+00,5.545013174442277037e-01,2.234858197168841654e-01,-3.441115366976249534e-03
1.055225862736821396e+00,9.738469574910381121e-01,2.643289005644429590e+00,2.203673828373461596e+00,5.560879558551872215e-01,1.471308123315917760e+00,1.596837547518444866e+00,2.216830256982231795e+00,2.081057327523571310e+00,2.108259117989532250e+00,2.268363279243192643e-01,7.631325769216887323e-02,4.887372859474261033e-01,3.786075383912397285e-01,7.499194435381458801e-01,2.060297931145650130e-01,1.183255134374289419e+00,5.671683641127978071e-01,2.434196140868483405e-01,6.004373055497157566e-03
1.063791998398342598e+00,9.734076000902931458e-01,2.638062164982521995e+00,2.202095301618982592e+00,5.513420439586135258e-01,1.478668033545412319e+00,1.579198426032473623e+00,2.212960300916145151e+00,2.074368752849273800e+00,2.101900698255123601e+00,2.288645556820970706e-01,7.681459509283607157e-02,4.865906385502002385e-01,3.753781062860186424e-01,7.423951374539358161e-01,1.998037617576513270e-01,1.182293836631440165e+00,5.705780723614137795e-01,2.395885611136402971e-01,-2.040075694607873524e-03
1.078792210293158638e+00,9.723662312943641695e-01,2.637659387839010883e+00,2.200824751294811144e+00,5.375193448862527479e-01,1.478169206337176078e+00,1.571460426132157862e+00,2.212826013621515653e+00,2.068072745583616534e+00,2.097322062543570009e+00,2.438138809016733022e-01,8.197047692268912000e-02,4.841195531007636554e-01,3.646183128365836357e-01,7.341870274886407310e-01,1.954580653828406345e-01,1.175780850764604368e+00,5.750463174493993801e-01,2.301367382358401326e-01,-7.340651204492110865e-03
1.093177657910536560e+00,9.755639512473287533e-01,2.646772303613050603e+00,2.215026121597818864e+00,5.397736007874139874e-01,1.491293248722898479e+00,1.583513714761436653e+00,2.217907236537027149e+00,2.083359890663918357e+00,2.109854130332099675e+00,2.489519315040089886e-01,7.563078313082256809e-02,4.850718746569526174e-01,3.595237022873896682e-01,7.509280319350711830e-01,2.103564539289930202e-01,1.171340892255055444e+00,5.732318947354024807e-01,2.394472955983684981e-01,-5.436932872663526733e-04
1.100182530690996696e+00,9.728017789870653242e-01,2.630619518493867215e+00,2.216482651779673851e+00,5.236516627041833960e-01,1.485883823261402670e+00,1.561196001331264460e+00,2.226636166297371044e+00,2.077414591739227046e+00,2.103272546511166130e+00,2.545669893964769837e-01,7.834071637472472815e-02,4.813253110660004053e-01,3.546629078729383600e-01,7.418142269707764802e-01,2.038531183660411139e-01,1.168816453051897630e+00,5.693993128689206484e-01,2.302569355040652854e-01,-8.334183376119911474e-03
1.094982423601416288e+00,9.647462878836778888e-01,2.623717581166106427e+00,2.211328729817112926e+00,5.258953891672647485e-01,1.498478646166286454e+00,1.548176330120779376e+00,2.239376717565991992e+00,2.073047034481297679e+00,2.107653522689294512e+00,2.472572686669518571e-01,5.939872153735042959e-02,4.893028041504290382e-01,3.516804552350215607e-01,7.444626231606520372e-01,2.167972680524456186e-01,1.175709723901151582e+00,5.744558092507506819e-01,2.289320283469066519e-01,-2.743707412256024200e-03
1.093398721267251350e+00,9.590855561501063775e-01,2.612120839405447814e+00,2.195064537196152799e+00,5.271693721777842567e-01,1.504352475818940160e+00,1.543070426107569171e+00,2.242821699247540490e+00,2.064408781835926021e+00,2.101907419929304854e+00,2.551557571513158318e-01,4.071783488337575585e-02,4.984604598516017004e-01,3.530190019011855140e-01,7.367774682415455523e-01,2.172537034540182876e-01,1.168693617937460294e+00,5.864273011855811735e-01,2.266608790542426755e-01,-1.967036896007185679e-03
1.101173354506543633e+00,9.544717141771148494e-01,2.607131881173315513e+00,2.180770983523296014e+00,5.258779293250648301e-01,1.503927097237655275e+00,1.538286928996731362e+00,2.244177465104229441e+00,2.062518369715811595e+00,2.100792000292281969e+00,2.644405020954098129e-01,3.321669798802161927e-02,5.039417514490596162e-01,3.641003723606438536e-01,7.342339450877261031e-01,2.173364937376865424e-01,1.157717365629086226e+00,6.001757791350772475e-01,2.262070375529328103e-01,7.911058230520495380e-04
1.105216163873841806e+00,9.488010184863080454e-01,2.610540156454645544e+00,2.171212741663960166e+00,5.262725709443200062e-01,1.502325973814637949e+00,1.531450894051576084e+00,2.254760197670899746e+00,2.061421419211283634e+00,2.103422447817162144e+00,2.669735831059295572e-01,2.690857241710357256e-02,5.056331018337795191e-01,3.794071262478727613e-01,7.255328036490510391e-01,2.222092795394228215e-01,1.151030910898043214e+00,6.056694839015317466e-01,2.299454457827791176e-01,-2.571225155102827183e-05
1.104900362269377601e+00,9.487151308396095661e-01,2.614599344276633097e+00,2.169870339853608776e+00,5.218443362536252517e-01,1.501476042099085584e+00,1.521991246136685128e+00,2.273886908481566493e+00,2.062528999706199073e+00,2.106192302371485692e+00,2.670096601723551677e-01,2.437124033130249126e-02,5.060652828029482686e-01,3.901008567192253418e-01,7.228828451343359829e-01,2.365965730918280496e-01,1.138767838749828565e+00,5.992538600336885235e-01,2.302972559057942792e-01,-7.642925346567027746e-04
1.107559081518705080e+00,9.519468203913101778e-01,2.618041536863497054e+00,2.166826687864592316e+00,5.103706677066297548e-01,1.497805440736587501e+00,1.507380103157570206e+00,2.280156273607685691e+00,2.055225996625585694e+00,2.102365237896685279e+00,2.696153986332375241e-01,2.446809081506424316e-02,5.064648470207294695e-01,4.021323698615280051e-01,7.276483212201040329e-01,2.505423150465111992e-01,1.125899877385635461e+00,5.992872852621966562e-01,2.307035496503363758e-01,-7.989205794698889251e-03
1.113984808005367144e+00,9.537620207721668741e-01,2.617347762208479978e+00,2.166969927597466317e+00,5.031449643024726859e-01,1.507452060996218535e+00,1.522785130101163231e+00,2.278567920687699644e+00,2.055961676786999259e+00,2.100985770280725973e+00,2.748692341854723220e-01,2.107844077826069237e-02,5.117415734041624864e-01,4.140718029003007672e-01,7.359921121511360242e-01,2.564675795000490588e-01,1.109176317422711611e+00,6.039566304132475416e-01,2.342942787877962951e-01,-1.688787789777116549e-02
1.122738406049446747e+00,9.481235817804652966e-01,2.609738125320050450e+00,2.155921662848710785e+00,4.926312966636714474e-01,1.509422325010536081e+00,1.520639278183121501e+00,2.264085152669869316e+00,2.045913999805154759e+00,2.093043261179410308e+00,2.682701463359420946e-01,2.741529707054608800e-02,5.146749640348109445e-01,4.252103290758071363e-01,7.393022770970041346e-01,2.616432219453590502e-01,1.096314091163576032e+00,6.046492631988431565e-01,2.349809056445919531e-01,-2.499780669548448339e-02
1.119524977513062014e+00,9.371237715931366452e-01,2.605142987541457789e+00,2.166103640187892143e+00,4.817803591085699777e-01,1.515185376060268263e+00,1.532400989743647024e+00,2.260232736239579765e+00,2.033815199522235329e+00,2.098817854547071260e+00,2.606711641484945052e-01,1.325450941696159138e-02,5.256273761040554104e-01,4.392541491651109076e-01,7.522199080560545426e-01,2.768536323371779684e-01,1.084357481307084647e+00,6.077729718476515552e-01,2.500161467905179791e-01,-2.515487740534231090e-02
1.113576695855588605e+00,9.329371172308454918e-01,2.584143641445277861e+00,2.173667006618830388e+00,4.616425520976398800e-01,1.506672830064301083e+00,1.519655833983092119e+00,2.259215787512328433e+00,2.011734984955752648e+00,2.093587747227100060e+00,2.481442895511537516e-01,1.207073451683795054e-02,5.327403528820282563e-01,4.527325587130930362e-01,7.413733001681773738e-01,2.754390214773378975e-01,1.081474844119147738e+00,6.091057866584723701e-01,2.519533022629831809e-01,-3.819879572014742153e-02
1.119455911270253790e+00,9.433715742982519137e-01,2.588544157090207243e+00,2.178616894800935011e+00,4.589697333069305829e-01,1.521660929509982774e+00,1.519366879635865919e+00,2.263198471117569888e+00,2.005078827162340094e+00,2.103011653435469697e+00,2.455120324221879424e-01,6.096977521447856201e-03,5.408589599214632671e-01,4.734994229130092824e-01,7.653991224934844073e-01,2.875332196676297358e-01,1.086952277639098963e+00,6.147728267918489697e-01,2.661558930188187566e-01,-3.683840084446233371e-02
1.127887142768301487e+00,9.398741474997212020e-01,2.587534972086905416e+00,2.158713679936869134e+00,4.396392341280832006e-01,1.515665548285978881e+00,1.528719679468802495e+00,2.262318044531667294e+00,1.988774774537335865e+00,2.097861714071369121e+00,2.606681234490214605e-01,1.067699187744410028e-02,5.373719306506378190e-01,4.756897309218482972e-01,7.696837963688895057e-01,2.762802686294555943e-01,1.062318214452637966e+00,6.179147868310580494e-01,2.658405187845081508e-01,-4.469521989292320890e-02
