4.811622262639861702e+00,3.627359298957117950e+00,4.728949033858776296e+00,1.457851516141652093e+00,9.045630347713931596e-02,2.168169358163035199e+01,1.771343835506548059e+00,6.004318044150036116e+00,2.501832528527909716e-01,3.548795292543474478e+00,4.019025099424924363e+00,3.119045732527265358e+00,5.168992532483156488e+00,4.833417160515461219e+00,3.703343635581236803e+00
4.842502262639861499e+00,3.614879298957117904e+00,4.838629033858776296e+00,-2.201866450072657244e+00,1.121949602547984565e-01,5.246098921028578843e+01,1.756725868541008095e+00,6.244019909569417770e+00,2.778916506578258949e-01,3.573127706161075778e+00,3.349031966658572834e+00,2.148309482809008131e+00,5.196275394445556195e+00,4.776000371791927712e+00,3.863917646187201793e+00
4.924462262639861088e+00,3.635279298957117877e+00,4.817309033858776068e+00,-1.629220828445782310e+00,9.316016820103584228e-02,4.774488674932464249e+01,1.852045906345899162e+00,6.281308448015961332e+00,3.511986963319656541e-01,3.601222575096795442e+00,3.685715342841152875e+00,2.118747235913095217e+00,5.110216513877738009e+00,4.705767103210234836e+00,3.865770307019229968e+00
4.859142262639861265e+00,3.652959298957117795e+00,5.072429033858775860e+00,-9.268147351909833409e-01,4.198935083138219393e-02,5.263917663230343891e+01,1.770675256131838848e+00,6.131900753004414284e+00,3.317250598212865831e-01,3.561411216003584901e+00,3.494129794719750493e+00,2.535280580293201691e+00,5.184699674970847383e+00,4.712971937056937399e+00,3.892500472218407115e+00
4.989422262639861216e+00,3.670119298957117859e+00,5.064709033858775911e+00,-1.409455525247566232e+00,3.546747566738277235e-02,5.193665078681230085e+01,1.860735935112545425e+00,6.186236448179809777e+00,3.880993110253155298e-01,3.577224375510991372e+00,3.605482008869669741e+00,2.486360415898301923e+00,5.121725798362541937e+00,4.671679490974409710e+00,3.914567788516680746e+00
5.146382262639860983e+00,3.690239298957117775e+00,5.047229033858775971e+00,-1.445817201949188391e+00,7.682257910008944563e-03,5.104949848555872904e+01,1.969942544134541285e+00,6.251450926064265445e+00,5.090402417115944544e-01,3.594389698061042804e+00,3.653016890352285717e+00,2.452815440601815222e+00,5.035573172693116106e+00,4.574473584800264447e+00,3.987369844738936742e+00
5.229542262639861328e+00,3.711399298957117843e+00,5.054749033858776386e+00,-1.422968838669690372e+00,-4.885594361039020950e-02,5.038869571845872741e+01,2.017487907009833048e+00,6.255450636282853694e+00,6.148162047106391359e-01,3.585303694268201724e+00,3.586594395309967265e+00,2.422841931659817316e+00,5.006503035534194623e+00,4.457457951855441358e+00,4.089899228949976262e+00
5.206542262639861640e+00,3.750319298957117908e+00,5.080549033858776653e+00,-1.408895795967293640e+00,-1.193240789203138252e-01,5.038301702352041644e+01,1.970022605138071814e+00,6.182383065227552876e+00,6.254018739123446968e-01,3.539350099303685937e+00,3.538057850905083068e+00,2.434750785925361427e+00,5.071293081025675775e+00,4.417270015858559162e+00,4.156010449348848113e+00
5.201702262639861907e+00,3.785439298957117948e+00,5.114389033858776301e+00,-1.375287966894899849e+00,-1.888021487199488813e-01,5.023324195989443552e+01,1.934118797614063467e+00,6.111193148636087535e+00,6.531975144262153199e-01,3.491588663707427376e+00,3.511635698707451958e+00,2.450797602497887251e+00,5.123253937362222565e+00,4.369882893459140938e+00,4.222095841002302841e+00
5.186142262639862111e+00,3.828919298957118134e+00,5.153229033858776731e+00,-1.351930955245755683e+00,-2.653418236004369546e-01,5.009423347360247902e+01,1.899076275310499273e+00,6.028365893025284805e+00,6.610220011158717268e-01,3.438172009180248345e+00,3.496036679282149340e+00,2.485530089658372077e+00,5.189803181701307722e+00,4.328867611364598744e+00,4.283485909174815198e+00
5.166022262639861751e+00,3.869919298957118059e+00,5.195909033858776560e+00,-1.266990275238917496e+00,-3.424034535410434010e-01,4.990551727338305454e+01,1.856582219603383876e+00,5.974024208086180288e+00,6.634099533744917121e-01,3.387620753666946705e+00,3.479608483314027279e+00,2.507320400097722501e+00,5.250290617193480003e+00,4.296954718085229885e+00,4.335357197878746405e+00
5.136782262639862040e+00,3.919239298957117867e+00,5.246029033858776280e+00,-1.160559239389926223e+00,-4.260019716579095950e-01,4.973950660456642225e+01,1.816155219890007499e+00,5.918930212347467190e+00,6.468875361251740230e-01,3.330458424659965555e+00,3.479422168519177294e+00,2.544074446800979050e+00,5.316742910255054966e+00,4.275145892123204838e+00,4.384059212625800228e+00
5.112982262639862441e+00,3.968359298957117698e+00,5.303709033858776678e+00,-1.054633567986679177e+00,-5.192759989724327063e-01,4.949787952131477198e+01,1.785845605483055376e+00,5.873334014682506599e+00,6.357341682391646209e-01,3.282260633240502656e+00,3.470902830155348617e+00,2.563591700049209887e+00,5.375674038735711591e+00,4.254308263758190378e+00,4.434306857979543715e+00
5.080622262639862718e+00,4.025079298957117580e+00,5.363949033858776971e+00,-8.681435531611121359e-01,-6.125875045496631532e-01,4.925962398399355635e+01,1.749355979750538692e+00,5.831268279946858257e+00,6.038200714171009231e-01,3.239011105260817036e+00,3.477788505233939009e+00,2.582036907758927136e+00,5.442727486103706269e+00,4.231641299931815148e+00,4.489308619620254071e+00
5.044262262639862548e+00,4.082439298957117657e+00,5.435669033858776977e+00,-7.261427716703727775e-01,-7.339172213398281741e-01,4.899847145815304117e+01,1.722994631682864375e+00,5.797828568119259174e+00,5.571683688338732177e-01,3.209382164078577127e+00,3.480648743006279133e+00,2.581378579885284186e+00,5.502896425758971866e+00,4.224493112272565298e+00,4.528178563109513277e+00
5.007342262639862263e+00,4.131719298957117203e+00,5.513709033858776642e+00,-5.513044130704281010e-01,-8.647365043626200620e-01,4.876799104537452934e+01,1.711044472120718085e+00,5.781571078112130557e+00,4.912750576550119486e-01,3.188297738061087294e+00,3.481496635196985157e+00,2.571412319257467161e+00,5.549589915197419288e+00,4.222067474705336387e+00,4.567222529127499264e+00
4.972782262639862338e+00,4.175919298957117221e+00,5.591549033858776774e+00,-4.954488510398161738e-01,-1.000309728790446107e+00,4.855268601283979990e+01,1.720035218718059200e+00,5.786715150699782484e+00,4.237741112287657375e-01,3.154545496800742921e+00,3.476544612406851975e+00,2.542860016912282806e+00,5.591555988312295611e+00,4.199308643799306573e+00,4.623719212826153502e+00
4.932822262639862565e+00,4.224599298957117277e+00,5.653269033858776993e+00,-3.506217984332338222e-01,-1.142867119430890366e+00,4.837440276355194868e+01,1.736136010114947226e+00,5.786113957948851194e+00,3.484434216236011461e-01,3.130081466991148975e+00,3.461061436541280845e+00,2.523516997498577386e+00,5.624207138864032451e+00,4.199151006113009288e+00,4.646401207006391587e+00
4.901622262639862448e+00,4.256239298957117612e+00,5.709629033858776737e+00,-4.568781866372528810e-01,-1.260869927279859359e+00,4.822946905001202822e+01,1.769089849932972580e+00,5.797505596579298981e+00,2.780910405089737081e-01,3.098696719873183625e+00,3.444129516286781989e+00,2.498005900166086590e+00,5.650394284890495555e+00,4.188012020872721841e+00,4.693630827548979312e+00
4.873742262639862766e+00,4.295999298957117851e+00,5.754869033858776461e+00,-9.965293653254292394e-02,-1.362500754978108963e+00,4.811098171637443954e+01,1.803531632582358046e+00,5.773988513008315060e+00,1.949971971836063633e-01,3.006959117861363939e+00,3.421420420286247044e+00,2.479695525420453794e+00,5.657617495467465396e+00,4.192413125435984433e+00,4.705628801964270913e+00
4.866702262639862830e+00,4.326879298957117648e+00,5.793509033858776469e+00,-1.310049349661557505e+00,-1.425096684656114387e+00,4.800077978762596587e+01,1.866937411648411649e+00,5.827540067521487899e+00,1.225416535858645517e-01,3.039974500990306083e+00,3.394589935505509359e+00,2.440852060724524097e+00,5.674121760643795476e+00,4.184424395833295840e+00,4.774460917477949096e+00
4.841062262639862723e+00,4.335039298957117815e+00,5.827829033858776597e+00,3.823674886636540649e+00,-1.484502768584942123e+00,4.793580637343013251e+01,1.864961735089721628e+00,5.632705319508754194e+00,3.950064167396755144e-02,2.789381803519717096e+00,3.378123723174912829e+00,2.449066973404363967e+00,5.665389304723832176e+00,4.196367249484144857e+00,4.652133437659105475e+00
4.814102262639862850e+00,4.152239298957117519e+00,5.829309033858776523e+00,-6.532437000055459464e+00,-1.465940768670508376e+00,4.792623523385061901e+01,1.862237864415314581e+00,5.889983996689239554e+00,5.048502716780482735e-02,2.990199990931045271e+00,3.366782669202072587e+00,2.420218838861099453e+00,5.660565329556967562e+00,4.249574994538210859e+00,4.779480520945316613e+00
4.777022262639862404e+00,3.873159298957117525e+00,5.825789033858776556e+00,-8.646896397355693153e+00,-1.468491305476686604e+00,4.792722562791288254e+01,1.846909879112081265e+00,5.942453203962788422e+00,7.320739113548631327e-02,3.073440783649362462e+00,3.375655975496386851e+00,2.478103979478812668e+00,5.616246696619438872e+00,4.324762220811823710e+00,4.695327266749141693e+00
4.778222262639862272e+00,3.690039298957117353e+00,5.825669033858776658e+00,-4.512169570419384002e+01,-1.470947386850767202e+00,4.792374726978341215e+01,1.861739626749564280e+00,6.340826698220044300e+00,9.509846570838914603e-02,3.150343862949306128e+00,3.352962614631248339e+00,2.491597181451207899e+00,5.610497280346593563e+00,4.355782406437835874e+00,4.843998574988745531e+00
4.773862262639862131e+00,3.485719298957117296e+00,5.814909033858776333e+00,-7.134309204638961432e+01,-1.471276975088934735e+00,4.791395701955730146e+01,1.890151634297509764e+00,6.794380668944349111e+00,9.733624781103944468e-02,3.223214741033986641e+00,3.328645956890828650e+00,2.567129585738965325e+00,5.593293138144923127e+00,4.400826372765124894e+00,4.913656003570815223e+00
4.828022262639862561e+00,3.615999298957117247e+00,5.822309033858775962e+00,-8.967807119066826260e+01,-1.473578994788727892e+00,4.789049806051625069e+01,1.938091336020350441e+00,7.155096411122888966e+00,7.711856221325433247e-02,3.252012702421422485e+00,3.275156200119786476e+00,2.633049986403642517e+00,5.584375593045551867e+00,4.411670118756529035e+00,4.962399812542094502e+00
4.815502262639862252e+00,3.356279298957117074e+00,5.826309033858775521e+00,-8.375540261084493920e+01,-1.484952338937989724e+00,4.789982227383294600e+01,1.938628384565897811e+00,6.642016767409824496e+00,6.656321923428716592e-02,3.200235538428760407e+00,3.264483328591308631e+00,2.745302284620652067e+00,5.513340611551738490e+00,4.490413443026808338e+00,4.673892527253430629e+00
4.829982262639862078e+00,3.374999298957117144e+00,5.846709033858775939e+00,-8.810473885303495933e+01,-1.500204586378544924e+00,4.790771907512800709e+01,1.924098008753566846e+00,7.106089215294080219e+00,1.100691456232351373e-01,3.208738479841973135e+00,3.226766947375196093e+00,2.763682694540356533e+00,5.553610125412614451e+00,4.450070299879946845e+00,4.797672596159815228e+00
4.768342262639862383e+00,3.414079298957116926e+00,5.875789033858776378e+00,-8.482675489747019526e+01,-1.509840050079551688e+00,4.789305909494925118e+01,1.935997362230465146e+00,6.516826021087570808e+00,1.102345292755499834e-01,3.173082371397376367e+00,3.198493371208260161e+00,2.817106391235995044e+00,5.450425336854961778e+00,4.529559284010837850e+00,4.495079953010534091e+00
4.790862262639862479e+00,3.485199298957116998e+00,5.887709033858776309e+00,-1.038195368543572954e+02,-1.528771224262881478e+00,4.789922747018970739e+01,1.924688879471702307e+00,6.992286508941155887e+00,1.537376192143236064e-01,3.177164687700947177e+00,3.170305169116344413e+00,2.781427413382145275e+00,5.502480333796260226e+00,4.461976269337244005e+00,4.693800370075902784e+00
4.778582262639862854e+00,3.158599298957116996e+00,5.886909033858776397e+00,-9.836507351630632456e+01,-1.547812216326387436e+00,4.790176391938769740e+01,1.897990553165367578e+00,6.626483108512719156e+00,1.935573566095226405e-01,3.165061751847682459e+00,3.162154696594098535e+00,2.844832124009155638e+00,5.438768357679528265e+00,4.535937228028776858e+00,4.486581172435214704e+00
4.779102262639862708e+00,3.410479298957116878e+00,5.901309033858776587e+00,-9.821879298534916813e+01,-1.568458187101987589e+00,4.789795670053430143e+01,1.870707623137595199e+00,6.736982084660735559e+00,2.412382980228867102e-01,3.159866361185006856e+00,3.152781677713323294e+00,2.831908998556111001e+00,5.446843810773028594e+00,4.505774630026865069e+00,4.475394038260944285e+00
4.812782262639863085e+00,3.614879298957117015e+00,5.910029033858776870e+00,-1.051763898882320660e+02,-1.583521252508613752e+00,4.788536848506914367e+01,1.900900804046942838e+00,7.018694499969567069e+00,2.153463876260408583e-01,3.161234500229613609e+00,3.133414962069247522e+00,2.798776063167587758e+00,5.484552975178025314e+00,4.455209641529106257e+00,4.583956351357206138e+00
4.780142262639863304e+00,3.258479298957117187e+00,5.904909033858777079e+00,-1.065979932726947368e+02,-1.606645747894882348e+00,4.789155001895976937e+01,1.911754986145062452e+00,7.050276325766164476e+00,2.397406088191369467e-01,3.168926035449452616e+00,3.125401965931768444e+00,2.843000655008316890e+00,5.447844221416470845e+00,4.514581938952768603e+00,4.505021583541743091e+00
4.738742262639862979e+00,3.033799298957116974e+00,5.910269033858776666e+00,-1.100975120764486377e+02,-1.617270245093123560e+00,4.789914609870123741e+01,1.901732604759893697e+00,7.320407289388026761e+00,2.497396947076641061e-01,3.167580609116623425e+00,3.107037865395835041e+00,2.855073862996813538e+00,5.469279728475378910e+00,4.519947779604548188e+00,4.511642852185336672e+00
4.749902262639863260e+00,3.337999298957116778e+00,5.920749033858776933e+00,-1.090029391396384852e+02,-1.633336200061958232e+00,4.789651713416039058e+01,1.894688051997098777e+00,7.029771775020178026e+00,2.604511271036372144e-01,3.165093080721804952e+00,3.091932695639964646e+00,2.872195555566988023e+00,5.461126898775083838e+00,4.545242165494626896e+00,4.404204288129876410e+00
4.760582262639863060e+00,3.403919298957116979e+00,5.922709033858777339e+00,-1.353646337913760647e+02,-1.651466645304152880e+00,4.789487008711689242e+01,1.880275735393339920e+00,7.491921255501524435e+00,2.728485018968136999e-01,3.177657888042666023e+00,3.066891831946916724e+00,2.832711055358750230e+00,5.562548526044296615e+00,4.458330175492204894e+00,4.576492105033565849e+00
4.790582262639863309e+00,3.656679298957116853e+00,5.930389033858777026e+00,-1.345373310305458858e+02,-1.657127333172725203e+00,4.786928729766085411e+01,1.929605050740666794e+00,7.352284174434757347e+00,2.154510037973237369e-01,3.181578821512959010e+00,3.043123099847248270e+00,2.830971270077899948e+00,5.558184993980071376e+00,4.456545572875209693e+00,4.496024091004061418e+00
4.840942262639863714e+00,3.794559298957116855e+00,5.929389033858776692e+00,-1.445541484671783223e+02,-1.668324489594763316e+00,4.785915799821984962e+01,1.994911465040723586e+00,7.567489396529011536e+00,1.329785215304905566e-01,3.207101639013189676e+00,3.015245686871316888e+00,2.780019009797885410e+00,5.645912900795908129e+00,4.374942092321053799e+00,4.662522649482736981e+00
4.821782262639863426e+00,3.719719298957116838e+00,5.926149033858776782e+00,-1.530286880760883435e+02,-1.678215301664424786e+00,4.785288501766201819e+01,2.125346673966055810e+00,8.009160823275214725e+00,4.216899600446505358e-02,3.249507210525571566e+00,2.996507198448070231e+00,2.781334831451426570e+00,5.767990352963874301e+00,4.283581090532218028e+00,4.948711498479537951e+00
4.806862262639863381e+00,3.380039298957116856e+00,5.929109033858776634e+00,-1.559852546987628443e+02,-1.681637098636106886e+00,4.785548227088193585e+01,2.158660485814801522e+00,8.097767427752369684e+00,4.039282702904180983e-02,3.257967787670410953e+00,3.004384502126437706e+00,2.908507962341719821e+00,5.757301232867150453e+00,4.351894497040058596e+00,4.911595145629839898e+00
4.760542262639863687e+00,3.426239298957116652e+00,5.954629033858776843e+00,-1.614467391394019842e+02,-1.679137661609990007e+00,4.783174912977978011e+01,2.284078904007860622e+00,8.493447137167096983e+00,-2.859636847165208245e-02,3.263649168941527456e+00,3.012676219503999331e+00,2.960187258238259567e+00,5.773115817773188496e+00,4.314397834136514120e+00,4.982973780585236767e+00
4.724062262639863619e+00,3.292479298957116551e+00,5.993589033858777171e+00,-1.352398380025337019e+02,-1.675576860633421816e+00,4.780750480163059990e+01,2.374339716889557916e+00,7.740335731251599682e+00,-1.238953801162174795e-01,3.232987003700680262e+00,3.030903460773940239e+00,3.037067946550538355e+00,5.712886527022078553e+00,4.362812995235545444e+00,4.672896550195500431e+00
4.752822262639863737e+00,3.545559298957116745e+00,5.988349033858777481e+00,-8.298653514948031784e+01,-1.686585597854253216e+00,4.781255677797200576e+01,2.353870743148843925e+00,7.404069509800570437e+00,-1.165604415523634751e-01,3.210008319831449075e+00,3.036318608160474053e+00,3.036744627855636924e+00,5.743280170254347006e+00,4.320550887825516995e+00,4.637611679539690002e+00
4.775542262639863367e+00,3.619759298957116567e+00,5.962029033858777360e+00,-1.301113234101395619e+02,-1.702718122519499833e+00,4.783020715057557481e+01,2.354800345614918022e+00,7.887174938340498542e+00,-1.170757227341398393e-01,3.227584364816219242e+00,3.025751851355117594e+00,3.003628622722692487e+00,5.902923572733554280e+00,4.168758267716412114e+00,4.981337847351146486e+00
4.769582262639863401e+00,3.477839298957116743e+00,5.948549033858776980e+00,-1.555190674837267863e+02,-1.703174824663063802e+00,4.781736778889240469e+01,2.452220341447690632e+00,8.410013198685435398e+00,-1.587137476938524638e-01,3.281494831885119368e+00,3.014964542905108402e+00,3.061929092056975055e+00,5.911208430864142827e+00,4.181725653948563881e+00,5.170117561863999178e+00
4.771222262639863487e+00,3.592039298957116600e+00,5.970909033858776915e+00,-1.740530783120889851e+02,-1.694691266005549535e+00,4.778719303757241477e+01,2.570560419200036861e+00,8.861789489592492686e+00,-2.584919425093913925e-01,3.314060701525433750e+00,3.030072023321452424e+00,3.124542142816234325e+00,5.946441950026212453e+00,4.132503741777424189e+00,5.331168073632343685e+00
4.711382262639863150e+00,3.293679298957116419e+00,6.005149033858776519e+00,-1.606902939569106366e+02,-1.678502828463328322e+00,4.774355406014407066e+01,2.709138724440160129e+00,8.510187540071063594e+00,-3.840813652761809194e-01,3.297447065090500118e+00,3.057418486988243256e+00,3.248232716955683941e+00,5.904107547754545493e+00,4.182558941877125847e+00,5.141511418387826993e+00
4.712582262639863018e+00,3.235839298957116306e+00,6.015829033858776320e+00,2.648018339267171541e+04,-1.677643095389105055e+00,4.773741131080456768e+01,2.766449876435744137e+00,7.658983439281788819e+00,-4.535672261995566945e-01,3.284240300042438498e+00,3.083678584175213011e+00,3.302979106216364258e+00,5.895591828922503552e+00,4.192103478358822244e+00,4.983563321467782359e+00
4.736142262639862821e+00,3.450279298957116492e+00,5.999469033858776612e+00,2.449071218751114502e+05,-1.684382783156486374e+00,4.775869688247708922e+01,2.717105113049762100e+00,7.321743332611875488e+00,-4.099055335516665899e-01,3.268826964727000295e+00,3.077410991266937401e+00,3.318433580167361008e+00,5.936592420814755577e+00,4.138186837263726936e+00,5.054475870108511515e+00
4.710542262639862976e+00,3.492279298957116307e+00,5.989709033858776621e+00,2.450027056779788691e+05,-1.685969208766824545e+00,4.776659582943052840e+01,2.688035861665678539e+00,6.783934143694100527e+00,-4.143770892051787946e-01,3.249896592266882767e+00,3.070298629401196244e+00,3.313616493841476274e+00,5.866682864997832425e+00,4.167856786170009542e+00,4.865171635486989388e+00
4.705822262639863141e+00,3.175399298957116478e+00,6.000749033858777004e+00,2.501165314764148789e+05,-1.698123701658577511e+00,4.778135056226279431e+01,2.619025669614608809e+00,6.723131897327083273e+00,-3.226879902817885171e-01,3.244784172434569847e+00,3.052851656119829560e+00,3.355064968264962921e+00,5.877398289123317632e+00,4.177179582123994983e+00,4.896381545399872692e+00
4.712502262639863382e+00,2.901159298957116661e+00,6.004589033858777292e+00,2.500580914929723076e+05,-1.707214087005121117e+00,4.779436111227743567e+01,2.564193387884524888e+00,6.976301804110237370e+00,-2.679762403762562251e-01,3.257888681600333403e+00,3.036665879373301458e+00,3.356081764837619108e+00,5.879512871496579862e+00,4.174685460359191858e+00,5.005640912154159849e+00
4.714022262639863570e+00,2.988719298957116521e+00,5.985949033858776858e+00,-3.337604093954946380e+06,-1.715991808564615084e+00,4.780085200888753860e+01,2.619422450996258700e+00,7.719128034758141688e+00,-3.013570100846768574e-01,3.290616504707705836e+00,3.017495534883684716e+00,3.366221061556610383e+00,5.912610691724342615e+00,4.149161757180448440e+00,5.302046759179427582e+00
4.738502262639863183e+00,2.745679298957116377e+00,5.963229033858777228e+00,-3.339373468998817727e+06,-1.717957387937552483e+00,4.777980679259656682e+01,2.656776699843316880e+00,7.676714277686510712e+00,-3.515167760941829700e-01,3.322717920849040940e+00,3.008061151364746610e+00,3.403973092176385773e+00,5.876759503332650070e+00,4.176543026738547049e+00,5.320648673147573504e+00
4.755942262639862861e+00,2.778439298957116499e+00,5.951389033858776934e+00,-3.339483362892326433e+06,-1.731818976763747298e+00,4.777279294016640421e+01,2.727718761622754062e+00,8.194693049807888485e+00,-3.835034225677316222e-01,3.366967266833973405e+00,2.994469052375398288e+00,3.460437481160295814e+00,5.914498899487565353e+00,4.141478147102029439e+00,5.651724160100846994e+00
4.757582262639862947e+00,2.986879298957116458e+00,5.946309033858776516e+00,-3.339512523789053317e+06,-1.729621718168574684e+00,4.772459921177897257e+01,2.826177855270417538e+00,8.599594643561832896e+00,-4.521378727178417822e-01,3.399693588847927828e+00,3.013416789553718278e+00,3.594108659035730735e+00,5.899552890770611846e+00,4.217485499991854070e+00,5.821605137907091887e+00
4.759622262639862988e+00,2.793119298957116303e+00,5.964069033858776514e+00,-3.339508231864977162e+06,-1.719952104987651609e+00,4.768270160198024143e+01,2.921067122521514570e+00,8.208655126789901502e+00,-5.533370823333405575e-01,3.407783694862100088e+00,3.043158245993937694e+00,3.645159316709046582e+00,5.849204282574544500e+00,4.242363138695811386e+00,5.756928286541432627e+00
4.759342262639862930e+00,2.979919298957116158e+00,5.967909033858776802e+00,-3.339532436507955194e+06,-1.720404899567119505e+00,4.765807802683810479e+01,2.992589065198843823e+00,8.616135972841846069e+00,-5.940558172145385951e-01,3.420678086725656097e+00,3.057238630492594478e+00,3.757414902104101895e+00,5.882444788485715392e+00,4.274068503818882370e+00,5.998437721594680028e+00
4.773902262639863281e+00,3.070759298957116190e+00,5.981869033858776774e+00,-3.339546526442395058e+06,-1.718926594723428680e+00,4.761625697112035027e+01,3.082672302990107749e+00,9.015506139530950591e+00,-6.674933145236672249e-01,3.436009208861808606e+00,3.086971195490184172e+00,3.842256232710257180e+00,5.904970559110627626e+00,4.282772201987391725e+00,6.138044168187369642e+00
4.758302262639863223e+00,2.854559298957116020e+00,5.989869033858776781e+00,-3.339546664040795062e+06,-1.716192901714122199e+00,4.758515785946934784e+01,3.180932734129769734e+00,8.975253813881574061e+00,-7.801456707350723496e-01,3.441320353397136600e+00,3.131350844968392444e+00,3.880976478766787530e+00,5.896755085510804406e+00,4.305568393912362346e+00,6.180254395198814699e+00
4.771622262639863443e+00,2.687799298957116001e+00,5.999949033858777092e+00,-3.339553328971158713e+06,-1.713018470225317058e+00,4.755613138374260984e+01,3.274845937361462234e+00,9.082369668879810121e+00,-8.750747862514633990e-01,3.441823872553386732e+00,3.162635240241648660e+00,3.917866634601510967e+00,5.890973179510749169e+00,4.314866240850385282e+00,6.358448862070060770e+00
4.697262262639863017e+00,3.017719298957115992e+00,5.988189033858777321e+00,-3.339556228117175866e+06,-1.708264963274058523e+00,4.751816629637694689e+01,3.439310442194566164e+00,9.143341992795605222e+00,-1.038479468132384564e+00,3.440277397660801650e+00,3.196794267545132406e+00,3.958403261516155514e+00,5.882294908153051338e+00,4.351716848013175820e+00,6.259255847992640120e+00
4.718462262639863347e+00,3.039039298957115776e+00,5.985269033858777732e+00,-3.339629829471459612e+06,-1.712976896986290409e+00,4.750859746625558699e+01,3.522790958394537597e+00,9.410830043762580033e+00,-1.106717903340671549e+00,3.430618226117724934e+00,3.220640438277030615e+00,3.998043159887095133e+00,5.895568193121683009e+00,4.353961995805880392e+00,6.400672733583946616e+00
4.685982262639863727e+00,3.168959298957115589e+00,5.982349033858778142e+00,-3.340083138826686889e+06,-1.712006729267914418e+00,4.748876906685087107e+01,3.609303966840489597e+00,9.595835498313045164e+00,-1.186570902338809130e+00,3.428273395262563028e+00,3.243650258840012235e+00,4.016865843393528479e+00,5.904681368026840182e+00,4.356834100037036528e+00,6.417272713866362110e+00
4.684142262639864107e+00,3.093199298957115762e+00,5.983989033858778228e+00,-3.340074991400437895e+06,-1.711406279683491460e+00,4.748030596444023388e+01,3.719963632893583227e+00,9.127837498432230134e+00,-1.311635936598487540e+00,3.426432793605902472e+00,3.258267154184685932e+00,4.018151994138756677e+00,5.913392989582983539e+00,4.346775709369620877e+00,6.310671351893586412e+00
4.673422262639864044e+00,2.877159298957115752e+00,5.981589033858778492e+00,-3.340071531300767325e+06,-1.716738758158524059e+00,4.747938604263899975e+01,3.676447829976050574e+00,8.934981735963807736e+00,-1.257373830572182216e+00,3.416323918517040426e+00,3.271493548615144409e+00,4.026274042730667801e+00,5.916948586395319509e+00,4.330633600672067374e+00,6.375377049210260161e+00
4.719382262639864045e+00,2.924199298957115722e+00,5.968509033858778068e+00,-3.340101050881529227e+06,-1.723049872145528960e+00,4.746938345844333185e+01,3.735891189899168019e+00,9.437402804084582542e+00,-1.296208935209631097e+00,3.416075340320802400e+00,3.284041351960288679e+00,4.084384787295630481e+00,5.933930145947793555e+00,4.361009920712023202e+00,6.553841711924227376e+00
4.701302262639863727e+00,2.922319298957115841e+00,5.958829033858777713e+00,-3.339277416575540788e+06,-1.727370885912049792e+00,4.746938345844333185e+01,3.768988712657675766e+00,8.706961143889069277e+00,-1.351868114005096766e+00,3.416999141088032044e+00,3.288142225780512629e+00,4.048827877571612888e+00,5.912854046307548295e+00,4.357523943363284857e+00,6.164665539194304600e+00
4.647102262639863923e+00,3.192719298957115814e+00,5.952189033858777734e+00,-3.339315493131985422e+06,-1.731275639890392792e+00,4.748029136169929387e+01,3.737487827951268216e+00,8.753446758972796005e+00,-1.304020716210096298e+00,3.404483753009595048e+00,3.306101209235221550e+00,4.052291080577218985e+00,5.924361076652396640e+00,4.329322492837325953e+00,6.163051685091380349e+00
4.646102262639863589e+00,3.391199298957115804e+00,5.953029033858777908e+00,-3.339315164208039176e+06,-1.735847580230889919e+00,4.749285866356895269e+01,3.699964483165714579e+00,8.778031256311479069e+00,-1.262331516023447175e+00,3.395981262446484017e+00,3.321706540082985271e+00,4.049427763515724088e+00,5.942915190598139219e+00,4.308375995335004482e+00,6.264205524249107704e+00
4.675062262639863242e+00,3.551039298957115786e+00,5.947949033858777490e+00,-3.339313240560079925e+06,-1.744367465963829966e+00,4.749782011020840145e+01,3.639016256735965626e+00,8.655165786708662878e+00,-1.206740047246107173e+00,3.394919725564404356e+00,3.323781161404613549e+00,4.042856808567456994e+00,5.938521057947563797e+00,4.303527631881541637e+00,6.376610970325293337e+00
4.727862262639863644e+00,3.617119298957115703e+00,5.944989033858777638e+00,-3.339352590371998027e+06,-1.753303729964122315e+00,4.747705228529802213e+01,3.651316201825351104e+00,9.002793120446510144e+00,-1.185734639923457401e+00,3.400301058002503929e+00,3.327521815984215259e+00,4.101658915084219537e+00,5.936438165985284954e+00,4.342679552609610028e+00,6.606837936719151649e+00
4.737622262639863635e+00,3.720919298957115817e+00,5.939909033858777221e+00,-3.339152593176180031e+06,-1.766005950164150073e+00,4.746828743278524598e+01,3.638240245314673604e+00,8.700635743943072598e+00,-1.222683390514259560e+00,3.418805956069375984e+00,3.327239841645892593e+00,4.073296547201131546e+00,5.922030330112324492e+00,4.346160014562318707e+00,6.446214298082325378e+00
4.764822262639863304e+00,3.764919298957115856e+00,5.949349033858776892e+00,-3.339053941531776916e+06,-1.784169933654157436e+00,4.747771545912610947e+01,3.576502518244579321e+00,8.437227287820805444e+00,-1.183820194837327255e+00,3.418630294322203778e+00,3.318078017689813031e+00,4.028851934409506619e+00,5.874987435959222459e+00,4.334036317624972767e+00,6.356222586554071796e+00
4.806622262639863585e+00,3.697639298957115628e+00,5.968389033858777282e+00,-3.339017811304210685e+06,-1.793271208778831838e+00,4.749478855607971894e+01,3.472814275194244793e+00,8.097440582122091612e+00,-1.141559549669212137e+00,3.411355053636414780e+00,3.313008685085208960e+00,3.945581839178354588e+00,5.806267062912982446e+00,4.331837488381088619e+00,6.082890409143856481e+00
4.799102262639863170e+00,3.628879298957115473e+00,5.984309033858777660e+00,-3.339007537584938575e+06,-1.801089418295515721e+00,4.753190695828636336e+01,3.341680184508418083e+00,7.783802500975857797e+00,-1.093957177987045837e+00,3.391395320737832897e+00,3.298857532415001792e+00,3.876183168918021504e+00,5.745857296889242960e+00,4.337012824718343929e+00,5.810412802011452271e+00
4.731422262639862986e+00,3.490439298957115355e+00,5.997989033858777574e+00,-3.338997026098059025e+06,-1.799757383858432647e+00,4.756970390567870055e+01,3.260386361094992136e+00,7.433602532274226071e+00,-1.038160726481230256e+00,3.341090829399354423e+00,3.284541294461971628e+00,3.842580196125216840e+00,5.721997428966423271e+00,4.258984137210549470e+00,5.580533434122500580e+00
4.697142262639863119e+00,3.321839298957115272e+00,6.021189033858777684e+00,-3.338871136481555644e+06,-1.797719255197433919e+00,4.760137048862554821e+01,3.130320397358626661e+00,7.112654034074053833e+00,-9.187525719873342878e-01,3.316125304053290979e+00,3.254557143605769642e+00,3.854889183161998023e+00,5.722532309159750419e+00,4.207761540738201411e+00,5.482021065496289758e+00
4.693662262639863414e+00,3.314039298957115243e+00,6.053829033858777464e+00,-3.338741557101091836e+06,-1.797099331768539088e+00,4.763961623407814017e+01,3.001052319108642230e+00,6.771695908629707716e+00,-8.116862506431278268e-01,3.306742231249101049e+00,3.220982276818249446e+00,3.840612141165966165e+00,5.715725394437599860e+00,4.186305737987655817e+00,5.533827971488726405e+00
4.720702262639863811e+00,3.435839298957115151e+00,6.077389033858777267e+00,-3.338804411985048093e+06,-1.796604769770316912e+00,4.766513527075786527e+01,2.972898050996780839e+00,7.351293317670984706e+00,-7.698633815722093487e-01,3.324395542495788725e+00,3.175861685326131223e+00,3.822411082114732572e+00,5.727488859646751251e+00,4.157244673056542439e+00,6.005538388914479775e+00
4.738982262639863663e+00,3.608759298957115114e+00,6.069749033858776954e+00,-3.338559581602360122e+06,-1.795862321726586552e+00,4.765991738449699255e+01,3.034079855987228402e+00,7.264039103154307675e+00,-8.818211538950253559e-01,3.367537609595803172e+00,3.135762264750232120e+00,3.809275253046328746e+00,5.657268310334501393e+00,4.242964082714329344e+00,5.854427415939831292e+00
4.690862262639863722e+00,3.285159298957115226e+00,6.054069033858777260e+00,-3.338574686915992294e+06,-1.798872944090385673e+00,4.764756307793300749e+01,3.051397623707189588e+00,7.364919977690911779e+00,-8.737938081027238901e-01,3.368881165148857271e+00,3.127271687091793151e+00,3.900849612517728549e+00,5.678653530986036202e+00,4.260331079661833442e+00,5.925610298611416304e+00
4.692022262639863328e+00,3.273959298957115127e+00,6.044189033858777371e+00,-3.338621910480996128e+06,-1.796341117187129299e+00,4.764098369963606672e+01,3.032361561729375765e+00,8.184795334816982404e+00,-8.394680803485036202e-01,3.387165377191192928e+00,3.107977974800827603e+00,3.930670887036174399e+00,5.682903803382405528e+00,4.276360500639887263e+00,6.174131367961307681e+00
4.705382262639862923e+00,3.169719298957115239e+00,6.027069033858777125e+00,-3.338666660779049620e+06,-1.799435009196737933e+00,4.761034681043437899e+01,3.097389574554669345e+00,8.733128915449027474e+00,-8.892550564368867372e-01,3.414787082821101993e+00,3.115058479178165030e+00,3.975371468148775733e+00,5.677386176253449435e+00,4.298225438540870691e+00,6.288777347233200032e+00
4.689862262639862500e+00,2.983559298957115136e+00,6.018309033858777468e+00,-3.338581109373000450e+06,-1.794310956585658090e+00,4.758235015974334914e+01,3.205772161110145291e+00,8.538401822149554121e+00,-1.012244635426010175e+00,3.426228725897666472e+00,3.139347074585249864e+00,3.991740624856344066e+00,5.660455031241912849e+00,4.325528144196752578e+00,6.172586885533210221e+00
4.700742262639862723e+00,2.774519298957115243e+00,6.010549033858777257e+00,-3.338579532605664339e+06,-1.801816857662269955e+00,4.757960180413231654e+01,3.221136768556094765e+00,8.470685323352416418e+00,-1.036086113218074756e+00,3.421847806103209155e+00,3.156330921430609227e+00,3.985181267160910146e+00,5.661338143676609036e+00,4.315781534960464683e+00,6.265258657773583373e+00
4.724022262639862468e+00,2.663479298957115216e+00,6.010989033858777475e+00,-3.338908934202480130e+06,-1.807005095752514778e+00,4.757002760770907912e+01,3.218814567340551491e+00,8.804344567846246861e+00,-1.009395753414130903e+00,3.433728199512227075e+00,3.164185173038882137e+00,3.999953491624860913e+00,5.688670450320159055e+00,4.310758845222360414e+00,6.580985399263905578e+00
4.756942262639862307e+00,2.705679298957115009e+00,5.989909033858777043e+00,-3.338241218971206341e+06,-1.809542189741290885e+00,4.755584230883046359e+01,3.211077214608882180e+00,8.289040335674769722e+00,-1.061330649508996249e+00,3.441541971031834457e+00,3.177480825276007170e+00,3.930530137849223671e+00,5.555802820696667865e+00,4.425542101769697645e+00,5.998848110091119068e+00
4.767462262639861947e+00,2.621039298957115182e+00,6.004309033858777234e+00,-3.338264851792510599e+06,-1.819862074117763129e+00,4.758115802187700893e+01,3.154281352485207357e+00,8.583773611712883778e+00,-9.494548379482349310e-01,3.411495931852151386e+00,3.183423997378407755e+00,3.925470529369671446e+00,5.603177915643094309e+00,4.355436387374233220e+00,6.463094387495152304e+00
4.773782262639861607e+00,2.528439298957115167e+00,5.995029033858776835e+00,-3.338284389738820028e+06,-1.825017310794662562e+00,4.755809000590135582e+01,3.206265714975693015e+00,8.865581593147023654e+00,-1.013637125350047130e+00,3.445500916686914827e+00,3.190070363958444233e+00,3.964829301257861260e+00,5.617640566746461062e+00,4.411161091106186483e+00,6.682944455569122866e+00
4.699422262639861181e+00,2.878599298957115415e+00,5.976749033858776983e+00,-3.338291137158417609e+06,-1.813056628471134024e+00,4.751857905769361423e+01,3.337072590162341257e+00,8.954381299159749119e+00,-1.145967506807627601e+00,3.455142709107715593e+00,3.219472156226894644e+00,4.002060289741846688e+00,5.609037822411065299e+00,4.446767334322948351e+00,6.610301607201547469e+00
4.698702262639860905e+00,2.699199298957115190e+00,5.982029033858776934e+00,-3.338136967389042024e+06,-1.819277038059972318e+00,4.751857905769361423e+01,3.406963229429071482e+00,8.561956360919168674e+00,-1.232544736008971853e+00,3.446450605937815492e+00,3.236376902621806106e+00,3.983093722141535231e+00,5.594490960273144076e+00,4.448020884492094318e+00,6.375205711011985521e+00
4.727862262639860980e+00,2.845639298957115315e+00,5.982109033858776570e+00,-3.338555728247319814e+06,-1.826182647988768171e+00,4.750643011903309798e+01,3.462470819242744469e+00,9.005067103386855010e+00,-1.229576182516927796e+00,3.440590925939005285e+00,3.257304513240786736e+00,4.065113481506934967e+00,5.637104036925762784e+00,4.455308594230672270e+00,6.633366105861227879e+00
4.725182262639861186e+00,2.763239298957115508e+00,5.974349033858776359e+00,-3.338349716098243836e+06,-1.829505273232198137e+00,4.750923695455658446e+01,3.481391983219529696e+00,8.399891567768387191e+00,-1.267536871062252324e+00,3.434882413224396913e+00,3.267808105765034554e+00,4.017655210876471372e+00,5.609114316557722191e+00,4.456814243205490911e+00,6.255599233596555564e+00
4.700022262639861559e+00,3.028959298957115465e+00,5.970389033858776173e+00,-3.338631765725552570e+06,-1.836823896041003268e+00,4.751073538843156285e+01,3.516193451351197652e+00,8.694608820905958879e+00,-1.256388856806449406e+00,3.420570995596075026e+00,3.284126624938519701e+00,4.082644167513097777e+00,5.655093364677654222e+00,4.436362524860466117e+00,6.385941077770231011e+00
4.705902262639861888e+00,2.880359298957115399e+00,5.966109033858776556e+00,-3.338544665863468777e+06,-1.840145861487271439e+00,4.752509514002058921e+01,3.541080932920632307e+00,8.413787816490428284e+00,-1.293476886642326296e+00,3.410095992801164044e+00,3.291073715971980285e+00,4.061855965540819291e+00,5.662647350570982674e+00,4.424166425061106800e+00,6.299676939323859415e+00
4.745742262639861764e+00,2.789239298957115309e+00,5.968269033858776496e+00,-3.337784153869403992e+06,-1.853260679649880505e+00,4.753546303354814029e+01,3.472772942113285133e+00,8.122442845659040955e+00,-1.234024864434615676e+00,3.385087320972576030e+00,3.295774455451673912e+00,4.027309741105552732e+00,5.646785003704017036e+00,4.406933451569667426e+00,6.177744818944839622e+00
4.709822262639861812e+00,3.086759298957115316e+00,5.964909033858776688e+00,-3.337803613793740515e+06,-1.850763236097410669e+00,4.754285189852902249e+01,3.516232911614882717e+00,8.273880509173087816e+00,-1.249965705382495074e+00,3.383542676552480977e+00,3.303232115596696161e+00,4.064951292223540236e+00,5.663634559071054397e+00,4.402493966112698942e+00,6.226195642737041069e+00
4.736662262639861787e+00,2.940639298957115066e+00,5.969829033858776945e+00,-3.337287525932136923e+06,-1.854815407542293348e+00,4.754617756474063839e+01,3.504323186688418801e+00,8.342934648655903729e+00,-1.242691986794726589e+00,3.384001793246968592e+00,3.301928666876771334e+00,4.055199792598180863e+00,5.666430082306653127e+00,4.391597885454413763e+00,6.237034171388684101e+00
4.765142262639861848e+00,2.774999298957115279e+00,5.978869033858776660e+00,-3.337267222967244219e+06,-1.858439809492158590e+00,4.756045412393475402e+01,3.490737437492264839e+00,8.187527594074568427e+00,-1.233820561212195743e+00,3.383480254965436362e+00,3.299283703089299191e+00,4.031264326839438361e+00,5.659220091879652692e+00,4.377852073457991544e+00,6.246095091016478307e+00
4.695902262639862101e+00,3.069799298957115230e+00,5.972709033858776273e+00,-3.337258576506069861e+06,-1.855823698786437381e+00,4.757082529643886204e+01,3.466287196420488659e+00,8.036557334806675001e+00,-1.227157661620187579e+00,3.368439741154317435e+00,3.298870901807695155e+00,4.033745405333815981e+00,5.656150188701017711e+00,4.362750163327762110e+00,6.056623283385519585e+00
4.705102262639861976e+00,3.179799298957115106e+00,5.978949033858776296e+00,-3.337285214990332723e+06,-1.855341216203038934e+00,4.757603120379425832e+01,3.419835209261319342e+00,8.418285522787899211e+00,-1.161015502949029887e+00,3.355482029783162012e+00,3.292362977090578458e+00,4.056569292549478511e+00,5.662678199604227025e+00,4.362462346018190829e+00,6.244476336364435554e+00
4.674942262639861568e+00,2.973839298957114963e+00,5.971949033858776623e+00,-3.337239259900604375e+06,-1.860869281858689162e+00,4.757915118790884179e+01,3.439609631544553903e+00,8.377581243115496790e+00,-1.191415457732300620e+00,3.365883750744805614e+00,3.292314218344992494e+00,4.057156638355716716e+00,5.663122466919491949e+00,4.372761369187416314e+00,6.183734705530428144e+00
4.702222262639861761e+00,2.972959298957114971e+00,5.970949033858776289e+00,-3.337218540742495563e+06,-1.863996462015645283e+00,4.759234887102807932e+01,3.418235483490208004e+00,7.993549780770712765e+00,-1.183724450771423076e+00,3.356392445009863668e+00,3.294238724350869951e+00,4.025359866515141327e+00,5.636893757194719967e+00,4.369774927110781526e+00,6.054925614542662871e+00
4.692302262639861610e+00,3.234439298957115128e+00,5.976189033858775979e+00,-3.337158168401017785e+06,-1.870499648119031244e+00,4.760277248712753106e+01,3.423724421953300290e+00,8.063396954338674760e+00,-1.188357640562648365e+00,3.353126690424041101e+00,3.290375873301621734e+00,4.035060252115036938e+00,5.657494598949403652e+00,4.356951989413148318e+00,6.078042550101638852e+00
4.709382262639861594e+00,3.280439298957114946e+00,5.983629033858775870e+00,-3.337129017782252748e+06,-1.877519993300307943e+00,4.761087217361796320e+01,3.429190560970917900e+00,7.959867489532853391e+00,-1.198213288864085069e+00,3.349006173858125379e+00,3.277289645970144161e+00,4.021567675574786449e+00,5.646243607880705895e+00,4.347445309282854886e+00,6.077682806063720911e+00
4.714502262639861385e+00,3.393679298957114732e+00,5.992989033858775905e+00,-3.339385573985373136e+06,-1.888163874974937873e+00,4.761393926114563158e+01,3.399403433799390584e+00,8.465370930322103860e+00,-1.159164206924272467e+00,3.348649493432744872e+00,3.267130657063050503e+00,4.036654933303534420e+00,5.654497521940592186e+00,4.358957002972429606e+00,6.303273573470308477e+00
4.688742262639861380e+00,3.106199298957114774e+00,5.975509033858775965e+00,-3.342081525769037195e+06,-1.888761025454932296e+00,4.760082556023235867e+01,3.495754606162564393e+00,8.666121786203778044e+00,-1.253582598990548913e+00,3.362297743213877865e+00,3.271386683828358954e+00,4.069182769225855978e+00,5.663348215549493858e+00,4.376025180825189764e+00,6.276391778727536952e+00
4.696502262639861591e+00,3.289879298957114617e+00,5.967029033858776366e+00,-3.342086104859037790e+06,-1.892245388457775901e+00,4.759329488425230892e+01,3.522598765344995719e+00,8.783984319413443487e+00,-1.285046536106365433e+00,3.367367534172634347e+00,3.279444507339344117e+00,4.071088509071805639e+00,5.680435655692338770e+00,4.373946563873528426e+00,6.305876247387672606e+00
4.660622262639861901e+00,3.014399298957114670e+00,5.955549033858776653e+00,-3.342107660804575309e+06,-1.892776992431574712e+00,4.758514726589861965e+01,3.591618084426097202e+00,8.803282272816417731e+00,-1.353534274772688839e+00,3.370728025510761672e+00,3.300358261042001473e+00,4.079580226850493929e+00,5.688935626667264600e+00,4.367614989657383262e+00,6.266109695940935254e+00
4.694222262639861754e+00,3.085439298957114662e+00,5.952269033858776481e+00,-3.342114189526085276e+06,-1.895785401014665306e+00,4.757332272781645344e+01,3.601972667720761301e+00,9.138757654443672607e+00,-1.345878305770270789e+00,3.363391557418696109e+00,3.318191640529019715e+00,4.102111006379781877e+00,5.720317131309854197e+00,4.354667564145294989e+00,6.425661315808045337e+00
4.720262262639861817e+00,3.209879298957114546e+00,5.942469033858776228e+00,-3.342081219162584282e+06,-1.896788560854208772e+00,4.757533517441809323e+01,3.665876215733814281e+00,8.879469477510724573e+00,-1.420941903535593909e+00,3.368100863701311898e+00,3.327743537013096553e+00,4.083708729994024900e+00,5.731610009832374786e+00,4.343345995952577532e+00,6.297965344158207301e+00
4.715822262639862039e+00,3.348239298957114585e+00,5.943709033858776358e+00,-3.341959903975514695e+06,-1.906111968986440752e+00,4.757749651981335148e+01,3.637616380446399678e+00,8.668479749433812387e+00,-1.392008001108708815e+00,3.356883706810800838e+00,3.339949251102407590e+00,4.074840427797625786e+00,5.746215647197159271e+00,4.316166909733049728e+00,6.304427499817055747e+00
4.673462262639861642e+00,3.073239298957114674e+00,5.928349033858776096e+00,-3.340985981077468954e+06,-1.914045978425206629e+00,4.757808137073810428e+01,3.624807709277791723e+00,8.596954656911998782e+00,-1.386117888628161099e+00,3.357825212750144228e+00,3.355066919547006421e+00,4.072777594933596923e+00,5.755495826702264672e+00,4.297136371214635098e+00,6.182172065483451107e+00
4.658262262639861540e+00,3.281039298957114880e+00,5.933109033858776193e+00,-3.340985135927520692e+06,-1.917944163102754951e+00,4.758117478394615318e+01,3.620963667206999137e+00,8.621073835164585475e+00,-1.376119925437274238e+00,3.360072953719608790e+00,3.366107531357562355e+00,4.067508836582885756e+00,5.753349808422741241e+00,4.283482112204528569e+00,6.194797069451220217e+00
4.676502262639861129e+00,3.378879298957115029e+00,5.932429033858776179e+00,-3.340992556896150112e+06,-1.925163640904935969e+00,4.757396693924815168e+01,3.628713639552235914e+00,8.903112920822310983e+00,-1.349017387218786723e+00,3.355895371343122324e+00,3.367951709471123767e+00,4.078979232890064033e+00,5.762852005080405071e+00,4.275260159698301088e+00,6.411746132091994177e+00
4.637062262639861210e+00,3.088119298957114900e+00,5.913069033858776358e+00,-3.340994545548793394e+06,-1.925544696555758328e+00,4.756276427993111611e+01,3.697731051836262939e+00,8.961614775228030183e+00,-1.431655433078939277e+00,3.365391558652979676e+00,3.388840110387323357e+00,4.091364530684427514e+00,5.775584817233480273e+00,4.287189809403058938e+00,6.300017640596742297e+00
4.669262262639861660e+00,3.002919298957114957e+00,5.906869033858776596e+00,-3.340992850451179780e+06,-1.935974491092254501e+00,4.757265893786270539e+01,3.669279084841727379e+00,8.905528025259474845e+00,-1.435138100775716019e+00,3.360977148750774024e+00,3.392875688470537554e+00,4.075038516340007355e+00,5.802449758855876993e+00,4.280341230730106972e+00,6.289934707991116980e+00
4.670902262639861746e+00,2.813999298957114981e+00,5.906909033858776858e+00,-3.340989557935316581e+06,-1.945557598855506276e+00,4.756747942343564262e+01,3.666649466756388698e+00,8.796015586981255296e+00,-1.426398145134130768e+00,3.362192968333606924e+00,3.400944932236771745e+00,4.064507994655881973e+00,5.792922356763290814e+00,4.275135346865214458e+00,6.365326132670579007e+00
4.716422262639861529e+00,2.871079298957115000e+00,5.896629033858777014e+00,-3.341020694564248435e+06,-1.954436898603359118e+00,4.754597586916758445e+01,3.696300532775688374e+00,9.203748156491615262e+00,-1.418614442821294119e+00,3.370682367403516455e+00,3.409927103578615171e+00,4.112728116347969198e+00,5.824030259633373063e+00,4.288614792755900851e+00,6.576971184131722659e+00
4.720662262639861773e+00,3.074519298957115065e+00,5.878189033858777002e+00,-3.338593736525263637e+06,-1.959218340506102551e+00,4.754826059703413677e+01,3.702988473943179315e+00,8.788359408483071178e+00,-1.458038926282502867e+00,3.378041489557932930e+00,3.424940136861515771e+00,4.069674619995260478e+00,5.787307008265757169e+00,4.300144464522727361e+00,6.233727585286338524e+00
4.705142262639861350e+00,2.895479298957114977e+00,5.889229033858777385e+00,-3.338505491310367826e+06,-1.969384005613500133e+00,4.755597883937155501e+01,3.671606910188470962e+00,8.760731790136986774e+00,-1.415444975663898930e+00,3.363270429210107881e+00,3.430231656359797210e+00,4.062232983754050508e+00,5.788778655369615223e+00,4.280909984904206489e+00,6.276017937596129137e+00
4.720142262639861030e+00,2.746919298957115174e+00,5.897509033858777450e+00,-3.338189385121979751e+06,-1.981248251057771581e+00,4.755982560981421159e+01,3.648861282815667018e+00,8.637927501166302591e+00,-1.401081139285424770e+00,3.362074249185828645e+00,3.428302997062204316e+00,4.035137237991898829e+00,5.781301524743041931e+00,4.273282245612921137e+00,6.301054468124519303e+00
4.747462262639860597e+00,2.659039298957114994e+00,5.904989033858777603e+00,-3.338878762868282851e+06,-1.996691457898425615e+00,4.755153192221915504e+01,3.605146988032431388e+00,8.915881112420617427e+00,-1.331411418733274177e+00,3.366740222944964778e+00,3.420003443111181429e+00,4.062309205800674228e+00,5.795467441301565437e+00,4.299166385556395298e+00,6.549362884693818998e+00
4.794062262639860350e+00,2.630719298957115093e+00,5.900309033858778029e+00,-3.338938780883443076e+06,-2.005153672454250913e+00,4.751762962428338000e+01,3.709261894938500337e+00,9.245720398939472062e+00,-1.409459423996097582e+00,3.405684999592549111e+00,3.421228648498076286e+00,4.113014232950725102e+00,5.817086603793103272e+00,4.347614527116660632e+00,6.767298950786556411e+00
4.755542262639860240e+00,2.791119298957115191e+00,5.885389033858777985e+00,-3.338954514750900678e+06,-2.004522872365976482e+00,4.747797505571423216e+01,3.822935066803387016e+00,9.604070208056311841e+00,-1.479722390413147792e+00,3.420764170023613104e+00,3.434167893059728804e+00,4.159973325073204720e+00,5.836238479100643417e+00,4.376547381637948320e+00,6.892998793137421032e+00
4.786982262639860153e+00,2.587799298957115024e+00,5.896429033858778368e+00,-3.338942972880118061e+06,-2.011959536202716947e+00,4.747246872522905647e+01,3.868444865346787775e+00,9.349261441652540583e+00,-1.559640502651540750e+00,3.448300882447872251e+00,3.420523090612844097e+00,4.132973325025048439e+00,5.842429420593620470e+00,4.389168445476890668e+00,6.734419824599973126e+00
4.819302262639860501e+00,2.465519298957115080e+00,5.909309033858778371e+00,-3.338935626618812792e+06,-2.030206427408866698e+00,4.747689902112621496e+01,3.814495212361621590e+00,9.123757572003761140e+00,-1.538391493707344848e+00,3.457169973954732800e+00,3.401270380159479689e+00,4.112052558883546816e+00,5.849247717622179543e+00,4.377199656405261763e+00,6.695213638153172830e+00
4.772022262639860735e+00,2.806599298957114907e+00,5.885749033858778567e+00,-3.338931137274885084e+06,-2.028299961877895186e+00,4.748857671467709451e+01,3.804658484288984788e+00,8.970846806848246757e+00,-1.559553700697224876e+00,3.432371289919799118e+00,3.419371022861815490e+00,4.057488024374619862e+00,5.815010220203200575e+00,4.377577587875636667e+00,6.447824389227534425e+00
4.782542262639860375e+00,2.640439298957114822e+00,5.900909033858778407e+00,-3.338927083123815712e+06,-2.048212174145584541e+00,4.748683592296720946e+01,3.746140241567625040e+00,8.918033597600922846e+00,-1.479131353728955212e+00,3.410273264137594129e+00,3.414415523952535114e+00,4.052638296979542254e+00,5.810830744517940794e+00,4.351303136316797548e+00,6.586721688633925709e+00
4.753942262639860417e+00,2.816519298957114614e+00,5.886869033858778799e+00,-3.338945782950044610e+06,-2.053152500717002837e+00,4.746295244316836914e+01,3.838049805760704203e+00,9.272122469665122324e+00,-1.504523153649816258e+00,3.418702937638878225e+00,3.427867474135896320e+00,4.122355372874364932e+00,5.834092396217576137e+00,4.361512756611107378e+00,6.772479255171492518e+00
4.749462262639860377e+00,2.927359298957114664e+00,5.868989033858778903e+00,-3.338908371647437569e+06,-2.063753866512891388e+00,4.747371642221741439e+01,3.822843050420341449e+00,8.757232017036626459e+00,-1.519514431347758876e+00,3.419260127347191869e+00,3.434235311961147286e+00,4.060609266451961297e+00,5.834288123906032020e+00,4.326970643397435978e+00,6.350786074547945859e+00
4.754062262639860315e+00,2.847279298957114513e+00,5.880029033858779286e+00,-3.338885427965607960e+06,-2.083108666047919666e+00,4.748197387785693735e+01,3.727615012290268925e+00,8.525765913541073715e+00,-1.422544298462414591e+00,3.403426346933888347e+00,3.441836634091434810e+00,4.037854248104966182e+00,5.826676146866662798e+00,4.286525608516887687e+00,6.276097464854095698e+00
4.752382262639859967e+00,2.958959298957114292e+00,5.886149033858779411e+00,-3.338853970143672079e+06,-2.092193103565249235e+00,4.750050635489025552e+01,3.627226206770199024e+00,8.266541130683636496e+00,-1.368836472638700563e+00,3.393884970817332203e+00,3.443553308150999914e+00,4.005399219606377237e+00,5.799473399373471949e+00,4.279184525864755173e+00,6.035900077397403862e+00
4.763862262639859679e+00,3.092319298957114437e+00,5.898269033858779764e+00,-3.338873962511452381e+06,-2.094840427495836099e+00,4.751630932069105029e+01,3.584861403517625167e+00,8.671148733579249424e+00,-1.294391640951068956e+00,3.380261330965863120e+00,3.439023517280991094e+00,4.050923547055688800e+00,5.824369656721850141e+00,4.286670094830924427e+00,6.265276279735179976e+00
4.740582262639859934e+00,3.281479298957114210e+00,5.886469033858779731e+00,-3.338871061288642697e+06,-2.100694629199489238e+00,4.752119864948319616e+01,3.611110494417503425e+00,8.657109291903235970e+00,-1.333688267561932594e+00,3.381885402915203009e+00,3.440754150620728424e+00,4.048381072291835636e+00,5.827569437724063661e+00,4.290557395133427043e+00,6.219171302111442756e+00
4.730422262639859987e+00,3.099799298957114146e+00,5.880229033858779708e+00,-3.338896632275914308e+06,-2.109628308565233645e+00,4.752133970954992037e+01,3.663949568035409055e+00,8.867027440059169763e+00,-1.350432206883275699e+00,3.380490735601255015e+00,3.445299094621151692e+00,4.076781683300326087e+00,5.825198476374281675e+00,4.291148089934345933e+00,6.318508381608634927e+00
4.750902262639860041e+00,3.077879298957113985e+00,5.877149033858779958e+00,-3.338876826886554714e+06,-2.111551666108486547e+00,4.752630291929991557e+01,3.674928847010055399e+00,8.830834245989285236e+00,-1.369197383634638054e+00,3.386414135340432896e+00,3.456296053270397461e+00,4.066212403168247391e+00,5.829288017394275379e+00,4.287492978804084309e+00,6.275239627335488457e+00
4.730662262639859783e+00,3.244679298957113822e+00,5.868309033858779777e+00,-3.338884786201295443e+06,-2.121993998296110462e+00,4.752625552581802282e+01,3.685416502952454820e+00,8.944922250739010039e+00,-1.360988657713251060e+00,3.379925306068253921e+00,3.466336611000449430e+00,4.074926520695608900e+00,5.839182437500297418e+00,4.276072700409404348e+00,6.346201371098952215e+00
4.759502262639859538e+00,3.301759298957113842e+00,5.864389033858779854e+00,-3.338935942967175506e+06,-2.123368553830836447e+00,4.752233924431809697e+01,3.718197458846692172e+00,9.112738172899165434e+00,-1.392037547353841331e+00,3.386470733148569501e+00,3.472729750068153542e+00,4.093210879548837333e+00,5.848407800296977044e+00,4.295461345303267287e+00,6.438682150882882205e+00
4.768902262639859835e+00,3.491199298957113673e+00,5.865949033858779416e+00,-3.338941767983455677e+06,-2.129689320887270032e+00,4.752392078952260590e+01,3.744134675587151850e+00,9.142314562456331117e+00,-1.429042885377193484e+00,3.398504065609156743e+00,3.476327419307040589e+00,4.098778771615690708e+00,5.870182405106769252e+00,4.307237472483623542e+00,6.524149300351776759e+00
4.753342262639860039e+00,3.208559298957113892e+00,5.850149033858779823e+00,-3.338928904201176018e+06,-2.129145518993642128e+00,4.753464125897990300e+01,3.763005200883586809e+00,8.896583508416551211e+00,-1.478431498768942198e+00,3.396460152235457830e+00,3.485810531197955697e+00,4.055990487330383587e+00,5.844450032032916020e+00,4.305982768028895791e+00,6.277340447190506545e+00
4.768382262639859981e+00,3.123799298957113724e+00,5.851749033858779647e+00,-3.338921315761412028e+06,-2.140395896292270450e+00,4.753444706341642956e+01,3.750268867027876762e+00,8.812997284651652663e+00,-1.459679830007427626e+00,3.385690994842329715e+00,3.489669996771695537e+00,4.059239912934784478e+00,5.836615141696340991e+00,4.286487346885827776e+00,6.270187993327163589e+00
4.765502262639859765e+00,3.024079298957113693e+00,5.855589033858779935e+00,-3.338919259549189825e+06,-2.149638822325900200e+00,4.753255644976684380e+01,3.747526125268143993e+00,8.765838011941701424e+00,-1.441424717914768561e+00,3.377063313552446822e+00,3.488796113274500232e+00,4.063906069702860613e+00,5.833377455075773987e+00,4.263500619277222015e+00,6.335030179199114819e+00
4.734222262639860013e+00,2.812439298957113643e+00,5.862109033858780016e+00,-3.338917669977365993e+06,-2.160143215068184297e+00,4.753603455687828472e+01,3.726396622861308128e+00,8.803695469041121768e+00,-1.432764647995631746e+00,3.372426823772361359e+00,3.480719478110077869e+00,4.065180983709045570e+00,5.832208746102200969e+00,4.273259127015531789e+00,6.372402155558363646e+00
4.762382262639859754e+00,2.695799298957113788e+00,5.868109033858780244e+00,-3.338983634965433739e+06,-2.175553348366198403e+00,4.752527734006940818e+01,3.711043144120237613e+00,9.029764389512294542e+00,-1.404117943055898321e+00,3.381722704542434066e+00,3.478948896631948173e+00,4.092955212225873218e+00,5.853255032783921230e+00,4.294993692447591549e+00,6.556867528657173594e+00
4.766622262639859997e+00,2.740279298957113863e+00,5.861789033858780584e+00,-3.338952432602277026e+06,-2.185675090271270715e+00,4.753210815657785560e+01,3.692739246163660116e+00,8.628800111541988116e+00,-1.422653228683868898e+00,3.380030025541554295e+00,3.477242348727732413e+00,4.030719693300549800e+00,5.807796984452417988e+00,4.283123961873353203e+00,6.267468734755805571e+00
4.729742262639859973e+00,2.998919298957114066e+00,5.853509033858780519e+00,-3.338967121036027092e+06,-2.184306213358257587e+00,4.753575897330996014e+01,3.738870349193973652e+00,8.869448479456760737e+00,-1.417097753458912868e+00,3.384614065025148832e+00,3.488428931418665169e+00,4.089596959275267452e+00,5.825703797793208238e+00,4.296852343250927575e+00,6.389951200921918151e+00
4.746982262639860117e+00,2.883919298957113853e+00,5.852189033858780753e+00,-3.339031682979242411e+06,-2.194961644246812504e+00,4.752854752791939319e+01,3.747640921060093167e+00,9.072220382141118478e+00,-1.427798203206678274e+00,3.386940047696964218e+00,3.493354999176534026e+00,4.102838299569860681e+00,5.840178696484714216e+00,4.313496754920890908e+00,6.482630912838795112e+00
4.743022262639859932e+00,2.690639298957113734e+00,5.855149033858780605e+00,-3.339025262744232081e+06,-2.203303346448143074e+00,4.752946822325858278e+01,3.738688472445025557e+00,8.938936882768912184e+00,-1.430028908521774111e+00,3.384072476183125566e+00,3.493207294701135002e+00,4.088913878298707338e+00,5.841093439754224015e+00,4.315878059068980477e+00,6.500893361550761362e+00
4.676302262639859819e+00,3.026039298957113655e+00,5.832509033858780612e+00,-3.339027352063731756e+06,-2.196884050092898111e+00,4.753096634261744668e+01,3.776378330502627279e+00,8.952578140410357932e+00,-1.478276426762762830e+00,3.383456683250495534e+00,3.509904798649639890e+00,4.090293549474153245e+00,5.819651024041600174e+00,4.341773180465160920e+00,6.366250072466889343e+00
4.665182262639859800e+00,3.183759298957113515e+00,5.827989033858780310e+00,-3.339037707863748074e+06,-2.207099851323543582e+00,4.753328654267293985e+01,3.800062599559391074e+00,9.083080773680034525e+00,-1.488912763053091171e+00,3.379898987512730546e+00,3.516971526693324801e+00,4.109091250367217008e+00,5.843754788872497663e+00,4.330551675615694762e+00,6.419881485731681714e+00
4.671422262639859824e+00,3.411279298957113681e+00,5.836469033858779909e+00,-3.339037438421143219e+06,-2.215715160490488334e+00,4.753011319047196537e+01,3.847628724973226610e+00,8.988776225262093078e+00,-1.516811846137053221e+00,3.383274912306795557e+00,3.517552300538250520e+00,4.099617562938724369e+00,5.851759438419917636e+00,4.301061628130392833e+00,6.443599185986960798e+00
4.698822262639859915e+00,3.583799298957113688e+00,5.844109033858780222e+00,-3.339043161791661289e+06,-2.228761231070352178e+00,4.752593305359291520e+01,3.810425215017498424e+00,8.987345411934706263e+00,-1.468600173983116042e+00,3.385977378910263180e+00,3.512415017689813457e+00,4.105336816723703208e+00,5.857012531889765228e+00,4.290370240127094448e+00,6.561775401082713621e+00
4.655822262639859765e+00,3.263759298957113586e+00,5.819789033858779881e+00,-3.338934275104952510e+06,-2.227830852439099729e+00,4.752373602124194463e+01,3.821275490321783597e+00,8.895778566641896035e+00,-1.507643317852260134e+00,3.386751790976840315e+00,3.528530359563495811e+00,4.070996024645481270e+00,5.830188089956235942e+00,4.309270591480727219e+00,6.341522317063038372e+00
4.699022262639859449e+00,3.212559298957113452e+00,5.821149033858779909e+00,-3.338940845032832585e+06,-2.235301800409769335e+00,4.752628538061777874e+01,3.803654079003941924e+00,9.075011470743577391e+00,-1.488689070403647507e+00,3.375814292054980736e+00,3.530549428228222819e+00,4.094715150989244989e+00,5.862544642225691938e+00,4.301935363118156275e+00,6.455468140475399963e+00
4.724382262639859498e+00,3.111679298957113371e+00,5.821629033858779501e+00,-3.338860692116577644e+06,-2.239764236717435075e+00,4.752643513959783661e+01,3.813006576951138094e+00,8.941941186026305388e+00,-1.507090542375329356e+00,3.382699544444122797e+00,3.535990235600087406e+00,4.078891791301543002e+00,5.857709493174978910e+00,4.291377678098500681e+00,6.355954637054221479e+00
4.733782262639859795e+00,3.301399298957113260e+00,5.820749033858779953e+00,-3.338842337359527126e+06,-2.247010718999630452e+00,4.753167420018093026e+01,3.782986691228024334e+00,8.903723463486485912e+00,-1.479176418617318189e+00,3.382289762795031240e+00,3.534705792158206350e+00,4.073291019223140630e+00,5.859213768948899670e+00,4.280929051022406284e+00,6.331660574682673293e+00
4.706742262639859398e+00,3.055439298957113081e+00,5.817909033858779999e+00,-3.338817774567851331e+06,-2.253412830078007634e+00,4.753277287053272460e+01,3.763442022092029937e+00,8.806650005501820644e+00,-1.473562221798847105e+00,3.369313839450514880e+00,3.538235886263455310e+00,4.066918386053520074e+00,5.847052626046922441e+00,4.283079658172944448e+00,6.242737303364292778e+00
4.703062262639859270e+00,2.870479298957113290e+00,5.823389033858780373e+00,-3.339152727442264091e+06,-2.262762052229933651e+00,4.753702981211813494e+01,3.736524613046136256e+00,8.870897381348237687e+00,-1.428633782848872658e+00,3.366462461777469439e+00,3.538194296866171928e+00,4.070659681544963604e+00,5.839459386337582991e+00,4.284364511085883009e+00,6.337899686982925829e+00
4.664582262639859422e+00,3.110199298957113445e+00,5.814869033858780512e+00,-3.339499913173435256e+06,-2.264830391757336248e+00,4.753204893953086696e+01,3.751358144238392534e+00,9.039713402672127529e+00,-1.429086215061285081e+00,3.373279599359134462e+00,3.539383443062638968e+00,4.101667893614018290e+00,5.857176092620305141e+00,4.297564100648401109e+00,6.388858874781978336e+00
4.699662262639859200e+00,3.165759298957113277e+00,5.812029033858780558e+00,-3.339496550271154381e+06,-2.270195677738987339e+00,4.753521376656729558e+01,3.758986317119231924e+00,8.959691240867558193e+00,-1.446809111460938491e+00,3.366001463455910336e+00,3.544181984364215054e+00,4.092877128104131401e+00,5.861089430462719463e+00,4.293746737960695725e+00,6.366499070892333911e+00
4.679862262639859161e+00,2.919879298957113178e+00,5.812309033858780616e+00,-3.339515320268295240e+06,-2.273957874534835888e+00,4.753652365711374728e+01,3.769415769644466785e+00,8.946532848343524691e+00,-1.453360103626119670e+00,3.371725423542021982e+00,3.544098696750915600e+00,4.091331312757841232e+00,5.859510914280870786e+00,4.287165988919853454e+00,6.368245360664944066e+00
4.640502262639858877e+00,3.202559298957113221e+00,5.803829033858781017e+00,-3.339508512493524235e+06,-2.274588362809358166e+00,4.753617109483139558e+01,3.794803961217549038e+00,8.917515089537744188e+00,-1.476647013180750312e+00,3.370689866710718352e+00,3.555369777017272970e+00,4.088183697474727651e+00,5.855342239060123077e+00,4.275721680758848287e+00,6.295601000076366027e+00
4.650022262639859072e+00,2.989119298957113369e+00,5.806069033858780593e+00,-3.339508179082951508e+06,-2.281855340219868467e+00,4.753769531644530844e+01,3.783770743032615513e+00,8.892051123037294502e+00,-1.447501024736631559e+00,3.364925574408010878e+00,3.564592177430436326e+00,4.089409695901415454e+00,5.851280176642117858e+00,4.253208550422600709e+00,6.297021327488531384e+00
4.670222262639859068e+00,2.848799298957113368e+00,5.812389033858780252e+00,-3.339512462700572331e+06,-2.288938743879915805e+00,4.753561704555811929e+01,3.752975093407436180e+00,8.991564551895734780e+00,-1.399690036393782089e+00,3.365242842445894222e+00,3.563674598380000891e+00,4.101633502601857550e+00,5.844328039132364871e+00,4.265021092243325818e+00,6.429098665511940425e+00
4.713702262639858809e+00,2.951319298957113535e+00,5.799629033858780147e+00,-3.339483919868468307e+06,-2.295963989091258650e+00,4.755158178007678060e+01,3.719607510370544379e+00,8.701787222208483996e+00,-1.427214068059782903e+00,3.362373767392400126e+00,3.563813129528977885e+00,4.048813973847049219e+00,5.834311076651609973e+00,4.267105156810594657e+00,6.180773555152109466e+00
4.713982262639858867e+00,2.812639298957113621e+00,5.809469033858779774e+00,-3.348320191632008180e+06,-2.306044562580302770e+00,4.755025497783420008e+01,3.696200519740722168e+00,8.865001321146262825e+00,-1.387911504441650568e+00,3.359293331664095827e+00,3.558235390835315037e+00,4.062775317485638027e+00,5.844353212733055081e+00,4.274357382420777896e+00,6.354183741482296810e+00
4.734662262639858454e+00,2.737599298957113625e+00,5.817869033858779737e+00,-3.332342542671827599e+06,-2.320559372147853683e+00,4.755404340772295058e+01,3.660682132597385063e+00,8.655963439572280649e+00,-1.379727756624693713e+00,3.359928480651449334e+00,3.554796658129290243e+00,4.024432059059644295e+00,5.819185554951453732e+00,4.265243000633939907e+00,6.255720622686285814e+00
4.709262262639858143e+00,2.991439298957113468e+00,5.810109033858779526e+00,-3.332436249124358408e+06,-2.320937856442802705e+00,4.754087140059795757e+01,3.736702763694564222e+00,8.868105033437919005e+00,-1.413243421019587887e+00,3.366459565468389314e+00,3.560808493139755004e+00,4.087635195297225188e+00,5.844009810549300354e+00,4.286603748386665913e+00,6.358230934682187474e+00
4.713422262639857863e+00,2.875719298957113423e+00,5.813629033858779493e+00,-3.330529603563766927e+06,-2.327525263491257768e+00,4.755021006918613580e+01,3.714168100663210570e+00,8.750617323433139916e+00,-1.408442257854418012e+00,3.364478188349852683e+00,3.559572673508867080e+00,4.064753119535714276e+00,5.837737276126116370e+00,4.283295654616275705e+00,6.288133868217543387e+00
4.691542262639857519e+00,3.104999298957113574e+00,5.806509033858779034e+00,-3.302543476254262961e+06,-2.328642388257457174e+00,4.755242320349807983e+01,3.728508075806741040e+00,8.608563579776717489e+00,-1.446838966612649324e+00,3.362678838547003668e+00,3.564127492500132277e+00,4.044410599249276927e+00,5.809998272329178093e+00,4.286248156561144107e+00,6.117360317161422145e+00
4.720502262639857172e+00,3.124159298957113418e+00,5.819549033858779197e+00,-3.302527642788792960e+06,-2.340778632328924580e+00,4.756255650189442008e+01,3.703951490243719835e+00,8.644079425771051817e+00,-1.413294103184710382e+00,3.344410916222289032e+00,3.562031937144980454e+00,4.047631681256817160e+00,5.800775029856787945e+00,4.277188027647368607e+00,6.172440855543934290e+00
4.698502262639856930e+00,2.907839298957113350e+00,5.826669033858779656e+00,-3.302578080392247532e+06,-2.351942024784152263e+00,4.756595646335387073e+01,3.700802174128382305e+00,8.698855538996498993e+00,-1.409126405509620872e+00,3.339506205784368742e+00,3.556017914090689125e+00,4.054656225618110454e+00,5.811380893344725962e+00,4.271908523509684308e+00,6.215343577136411390e+00
4.716222262639856666e+00,2.748279298957113426e+00,5.835909033858779793e+00,-3.302532651431031991e+06,-2.360480116035665876e+00,4.757022617846700996e+01,3.659981201457896294e+00,8.682066165311960404e+00,-1.379994113238574460e+00,3.340791821256156702e+00,3.550220242178721008e+00,4.039140038873309635e+00,5.809739101351659052e+00,4.270672840381271484e+00,6.289145925607441789e+00
4.658742262639856690e+00,3.043559298957113413e+00,5.818709033858779911e+00,-3.300610776056497823e+06,-2.357244927565212311e+00,4.757219435809395947e+01,3.690422104696735150e+00,8.599369338530468809e+00,-1.436904990891945122e+00,3.342278983534336056e+00,3.549620353411783391e+00,4.037013025166296565e+00,5.790194792866826035e+00,4.279225845587983024e+00,6.110398972407583784e+00
4.637422262639856463e+00,3.266719298957113438e+00,5.826989033858779976e+00,-3.300608577956551686e+06,-2.361606712551854503e+00,4.758195244929781609e+01,3.679650117144160237e+00,8.657467272294127270e+00,-1.420560832862802547e+00,3.332642933410696617e+00,3.553760692042969183e+00,4.049732186173495840e+00,5.787800956230455540e+00,4.276123167498798061e+00,6.153561872049939652e+00
4.681902262639856538e+00,3.285079298957113370e+00,5.829549033858779872e+00,-3.300612264567200560e+06,-2.372821382576705940e+00,4.758105906872863500e+01,3.698878097324502789e+00,8.857983895408718666e+00,-1.397783467415287362e+00,3.333731620777318216e+00,3.542596845757183033e+00,4.071760507776859050e+00,5.792733062643376840e+00,4.268832214541940395e+00,6.334797790503933435e+00
4.718342262639856344e+00,3.390039298957113534e+00,5.825149033858779468e+00,-3.300593839165078476e+06,-2.379763328079492091e+00,4.758635643673339644e+01,3.687301058165735501e+00,8.757761002558661190e+00,-1.426891509865723329e+00,3.339629399679782118e+00,3.546572214039250603e+00,4.050874388421031647e+00,5.785904870817900836e+00,4.287259562091305654e+00,6.244738512914839390e+00
4.716342262639856564e+00,3.198959298957113617e+00,5.817789033858779213e+00,-3.301505773432733957e+06,-2.379380159353356561e+00,4.758282616250365038e+01,3.728299064691626086e+00,8.965957349307801749e+00,-1.444492201689957067e+00,3.345633697230486980e+00,3.551723773273001150e+00,4.093821036428799687e+00,5.817717494457679273e+00,4.287119324814388399e+00,6.369944779914350264e+00
4.743382262639856961e+00,3.134559298957113604e+00,5.813789033858778765e+00,-3.300968288984953426e+06,-2.385560476053723900e+00,4.758007133893396201e+01,3.749067196236733679e+00,8.845163615994714235e+00,-1.469817762756366664e+00,3.346228383807494211e+00,3.555876310147584984e+00,4.086530523046523200e+00,5.801438616016228345e+00,4.291851575292096932e+00,6.296021596555702260e+00
4.711742262639856627e+00,2.899799298957113525e+00,5.810109033858778638e+00,-3.300964623372191563e+06,-2.392240806511378715e+00,4.757961872585256202e+01,3.748818364167156858e+00,8.839986492021076003e+00,-1.474489662555380720e+00,3.342655532097484006e+00,3.554216369295922995e+00,4.095702883192132049e+00,5.804058119365195445e+00,4.297670541393531884e+00,6.295888898939248968e+00
4.712702262639856698e+00,3.046919298957113664e+00,5.803909033858778876e+00,-3.386369359648054466e+06,-2.394617044614098411e+00,4.756891711644340859e+01,3.800245489230983598e+00,9.054541046304622753e+00,-1.494747365484474733e+00,3.348739406701724874e+00,3.557530300292158998e+00,4.138307595231916380e+00,5.818911473199364082e+00,4.317586677680346874e+00,6.426678298311789383e+00
4.693582262639856673e+00,2.826519298957113513e+00,5.803989033858778512e+00,-3.315454432503264397e+06,-2.400267539113057680e+00,4.756927273857900218e+01,3.801195679534019600e+00,9.010847933539199772e+00,-1.496153780592384797e+00,3.348412488344580940e+00,3.559366529708320126e+00,4.122048089385393688e+00,5.822943588705826734e+00,4.308709611140113971e+00,6.427346071179465881e+00
4.743702262639856393e+00,2.822079298957113735e+00,5.807629033858778378e+00,-3.315610631722785998e+06,-2.405311951327798514e+00,4.755916374981700301e+01,3.834331940642520475e+00,9.221401819411891410e+00,-1.498177982124828667e+00,3.359718163234549415e+00,3.555850561982289548e+00,4.157093956682901492e+00,5.858198738194441368e+00,4.320851991688506644e+00,6.621447956751513431e+00
4.749622262639856096e+00,2.962319298957113656e+00,5.795789033858778083e+00,-3.315553704635525122e+06,-2.409616661280989280e+00,4.757060115764102903e+01,3.807127260138484015e+00,8.868095072607577123e+00,-1.505085034237654273e+00,3.359468549425109529e+00,3.562732796754359388e+00,4.093549594049759044e+00,5.838038494930549049e+00,4.298946107961538310e+00,6.324935986112088848e+00
4.727662262639856117e+00,3.129959298957113667e+00,5.796789033858778417e+00,-3.315574257768828887e+06,-2.411103951309376825e+00,4.756378649735128761e+01,3.843871100276618602e+00,9.018838453497828311e+00,-1.508718434992454061e+00,3.360856522294529913e+00,3.573968191226051250e+00,4.119911630463287899e+00,5.848627447281674385e+00,4.298288983286773224e+00,6.422526841044704504e+00
4.749622262639856096e+00,3.264679298957113840e+00,5.793989033858778726e+00,-3.315558138072374277e+06,-2.420545228986485053e+00,4.756506609295965404e+01,3.850291548697562405e+00,8.961016879005955005e+00,-1.522920081388618785e+00,3.367138370584059182e+00,3.576338411736023737e+00,4.112489511019739474e+00,5.841460563684001350e+00,4.313671319831246187e+00,6.392049670870891376e+00
4.698502262639856042e+00,2.999279298957113760e+00,5.790429033858778496e+00,-3.315561169082201552e+06,-2.423834816110621571e+00,4.756681152120719958e+01,3.854431929152321246e+00,8.993320583111037436e+00,-1.529071757541201393e+00,3.360990612608954820e+00,3.581677369542496159e+00,4.111773771412389422e+00,5.835711692807593387e+00,4.323775976114203168e+00,6.370564644250125141e+00
4.728142262639855709e+00,3.084439298957113884e+00,5.788749033858778148e+00,-3.315465540081651881e+06,-2.429345676605288329e+00,4.757356220228554378e+01,3.825113928761075144e+00,8.831384912063262149e+00,-1.518075376082373529e+00,3.348327944855476801e+00,3.584297917143709267e+00,4.096144081497032019e+00,5.810495893079886898e+00,4.325973893665039149e+00,6.275575653989748481e+00
4.710502262639855608e+00,3.251719298957113757e+00,5.793869033858777939e+00,-3.315498585227233823e+06,-2.440020508055186887e+00,4.758125435067480424e+01,3.815903559708844206e+00,8.899108582136062040e+00,-1.494543288541377635e+00,3.345718597850014575e+00,3.586632448656370986e+00,4.106468804019529628e+00,5.817708360242206389e+00,4.314852758776617669e+00,6.324197506399378277e+00
4.747582262639856054e+00,3.272319298957113709e+00,5.800429033858778283e+00,-3.321308064166137017e+06,-2.442895231636523778e+00,4.757576068334975616e+01,3.837931491354372060e+00,9.009465374822214656e+00,-1.503632816507027625e+00,3.351498674153333024e+00,3.584457075986790642e+00,4.120794484804831903e+00,5.828947829840690709e+00,4.321102431063857274e+00,6.400420493357026785e+00
4.731782262639856462e+00,3.427439298957113856e+00,5.800349033858778647e+00,-3.321295560691443738e+06,-2.448836182214560786e+00,4.758034960675279734e+01,3.821630077701175132e+00,8.910493611925751622e+00,-1.496222315052411433e+00,3.355460291888395563e+00,3.582408681078296908e+00,4.104526760228962345e+00,5.819867404078327588e+00,4.313333672202159796e+00,6.364057334203355509e+00
4.730902262639856914e+00,3.551679298957113762e+00,5.812589033858778897e+00,-3.321217167329620570e+06,-2.459439195949737034e+00,4.758361311486265066e+01,3.752531737113758759e+00,8.749320559019230004e+00,-1.445692460544925728e+00,3.348298826392625660e+00,3.576392294793380611e+00,4.075872168737940449e+00,5.801943678303356222e+00,4.304579986486248622e+00,6.329536749285072261e+00
4.770862262639856688e+00,3.554199298957113839e+00,5.815989033858778967e+00,-3.321403101212868001e+06,-2.467952391868248885e+00,4.757062237908075986e+01,3.802154324881791947e+00,9.030197345781042273e+00,-1.460418775076937514e+00,3.364500205682786405e+00,3.573265668875671430e+00,4.127018653993968833e+00,5.845027708768707697e+00,4.333543750529545768e+00,6.574465802682223803e+00
4.754902262639856936e+00,3.406439298957113948e+00,5.803149033858779227e+00,-3.321424757150037680e+06,-2.461517693219864356e+00,4.754136829071591563e+01,3.874741352091823021e+00,9.304720524336518750e+00,-1.490931990538228558e+00,3.386353678376498255e+00,3.579479977681567782e+00,4.164617163778031816e+00,5.856396680471243066e+00,4.367714025305568626e+00,6.689593134410936948e+00
4.727342262639856685e+00,3.080319298957113983e+00,5.790789033858779078e+00,-3.321421656873630360e+06,-2.454561029889258172e+00,4.754675768543143022e+01,3.880870830363389867e+00,9.256189064317435822e+00,-1.525599566780273308e+00,3.381071947129008048e+00,3.578529342929659407e+00,4.136057508712099207e+00,5.845688430619222054e+00,4.394415308972893897e+00,6.505270892515214953e+00
4.697662262639856756e+00,3.143559298957113946e+00,5.801669033858779301e+00,-3.321461731300258078e+06,-2.460021505185128188e+00,4.754711826948206976e+01,3.908476331524095571e+00,9.224735621173618227e+00,-1.535541079395837061e+00,3.374606257607934534e+00,3.571931468812074240e+00,4.134884142526306761e+00,5.848894773788971158e+00,4.377991391418009748e+00,6.529732178980649948e+00
