4.018777888322309977e+00,2.585464945038277174e-01,4.064502915505093128e+00,6.584816594539285584e-01,3.644894700522725906e+00,4.931650167371880222e+00,5.062940137868426227e+00,1.122382087251118543e+00,3.993750015112289997e+00,2.977380543716118821e-01,5.774487281365220603e+00,3.043091724233748963e+00,3.866501519846702095e+00,9.730013275760943658e-01,1.696024541440052325e+00
4.072577888322309825e+00,1.754664945038277302e-01,4.086462915505093108e+00,6.809905387829930934e-01,3.613994771329802180e+00,4.460389914638558828e+00,5.030690098595803406e+00,1.100046415604345018e+00,3.991464059654230123e+00,2.756044951514070029e-01,5.801845564217357420e+00,2.943823899208080963e+00,3.851332956634240468e+00,9.613761969085571346e-01,1.677826383682686995e+00
4.113257888322309874e+00,1.026264945038277282e-01,4.106382915505093045e+00,6.946806595315296873e-01,3.570922185626494993e+00,4.014958614216752153e+00,5.009845080279771601e+00,1.075508715980684427e+00,3.978448587048259100e+00,2.332755214126513710e-01,5.847473883408311757e+00,2.848922124707708114e+00,3.839355446196467625e+00,9.475593996169526800e-01,1.672231352695025208e+00
4.137057888322309473e+00,5.594649450382772893e-02,4.128982915505092777e+00,7.029822450497923425e-01,3.513196337055839891e+00,3.707220732400581031e+00,5.007031382648187368e+00,1.060578982119851021e+00,3.965759789956096348e+00,1.774302727148810432e-01,5.882997228562281578e+00,2.797454649639348201e+00,3.839892648206326697e+00,9.516677172178862332e-01,1.672031194001783128e+00
4.156417888322309295e+00,3.990649450382771635e-02,4.147662915505092585e+00,7.146015689810990557e-01,3.464724778807147576e+00,3.553261793718763606e+00,5.001293164229782207e+00,1.058120024573028228e+00,3.954978517905030966e+00,1.287595965866010217e-01,5.888074626656584876e+00,2.799797583727343664e+00,3.848785546345266262e+00,9.481423911981271546e-01,1.673366242633951062e+00
4.170497888322309166e+00,2.998649450382771808e-02,4.168302915505092798e+00,7.303982532305303144e-01,3.420774824407442516e+00,3.455504068868963774e+00,5.002124748021628875e+00,1.049929007994190977e+00,3.951415420866877692e+00,8.691259942805612537e-02,5.879720240174370893e+00,2.826597132445558991e+00,3.853924943145109694e+00,9.483110973887827200e-01,1.677455692692570333e+00
4.186337888322309020e+00,3.378649450382770897e-02,4.185902915505092636e+00,7.594202244991919981e-01,3.379978151447057044e+00,3.389222399141883724e+00,5.005721355073420753e+00,1.044191747395765368e+00,3.948440879682849403e+00,5.232627332493595268e-02,5.865401633121017255e+00,2.857718015830067237e+00,3.858161873556361865e+00,9.487674123151702554e-01,1.686084887773740659e+00
4.202497888322309194e+00,3.362649450382770161e-02,4.199702915505092449e+00,7.549780146760225463e-01,3.344697893394536159e+00,3.345025188048597720e+00,5.009732518044350158e+00,1.036940910314638753e+00,3.950812790563201116e+00,2.198484860472603789e-02,5.851231926774849157e+00,2.892704815025194165e+00,3.851017929018908603e+00,9.616345554718700450e-01,1.688673791706714722e+00
4.221497888322309322e+00,2.918649450382770211e-02,4.216222915505092317e+00,7.805001877102617502e-01,3.310379102350064162e+00,3.331891880357965796e+00,5.007842288806044095e+00,1.025658614714912042e+00,3.954187931374782750e+00,2.029146908203487143e-03,5.829019438178904444e+00,2.932552736219959488e+00,3.856913597408354377e+00,9.588015705293474467e-01,1.690849635502444048e+00
4.234897888322309178e+00,2.986649450382770563e-02,4.225142915505092134e+00,7.734804087043691823e-01,3.285798168991109325e+00,3.270293864226898606e+00,5.022293338392806561e+00,1.021159052573558323e+00,3.957584640251222474e+00,-1.045906942755843450e-02,5.822042618112193146e+00,2.952694971051180950e+00,3.846548162871077814e+00,9.753018836238778189e-01,1.693997772984962902e+00
4.252177888322309585e+00,3.058649450382771445e-02,4.238062915505092398e+00,7.677982770755794606e-01,3.262457354999964032e+00,3.255148281429960821e+00,5.022597583198633586e+00,1.018465578068884492e+00,3.962522476116613124e+00,-2.015689293041882102e-02,5.802396958817110040e+00,2.989408488474855297e+00,3.831997646280370873e+00,9.941523116001214078e-01,1.697518951120026598e+00
4.262937888322309909e+00,3.170649450382771045e-02,4.247902915505092025e+00,7.990264316482794671e-01,3.244960991667154016e+00,3.216799306493198340e+00,5.025886204607223462e+00,1.012281500701303738e+00,3.966103812634770964e+00,-2.865928062231604123e-02,5.784675628583592299e+00,3.022805685521041230e+00,3.823543099121111233e+00,1.004416530585192868e+00,1.701436958372378072e+00
4.277057888322310042e+00,2.598649450382771800e-02,4.270062915505092427e+00,7.892788737379475839e-01,3.226862803622299936e+00,3.196268207444295406e+00,5.026083427832707784e+00,1.010536380716642091e+00,3.967516035067983449e+00,-3.501466227594444286e-02,5.772476349133215834e+00,3.046741010064172972e+00,3.808448106293444546e+00,1.023915266949280811e+00,1.702171126205689555e+00
4.290217888322310102e+00,2.514649450382771059e-02,4.283822915505092865e+00,7.987255748162914726e-01,3.215094858542413725e+00,3.191901887558427742e+00,5.022969746440278271e+00,1.002962907625212896e+00,3.971028847238542880e+00,-3.798570973666790668e-02,5.759726497791318067e+00,3.060596438809961573e+00,3.816132001517233530e+00,1.018260621458847881e+00,1.702984833176000468e+00
4.305937888322310059e+00,2.206649450382771466e-02,4.298902915505093070e+00,8.006316026759277005e-01,3.204127925105513697e+00,3.158780084394027021e+00,5.019604878011422855e+00,1.001273337987466761e+00,3.964934476622273163e+00,-4.312021671731715300e-02,5.750570379253301390e+00,3.074950062451009991e+00,3.825411492059147545e+00,1.010407734333274465e+00,1.703837123909954343e+00
4.322057888322309971e+00,2.146649450382771482e-02,4.315702915505092996e+00,7.870682243176538861e-01,3.191561807276583007e+00,3.207093306216161288e+00,5.024914769961161376e+00,1.000939787670893644e+00,3.965960274210674097e+00,-3.682737529205545174e-02,5.738038094520994115e+00,3.095360593936861360e+00,3.828293857026666913e+00,1.010095653438222829e+00,1.706310393070661346e+00
4.337937888322310087e+00,1.826649450382770989e-02,4.333662915505093416e+00,7.956331704203101207e-01,3.184958764993466307e+00,3.157521048649701179e+00,5.022061748450044938e+00,1.005074853719684302e+00,3.965960274210674097e+00,-3.562569712424087931e-02,5.742419966491921990e+00,3.092671534053021087e+00,3.817215210492754807e+00,1.019770687212386617e+00,1.702879412877005505e+00
4.356697888322310419e+00,1.542649450382770071e-02,4.349182915505093838e+00,7.848693607034353814e-01,3.184198511351783001e+00,3.180929026246881453e+00,5.021784684199304571e+00,1.004241203217858480e+00,3.964493530880976557e+00,-3.802816262431985700e-02,5.731397903486866952e+00,3.110796660385125811e+00,3.800635142786151111e+00,1.038531807560047815e+00,1.705745614079182682e+00
4.375177888322310693e+00,1.210649450382770068e-02,4.364742915505093634e+00,7.687070650265708238e-01,3.182398082925695704e+00,3.129589638121798245e+00,5.025289725405903241e+00,1.002319301951051678e+00,3.962340868339236266e+00,-3.330381228042460923e-02,5.729841869681406408e+00,3.117777771236799556e+00,3.800974766444924047e+00,1.033187568798527245e+00,1.709369463325675076e+00
4.387417888322310944e+00,1.478649450382770597e-02,4.379942915505093737e+00,7.690724751179883745e-01,3.177757402787388941e+00,3.171634426685475461e+00,5.026637228174215544e+00,1.004716812723371655e+00,3.962340868339236266e+00,-2.982110957643438476e-02,5.717383826640995537e+00,3.134228080050187160e+00,3.816462935639110210e+00,1.013562575954937817e+00,1.712711517462455868e+00
4.401817888322311134e+00,8.706494503827709106e-03,4.398422915505094011e+00,8.306769740836347227e-01,3.170195749624855619e+00,3.106287424308445289e+00,5.029888672147774464e+00,1.003821673355563826e+00,3.963270897386450997e+00,-2.537807344092568931e-02,5.711060488470629970e+00,3.145635092755455720e+00,3.805525871752036604e+00,1.023760937230352441e+00,1.711104672680922700e+00
4.413097888322311313e+00,1.050649450382769995e-02,4.415542915505094257e+00,8.546616765698000773e-01,3.166115440332795572e+00,3.151580901212035712e+00,5.025388382396962506e+00,9.993121696166202828e-01,3.964522053635525012e+00,-1.945589152140281622e-02,5.693563120005982192e+00,3.168672737593164257e+00,3.794732783076829818e+00,1.033813061714203396e+00,1.710702818137122883e+00
4.428297888322311415e+00,1.426494503827700419e-03,4.428902915505093851e+00,8.482198842769383962e-01,3.167435586053602314e+00,3.106232378895655621e+00,5.025870273519802645e+00,9.997932937235530781e-01,3.959565244722885069e+00,-1.217366738031864376e-02,5.679940903532367358e+00,3.181034466464196075e+00,3.805805514271912049e+00,1.021001049501533364e+00,1.715074502830322478e+00
4.444217888322311794e+00,3.386494503827695585e-03,4.446982915505094169e+00,8.904807207260594382e-01,3.163195577425671701e+00,3.085781037054488696e+00,5.022657911289787336e+00,1.000530916882047094e+00,3.958116358757719055e+00,-4.051964254870830950e-03,5.674654859395901418e+00,3.193255932531050334e+00,3.820845127853346845e+00,1.005092433104763261e+00,1.717721811831001366e+00
4.466537888322311467e+00,-1.373505496172313430e-03,4.466782915505094209e+00,9.252344845562363584e-01,3.157115507697600965e+00,3.170081051342082290e+00,5.025669337739699927e+00,1.001304057890738841e+00,3.951765818833615995e+00,5.087848231574527633e-04,5.670890803969224514e+00,3.203836199092658710e+00,3.823410074725919205e+00,1.003161061264973286e+00,1.712950887477177941e+00
4.484577888322311523e+00,-7.253505496172320613e-03,4.483462915505094237e+00,9.468434198407024160e-01,3.153955501736198652e+00,3.019875850082209823e+00,5.023968592883377937e+00,1.002494384582866882e+00,3.949879221124894979e+00,7.309176003616509563e-03,5.664535788629074808e+00,3.209172656091669129e+00,3.799412094523646921e+00,1.025654642378598602e+00,1.710949375718112675e+00
4.499137888322311873e+00,-3.133505496172319348e-03,4.502262915505093943e+00,9.640961952881237362e-01,3.147995188149681045e+00,3.196193330447728798e+00,5.019458548370270279e+00,1.003548668554075318e+00,3.941217779765687990e+00,1.030921345768014488e-02,5.637001721301938773e+00,3.245530292129764849e+00,3.826379695822861748e+00,9.995302654840464429e-01,1.709346330817316018e+00
4.518577888322312219e+00,-1.013350549617232643e-02,4.519822915505093519e+00,9.765987521096992641e-01,3.144435153194322208e+00,2.812806296273949958e+00,5.020672931132518890e+00,1.011787027946974282e+00,3.935606894544874113e+00,2.206926148815560595e-02,5.633487534874394242e+00,3.245406478601459810e+00,3.840549342721132131e+00,9.877312932226917086e-01,1.710626460398837922e+00
4.530097888322312194e+00,1.118649450382766877e-02,4.541982915505093921e+00,9.172911982628749739e-01,3.146235338045257457e+00,3.774974860987122316e+00,5.021171432781613042e+00,1.007427385861215496e+00,3.926399121392302405e+00,3.014931418722666123e-02,5.595926296341077411e+00,3.303999358089099392e+00,3.851746537534893378e+00,9.717961423607184290e-01,1.704405112697973124e+00
4.558417888322312095e+00,-4.857350549617232838e-02,4.569862915505093603e+00,1.002491870037491850e+00,3.145715272968245824e+00,5.063464684682026373e-01,5.027540746154788742e+00,1.017682285907317574e+00,3.930039346170332681e+00,4.234990409897346902e-02,5.645026653094495472e+00,3.217875276845512111e+00,3.846811140930917361e+00,9.752918936097403346e-01,1.707576708997790238e+00
4.651057888322312373e+00,4.554649450382768083e-02,4.656662915505093814e+00,1.062014803381598149e+00,3.146236501781045192e+00,8.628665919698534026e+00,5.018276532311847227e+00,1.040447843168784248e+00,3.903434398303652575e+00,4.407043599388849042e-02,5.625161696881682438e+00,3.347412009039547609e+00,3.841127375361102825e+00,9.772712858329707375e-01,1.696930447184177959e+00
4.657177888322312498e+00,4.394649450382768358e-02,4.662142915505094187e+00,1.051367412515901378e+00,3.145675338461951132e+00,4.605690016244420981e+00,5.029077086133749042e+00,1.050408226074721396e+00,3.902932387840820194e+00,6.468660476995516384e-02,5.624921611003783184e+00,3.326427812519280991e+00,3.831836341517210975e+00,9.986056267503297112e-01,1.710913087535875565e+00
4.726457888322312506e+00,-6.341350549617230659e-02,4.724342915505093998e+00,1.773823296078683942e+00,3.141707680678491599e+00,-5.601567253385093181e+01,5.021373639243760678e+00,1.045577592438303283e+00,3.912547234154969633e+00,8.109303267050368969e-02,5.679991258469689441e+00,3.200373085659420802e+00,3.823145453176041375e+00,1.001524506245510482e+00,1.705416456863683816e+00
4.831097888322312350e+00,-1.098135054961723034e-01,4.827822915505094237e+00,-8.735414365804681225e+00,3.144599293062322776e+00,-8.420762073590135515e+02,5.031156044993092991e+00,1.090370696041200960e+00,3.874313970480674829e+00,1.043519907377312705e-01,5.682072894569590638e+00,3.119007059249172986e+00,3.832318452326302971e+00,1.015122607734868510e+00,1.702202677705867195e+00
4.949097888322312677e+00,-1.338135054961722969e-01,4.951022915505093991e+00,-8.341852133636146860e+00,3.143627622708014879e+00,-8.321952442294891625e+02,5.018283707812789096e+00,2.305079522935649106e-01,4.729195807258327555e+00,1.017324261086804960e-01,5.682833579590663931e+00,3.221770894517451023e+00,3.820127844502991366e+00,1.001142828365111592e+00,1.709255819988755087e+00
5.050857888322312306e+00,-1.488935054961723070e-01,5.049422915505093812e+00,-8.330214161646221527e+00,3.140573256723803830e+00,-8.317929059016333895e+02,4.858630597472848756e+00,6.464295511507234249e-02,4.805880584899768770e+00,1.100522649144819037e-01,5.683140079351540308e+00,3.250726206755143011e+00,3.789499655027503522e+00,9.105085751835380048e-01,1.598328018331740319e+00
5.157817888322312250e+00,-1.926535054961723281e-01,5.158102915505093478e+00,-8.367582852554100725e+00,3.133211248865755749e+00,-8.316725643929509033e+02,4.629058065384544562e+00,-1.824575885721828605e-01,4.966473707314713160e+00,1.232301256319709437e-01,5.674747355603535048e+00,3.312447195587285620e+00,3.686437735966158424e+00,8.552180707833346718e-01,1.481738551719255170e+00
5.235457888322311959e+00,-2.199735054961723113e-01,5.229462915505093790e+00,-8.430289114303677778e+00,3.119508943509208265e+00,-8.317377785957812648e+02,4.429151834276796151e+00,-4.109525188769090898e-01,5.144484669521978581e+00,1.387277316199974908e-01,5.670661844057376832e+00,3.370566445222994201e+00,3.605379045822806994e+00,8.229177915797887266e-01,1.402157689945018548e+00
5.280097888322312194e+00,-2.076935054961723259e-01,5.264382915505093408e+00,-8.477896471593236782e+00,3.104515040547216387e+00,-8.318819856959587469e+02,4.346833062104957790e+00,-5.094541108639482063e-01,5.236190807211024811e+00,1.495518075935534652e-01,5.667796552529856591e+00,3.417099181254966034e+00,3.587781388381754866e+00,8.156875743162281811e-01,1.386380041053277612e+00
5.311257888322312049e+00,-1.898535054961723312e-01,5.284062915505093549e+00,-8.508610023746651763e+00,3.088347602817015147e+00,-8.319685372098571179e+02,4.318303911028717579e+00,-5.566384042414025402e-01,5.289694980205468688e+00,1.624359366176448827e-01,5.670208558278502231e+00,3.452000780866242735e+00,3.614960024511669534e+00,7.900118447899515672e-01,1.395302896363948664e+00
5.332577888322312276e+00,-1.835735054961723234e-01,5.305982915505093267e+00,-8.539576073367980413e+00,3.073498786512045555e+00,-8.320391837430923943e+02,4.294717535174889633e+00,-5.952312532326533567e-01,5.337543963291929039e+00,1.740757654348244476e-01,5.674002971441780119e+00,3.478938680167511510e+00,3.581954477560070238e+00,8.288191594859988243e-01,1.407833106439864812e+00
5.350497888322312434e+00,-1.793335054961723296e-01,5.322662915505093295e+00,-8.562549570017688794e+00,3.060878239826129388e+00,-8.321059216963410563e+02,4.294221195207348352e+00,-6.145936613841838092e-01,5.369321875925227694e+00,1.902907245979590656e-01,5.676475898016499322e+00,3.511721412709023049e+00,3.579128192216755711e+00,8.464963938566647528e-01,1.421528996014512325e+00
5.368777888322312286e+00,-1.828935054961723372e-01,5.342422915505093073e+00,-8.586560951502306693e+00,3.046500789392674324e+00,-8.321344205376926766e+02,4.295508110532814783e+00,-6.337721296835735485e-01,5.399608049336972471e+00,2.096612746383127446e-01,5.676761909515447790e+00,3.541408220968175424e+00,3.616618153354576926e+00,8.341297535809647501e-01,1.427906928334634840e+00
5.385257888322311892e+00,-1.936135054961723445e-01,5.362822915505093491e+00,-8.602886718373538244e+00,3.034214370307667608e+00,-8.321576975319782150e+02,4.281395803044969028e+00,-6.633222741844809756e-01,5.437830596117116499e+00,2.338320882905487452e-01,5.678787676675583818e+00,3.578522655460067092e+00,3.614186829072528973e+00,8.546587959158968850e-01,1.435901279725978918e+00
5.400017888322311777e+00,-2.047735054961723478e-01,5.377422915505093215e+00,-8.626572523019023109e+00,3.022043814890369440e+00,-8.321894428054824857e+02,4.287060776445739130e+00,-6.833515718594932453e-01,5.464447443127589565e+00,2.613409746369357300e-01,5.671795396080043794e+00,3.621504144236789458e+00,3.619299425661052894e+00,8.642469064434648018e-01,1.454545505094055891e+00
5.414777888322311661e+00,-2.156935054961723330e-01,5.391062915505092867e+00,-8.641962767714522542e+00,3.013364949419947703e+00,-8.321835603742159719e+02,4.287263178899060279e+00,-7.129080806969240180e-01,5.497658363712696783e+00,2.914245885896528110e-01,5.662249048375628924e+00,3.666282081867993980e+00,3.619328573457989862e+00,8.776325075603688131e-01,1.468393530120316148e+00
5.426377888322311271e+00,-2.254935054961723362e-01,5.403942915505092870e+00,-8.663334613138566453e+00,2.997938306357933236e+00,-8.321881279245792484e+02,4.288456420105029032e+00,-7.432588078526680686e-01,5.535018789430071529e+00,3.234851196967380438e-01,5.642206937913743836e+00,3.719127369615279122e+00,3.650170459106290899e+00,8.590420707451509319e-01,1.490623808725124455e+00
5.437817888322311610e+00,-2.391735054961723339e-01,5.414102915505092817e+00,-8.692343557462614001e+00,2.983833171987749999e+00,-8.321834070671169457e+02,4.275503822675304377e+00,-7.963206755436597062e-01,5.591461351894995602e+00,3.566742577262614344e-01,5.616669459365086325e+00,3.777632408521806262e+00,3.661537688305859906e+00,8.682909132921632356e-01,1.512825160195475194e+00
5.448137888322311717e+00,-2.499735054961723102e-01,5.425462915505092631e+00,-8.723513019792321188e+00,2.965101947840251384e+00,-8.321708322518084060e+02,4.282037067728475144e+00,-8.244867547445394740e-01,5.623835246970283919e+00,3.940146724137181256e-01,5.583673608497370822e+00,3.852813596985726896e+00,3.691122784230501885e+00,8.768579558044634625e-01,1.525191498213646746e+00
5.460497888322311866e+00,-2.634135054961723177e-01,5.430862915505092481e+00,-8.744204253699081164e+00,2.952916230466226200e+00,-8.321467160293817642e+02,4.263146887342018410e+00,-8.943131094101166578e-01,5.693737270252041682e+00,4.398630907587522954e-01,5.537608518764510990e+00,3.937424047854416909e+00,3.692721252820210687e+00,9.097022362217600522e-01,1.535167496865010195e+00
5.459137888322311838e+00,-2.803335054961723083e-01,5.436982915505092606e+00,-8.775582205985177353e+00,2.936524957708977368e+00,-8.321353606656784905e+02,4.282604111500211808e+00,-9.289072895946623998e-01,5.726883627094020213e+00,4.886961039328758249e-01,5.478511687014765208e+00,4.035472522517170368e+00,3.724371404447994305e+00,9.351066829694205662e-01,1.535214477731831506e+00
5.452417888322312223e+00,-2.950935054961723036e-01,5.444342915505092861e+00,-8.797862743799525376e+00,2.923400266647568468e+00,-8.321100502909115448e+02,4.268205602572846757e+00,-1.007982253559725150e+00,5.791562287283174904e+00,5.439662724875402589e-01,5.398654462744443272e+00,4.148050914519093801e+00,3.745453732731714780e+00,9.443525452060231862e-01,1.552975345983694799e+00
5.440457888322312030e+00,-3.094935054961723275e-01,5.441302915505092486e+00,-8.827333179206526381e+00,2.907014315170744823e+00,-8.320621388579182849e+02,4.292503519581415183e+00,-1.070119736227082008e+00,5.829787249263483240e+00,6.035052901918980250e-01,5.303370042687534536e+00,4.277995371338946029e+00,3.788513808838451347e+00,9.524191731801584515e-01,1.568693861270725964e+00
5.418057888322311832e+00,-3.147335054961723499e-01,5.436902915505092082e+00,-8.857324398020603340e+00,2.895198170553179740e+00,-8.320269748816568836e+02,4.292491414057686860e+00,-1.150392477062707419e+00,5.886904036550660635e+00,6.677189982629794240e-01,5.169811754397189318e+00,4.441681143210542082e+00,3.828884900842218997e+00,9.695578791590453438e-01,1.581302483741860776e+00
5.386777888322312080e+00,-3.203335054961723438e-01,5.428662915505092279e+00,-8.892606639748297681e+00,2.882368734704104263e+00,-8.319964694559907912e+02,4.314010538962916641e+00,-1.221694626013633433e+00,5.922616344399199484e+00,7.396612680446339461e-01,5.014674772377300194e+00,4.622389449521386418e+00,3.875047269616687995e+00,9.897507855104307195e-01,1.584636389020094294e+00
5.332577888322312276e+00,-3.218135054961723251e-01,5.425942915505092223e+00,-8.920203425359321869e+00,2.872688972989245304e+00,-8.319733655401116721e+02,4.332800193683960188e+00,-1.308522249860948561e+00,5.962408283742270498e+00,8.195637978676892921e-01,4.838132894978097731e+00,4.818885523673571925e+00,3.901779076285973424e+00,1.028985900549757693e+00,1.589889465042339189e+00
5.268737888322312379e+00,-3.187335054961722980e-01,5.426942915505092557e+00,-8.939150639091039352e+00,2.871222244762642539e+00,-8.319347103248986741e+02,4.351651105497590599e+00,-1.403934466460203589e+00,6.002042917992421955e+00,8.950284397153606131e-01,4.641417563334480967e+00,5.033418834984240142e+00,3.928253595906260998e+00,1.056519043410858227e+00,1.594041583321723410e+00
5.198697888322312721e+00,-3.030135054961722862e-01,5.439782915505092298e+00,-8.961812857014423983e+00,2.867452019735529323e+00,-8.319195260846672682e+02,4.372422744556724972e+00,-1.501362727453212420e+00,6.033501036141673879e+00,9.653193109187566678e-01,4.441350504985519976e+00,5.246887935313236717e+00,3.964411628823075073e+00,1.076714797085171149e+00,1.589509601095590252e+00
5.120137888322312314e+00,-2.770135054961722632e-01,5.471262915505092472e+00,-8.958699744371211082e+00,2.863631868795229796e+00,-8.319455820179115335e+02,4.388580463434961665e+00,-1.583080094751894151e+00,6.057406619053015362e+00,1.030552468064584337e+00,4.258715680672929160e+00,5.434523474786987940e+00,3.961550435509778367e+00,1.108126566742695385e+00,1.609009638736170089e+00
5.054817888322312491e+00,-2.482935054961722399e-01,5.521182915505092659e+00,-8.933007677423812964e+00,2.863458934405127554e+00,-8.320004936280133734e+02,4.410114671482368465e+00,-1.637975550131580915e+00,6.054683406136041057e+00,1.081685685926251805e+00,4.126385504407086735e+00,5.569783889177265301e+00,3.981550235125516757e+00,1.133113623325161523e+00,1.604328228661497269e+00
5.005497888322312683e+00,-2.195735054961722443e-01,5.585222915505092978e+00,-8.874823538243893140e+00,2.867034898077020166e+00,-8.320643087112712237e+02,4.410851649767320026e+00,-1.693523010676165619e+00,6.056753610342498817e+00,1.123657336947450069e+00,4.015906241362121598e+00,5.676228309856893084e+00,3.971562691237538800e+00,1.149258426764311114e+00,1.619398030774330532e+00
4.969777888322312265e+00,-1.963335054961722337e-01,5.657582915505092735e+00,-8.804867085264309168e+00,2.871696034861291658e+00,-8.321232534149609137e+02,4.419007896960952309e+00,-1.734888712651839082e+00,6.058903140347444705e+00,1.156650289043084756e+00,3.918535137311606409e+00,5.761518268730761783e+00,3.978410025011898998e+00,1.160148789461552754e+00,1.627180216631374687e+00
4.934297888322312531e+00,-1.788135054961722259e-01,5.719582915505093013e+00,-8.736964732487081164e+00,2.878681874691432441e+00,-8.321748141305438367e+02,4.410641332057188002e+00,-1.776024823735396385e+00,6.063064349300524292e+00,1.184432615763525209e+00,3.819570833999426984e+00,5.849386839148044359e+00,3.979255461379728853e+00,1.173131748118365403e+00,1.632611595800114168e+00
4.905497888322312150e+00,-1.580535054961722252e-01,5.783862915505093127e+00,-8.708889076638689275e+00,2.885043112018489175e+00,-8.322242968373385565e+02,4.431678651957526860e+00,-1.797343180515166727e+00,6.041452949068905731e+00,1.204521970330937997e+00,3.726132371251225095e+00,5.928086185261423502e+00,3.984230652953111296e+00,1.174232506483536831e+00,1.632760523929558172e+00
4.883097888322311952e+00,-1.462535054961722203e-01,5.849622915505093168e+00,-8.673048542423734020e+00,2.891482642281185456e+00,-8.322740684088929584e+02,4.405274693171975287e+00,-1.817267337853169851e+00,6.068125486352397679e+00,1.223750012988040314e+00,3.673571717157401828e+00,5.966226259011638611e+00,3.981493142546687292e+00,1.169424742148091445e+00,1.637968484990624862e+00
4.866497888322311560e+00,-1.333335054961722332e-01,5.905142915505092738e+00,-8.580185009903539495e+00,2.893362568166345294e+00,-8.323143836084195755e+02,4.412632047201619834e+00,-1.828310522591303222e+00,6.058302985836322208e+00,1.234574883184945016e+00,3.625549466716566638e+00,6.001259710728271024e+00,3.972555783278481467e+00,1.180019542604567873e+00,1.652975858987917768e+00
4.849617888322311998e+00,-1.256135054961722286e-01,5.947742915505092931e+00,-8.510581812836500504e+00,2.894869194353238306e+00,-8.323467998754273367e+02,4.389377511296349788e+00,-1.863086546762939166e+00,6.075538605983764384e+00,1.242740257598855091e+00,3.509440932859243745e+00,6.104154290885947631e+00,3.963277659947157083e+00,1.187311686665291743e+00,1.660245950751417343e+00
4.838377888322312081e+00,-1.111735054961722480e-01,6.007262915505092948e+00,-8.467832743519384309e+00,2.895925778430866515e+00,-8.323782476873604992e+02,4.388323787081790606e+00,-1.888424260090546314e+00,6.072150071413172867e+00,1.247096587322169547e+00,3.508724014145049086e+00,6.091724628911118877e+00,3.959208093149232166e+00,1.192802736115528006e+00,1.663271897328536530e+00
4.829937888322311856e+00,-1.016535054961722473e-01,6.043742915505093016e+00,-8.424765865675908572e+00,2.898072198093797347e+00,-8.324031780321708993e+02,4.426379670312464931e+00,-1.896175568056594152e+00,6.031765525709340992e+00,1.251442859796215945e+00,3.440476722488913008e+00,6.147483062205132853e+00,3.940847954102163708e+00,1.210489945833314485e+00,1.680654901979660609e+00
4.825897888322312035e+00,-8.641350549617221599e-02,6.075222915505093191e+00,-8.293896935159040140e+00,2.898638024916681655e+00,-8.324185210024849084e+02,4.523410779060724529e+00,-1.910404093453652585e+00,5.929271072827059008e+00,1.255220917392277036e+00,3.418812036883704497e+00,6.158679779938754706e+00,3.949989552276607085e+00,1.199935625799915195e+00,1.664443261458728784e+00
4.819777888322311910e+00,-7.805350549617220968e-02,6.111702915505093259e+00,-8.281425222883370907e+00,2.899323128062020416e+00,-8.324416259301318632e+02,4.644431530481046622e+00,-1.894040936556466548e+00,5.812775065030603372e+00,1.256905803219796169e+00,3.373291812140962520e+00,6.190070110970178341e+00,3.941171980942247188e+00,1.217709408811882943e+00,1.678199469730418780e+00
4.819617888322311750e+00,-7.881350549617216483e-02,6.138582915505093496e+00,-8.246606626134983742e+00,2.900610958052294741e+00,-8.324569110180858615e+02,4.777020932909007200e+00,-1.889497204288880461e+00,5.671575517403816491e+00,1.258990848446268851e+00,3.329227084209786636e+00,6.223058057650567854e+00,3.960533460388315774e+00,1.192672938131084992e+00,1.655900138728913396e+00
4.817257888322311388e+00,-6.881350549617215595e-02,6.165222915505093049e+00,-8.124378988009354430e+00,2.901335448967242936e+00,-8.324700232880350086e+02,4.577023370069535524e+00,-1.923111080467839296e+00,5.878986612447273608e+00,1.260434264062219034e+00,3.320383918745260843e+00,6.223476292275061716e+00,3.951807122808263184e+00,1.216565247385210213e+00,1.672525412287573010e+00
4.813457888322311362e+00,-5.925350549617216384e-02,6.184822915505092666e+00,-8.087873418014908111e+00,2.901938299139713795e+00,-8.324796364368942250e+02,4.426836772068464931e+00,-1.949953811974726614e+00,6.019436497460529445e+00,1.261435645887144963e+00,3.300198905155153906e+00,6.236857204141877276e+00,3.959909484798314949e+00,1.189801743429933056e+00,1.658499098100584712e+00
4.805097888322311661e+00,-5.173350549617217187e-02,6.199382915505093017e+00,-8.091802617791323371e+00,2.901496750686314741e+00,-8.324880374563036867e+02,4.307278788312277840e+00,-1.938509490970529603e+00,6.145263981068630699e+00,1.262396493172929013e+00,3.263931626930554497e+00,6.268554049668731309e+00,3.941828754688949221e+00,1.211745322850745321e+00,1.685822935097845754e+00
4.803017888322311357e+00,-4.725350549617215318e-02,6.218422915505093407e+00,-8.040462797079332091e+00,2.901937930387076925e+00,-8.324956910807817394e+02,4.579518495341578621e+00,-2.035372891920070870e+00,5.866830330928300974e+00,1.262516577695758757e+00,3.265218814449397655e+00,6.259536706683571872e+00,3.953251901700183701e+00,1.189671920718356368e+00,1.671570915348945086e+00
4.802697888322311037e+00,-3.965350549617216447e-02,6.228942915505093048e+00,-8.064879435275466690e+00,2.902058198733701300e+00,-8.325042469152429021e+02,5.352078970593378671e+00,-1.943626415341636937e+00,5.098947913186271386e+00,1.262996751519717353e+00,3.262109480540426709e+00,6.259617806951530916e+00,3.930764538193681545e+00,1.214157313657663106e+00,1.698686294175501654e+00
4.800017888322311244e+00,-3.933350549617217751e-02,6.241662915505092890e+00,-7.991110918967028631e+00,2.902418765391796107e+00,-8.325105053108743505e+02,4.844103329937670566e+00,-1.875421274483154432e+00,5.597239115263069387e+00,1.263156813219570074e+00,3.201486589133978100e+00,6.313411710882923522e+00,3.933613773350423504e+00,1.192746019459502538e+00,1.690748850514503854e+00
4.800137888322311142e+00,-3.113350549617219243e-02,6.256822915505092730e+00,-7.959776016198014226e+00,2.902218455647439299e+00,-8.325164355293428571e+02,3.207765617234684008e+00,-2.052029748718667612e+00,7.239524934540156664e+00,1.263516964521323782e+00,3.242563642838315996e+00,6.267180541593630139e+00,3.923494676463626263e+00,1.213313459415015672e+00,1.710161632074271187e+00
4.800097888322310880e+00,-3.213350549617219332e-02,6.257782915505092802e+00,-7.918110046416853898e+00,2.902338572038063003e+00,-8.325177164193240742e+02,-2.752428534191908582e-02,-2.098987839333111616e+00,1.046648612646030863e+01,1.263476959828627511e+00,3.178729144587736144e+00,6.327231178208019280e+00,3.901842217034285909e+00,1.227100254543959990e+00,1.721164193772490192e+00
4.796377888322310490e+00,-2.873350549617218960e-02,6.266502915505093085e+00,-7.923323032004254252e+00,2.902458696030868701e+00,-8.325185569615938448e+02,-2.237473097463549720e+00,-2.078063086417173633e+00,1.267259845321838618e+01,1.263580528549126170e+00,3.160015518694752501e+00,6.340373910514110811e+00,3.899456268946778881e+00,1.223287203002281887e+00,1.716364227029570699e+00
4.800537888322310209e+00,-2.657350549617220475e-02,6.278502915505092652e+00,-7.889220328908067792e+00,2.902458696030868701e+00,-8.325195972510817910e+02,-2.255239907393085996e+00,-2.296636507966413276e+00,1.269118171673397732e+01,1.263700537817301184e+00,3.207533945125113917e+00,6.288387079575350036e+00,3.879367236553544540e+00,1.241515372069862400e+00,1.735959836157963787e+00
4.804497888322310395e+00,-2.633350549617218678e-02,6.266422915505092561e+00,-7.868575501446971820e+00,2.902418667771518468e+00,-8.325175572063545815e+02,-1.182602007678018907e+02,-2.340087673013147906e+00,1.286913702245456079e+02,1.263620537499248853e+00,3.156735843877140901e+00,6.336669137285462661e+00,3.861691914438884599e+00,1.247230187760442366e+00,1.745112996457565124e+00
4.806497888322310175e+00,-2.309350549617218695e-02,6.269342915505092151e+00,-7.863847416567072202e+00,2.902498723273456260e+00,-8.325174771838721881e+02,-1.068650173050212828e+02,-1.868796673947163534e+00,1.172939557171381466e+02,1.263815118212668009e+00,3.173346006126436691e+00,6.315212326863586689e+00,3.869994917915406507e+00,1.231521843204050892e+00,1.735925300254816284e+00
4.804457888322310133e+00,-1.977350549617219733e-02,6.273702915505092292e+00,-7.850257954524640702e+00,2.902458701933469776e+00,-8.325199176514647661e+02,-9.265255077758395430e+01,-1.621545897507976175e+00,1.030853008219781941e+02,1.263600541360928586e+00,3.193118943518738817e+00,6.289004968666061401e+00,3.868686387103572155e+00,1.247666671195820864e+00,1.737136950483064712e+00
4.805457888322310467e+00,-1.373350549617217281e-02,6.285622915505092223e+00,-7.850257954524640702e+00,2.902698795795899844e+00,-8.325186375363657589e+02,-8.174304284343143934e+01,-1.516565188696984867e+00,9.217274800695859938e+01,1.263485213202109492e+00,3.153850435168719546e+00,6.325516915460347001e+00,3.897587967428397970e+00,1.213446070266914756e+00,1.708480662455908794e+00
4.802097888322310659e+00,-1.061350549617218371e-02,6.284462915505092617e+00,-7.845626631802822715e+00,2.902618780705268353e+00,-8.325219575560930707e+02,-8.885113194219644583e+01,-2.358463834674415782e+00,9.929234568448772791e+01,1.263648642270044586e+00,3.171421536039539912e+00,6.302468913624212021e+00,3.872769268945553289e+00,1.244387715623867408e+00,1.749737555220633789e+00
4.799137888322310808e+00,-1.213350549617219463e-02,6.284062915505092661e+00,-7.875528989813965097e+00,2.902618780705268353e+00,-8.325242375598146509e+02,8.397072708443529336e+02,-1.395070882369893184e-01,-8.292773934766606772e+02,1.263723312089445772e+00,3.154815999684438488e+00,6.315370748053170225e+00,3.902463266828616106e+00,1.202703173987561991e+00,1.712925495054786085e+00
4.797177888322310402e+00,-4.973505496172205345e-03,6.282662915505092371e+00,-7.870200285262964002e+00,2.902498763036899465e+00,-8.325228375587363416e+02,1.834784300681595596e+03,-1.888428432429344883e-01,-1.824341315004282933e+03,1.263523610583232593e+00,3.176581437333304780e+00,6.286305113126197774e+00,3.867620850564984281e+00,1.252124430892887164e+00,1.757893855535698435e+00
4.790017888322310569e+00,3.864945038278260608e-04,6.275942915505092756e+00,-7.842313856586332399e+00,2.902498763036899465e+00,-8.325216775584198103e+02,5.145990173680524094e+03,9.141505866379558753e+00,-5.135564277018658686e+03,1.263363801544047815e+00,3.166029530423554839e+00,6.293134302502426891e+00,3.866818120207185405e+00,1.228944302172422454e+00,1.737647827295147218e+00
4.796657888322310548e+00,-1.773505496172180472e-03,6.280102915505092476e+00,-7.835662877197784759e+00,2.902578763048849542e+00,-8.325191974283337686e+02,5.124481394970388465e+03,6.706461479540558379e+00,-5.114049057934325901e+03,1.263203801525685677e+00,3.131969665643141720e+00,6.320888164484169458e+00,3.861448347598747777e+00,1.243873584036572666e+00,1.752727181663747080e+00
4.796417888322310752e+00,-7.735054961721572492e-04,6.283422915505092021e+00,-7.830016712865456974e+00,2.902578763048849542e+00,-8.325176774138919882e+02,4.930751605559319614e+03,4.012937776671379630e+00,-4.920324278771890022e+03,1.263179836334543671e+00,3.175685041763246286e+00,6.274936728973337097e+00,3.895952877565740380e+00,1.206350790538551765e+00,1.718162028813388975e+00
4.795697888322310476e+00,-8.773505496172165005e-03,6.274542915505092466e+00,-7.812981553068470753e+00,2.902578763048849542e+00,-8.325190774139709902e+02,5.592413593588867116e+03,1.308037149093959215e+02,-5.581973906493939467e+03,1.263018974320726961e+00,3.139229721959222452e+00,6.308674469343689140e+00,3.890681639377095102e+00,1.222057793033704653e+00,1.733121385448278984e+00
4.790897888322310116e+00,-6.133505496172144203e-03,6.277422915505092682e+00,-7.812981553068470753e+00,2.902618766127983641e+00,-8.325185173721420142e+02,5.591881052191269191e+03,1.305163953917071922e+02,-5.581443316926252010e+03,1.263014416300634268e+00,3.177885622930998633e+00,6.269953580604045840e+00,3.898440249271390545e+00,1.210036087990389086e+00,1.722691630149198350e+00
4.796777888322310446e+00,-7.453505496172154604e-03,6.276662915505093032e+00,-7.819484565460001591e+00,2.902538763118316822e+00,-8.325187973814396400e+02,5.541424619019132479e+03,1.297828909164953188e+02,-5.530986734759098908e+03,1.262977247144134063e+00,3.139687961194432830e+00,6.310340118846323065e+00,3.898181490663166215e+00,1.219214811468559700e+00,1.727025825976371554e+00
4.801817888322310601e+00,-7.133505496172145091e-03,6.284702915505093301e+00,-7.808224253068177134e+00,2.902498760896044860e+00,-8.325194774103687223e+02,5.534730785539902172e+03,1.307675270455961538e+02,-5.524296772492712989e+03,1.262972449161085642e+00,3.170970885522532701e+00,6.279252248450989171e+00,3.871570442865210016e+00,1.240482642586672402e+00,1.751104830410218804e+00
4.805737888322310525e+00,-4.573505496172138376e-03,6.282742915505092896e+00,-7.798194454708569090e+00,2.902458758860499977e+00,-8.325185974083419751e+02,4.815778134040760051e+03,1.258913541037518513e+02,-4.805350993803906022e+03,1.262958890694809710e+00,3.144419821955427796e+00,6.302395898787004569e+00,3.865525973042577057e+00,1.237255945551156477e+00,1.744971228955696230e+00
4.805257888322310933e+00,6.264945038278665890e-04,6.281942915505092984e+00,-7.802798115943091695e+00,2.902418758023810330e+00,-8.325190374084280620e+02,3.303034802986932846e+03,1.206492016496996769e+02,-3.292606548034956177e+03,1.262917852055683410e+00,3.160142851615643789e+00,6.281083082305797483e+00,3.881674088842857362e+00,1.232448028730099843e+00,1.730343972640600025e+00
4.795617888322310840e+00,9.626494503827874583e-03,6.286502915505092659e+00,-7.816751818835767196e+00,2.902418758023810330e+00,-8.325182774072550274e+02,4.378170636656116585e+03,2.412794378522775389e+02,-4.367741382274350144e+03,1.262881881973534348e+00,3.138380636737385210e+00,6.299997064549686776e+00,3.837289425822528521e+00,1.271848327619985231e+00,1.775098982712329576e+00
4.792457888322310566e+00,3.746494503827878242e-03,6.285702915505092747e+00,-7.822539633607975773e+00,2.902578772851829747e+00,-8.325157573795183907e+02,4.116934842722804206e+03,2.392903830693920213e+02,-4.106520221046832376e+03,1.262881881973534348e+00,3.164683145574444634e+00,6.274237768933233816e+00,3.848066912224175962e+00,1.248321131428199005e+00,1.750921111203154412e+00
