8.000009523764172181e-01,1.199997500031249498e+00,1.199960007998400302e+00,8.000013793008324825e-01,1.199998333347222168e+00,8.000007999967999606e-01,1.199996363702478197e+00,8.000079996800127935e-01,8.000014285612244702e-01,8.000013793008324825e-01,1.199996000079998293e+00,8.000033332777787276e-01,8.000018181652893690e-01,8.000399920015996980e-01,8.000014814705076471e-01,8.000015999872001071e-01,8.000009302282314883e-01,1.199999420291535390e+00,1.199999090913223210e+00,1.199999111115061634e+00,1.199999166670138839e+00,1.199999230772189396e+00,1.199999069771768623e+00,1.199999000005000038e+00,1.199998333347222168e+00,8.000079996800127935e-01,1.199992000319987318e+00,8.000007843106498040e-01,8.000049998750031754e-01,8.000012499921875797e-01,8.000010810752373747e-01,1.199996363702478197e+00,8.000007407379972069e-01,8.000018181652893690e-01,1.199996000079998293e+00,1.199996363702478197e+00
6.040626982601344785e-01,1.401153780243992619e+00,1.360903038497765616e+00,6.450301325381968542e-01,1.378993623700397242e+00,6.154405596804675138e-01,1.366391042920492627e+00,6.291573321186049172e-01,6.633851720709091904e-01,8.486488054635479283e-01,1.375885754101568548e+00,9.410067255438293587e-01,9.296684097117320356e-01,9.555317017283948555e-01,6.017370515279643062e-01,8.644427421747582496e-01,6.137918758020931564e-01,1.389817830196783399e+00,1.175531469594156109e+00,1.262075060124175474e+00,1.167916164452729832e+00,1.136766461053260402e+00,1.120163171925614654e+00,1.377183270786719982e+00,1.392211359150647532e+00,6.097878319865956964e-01,1.108977095050986295e+00,6.130408528285233860e-01,9.131976858728264590e-01,7.215159245289710643e-01,6.124919819798023690e-01,1.368255031205019678e+00,6.113438190770553726e-01,9.257572043842507981e-01,1.385002132196121671e+00,1.379356221710869690e+00
4.969818419226283424e-01,1.598951235874911170e+00,1.525814760259934122e+00,7.462870478395002838e-01,1.565765662962665505e+00,4.290737541482051443e-01,1.542670883983350949e+00,4.421682962031970310e-01,7.426154554722415035e-01,9.067747144701850948e-01,1.554952105620172720e+00,1.113752535996205051e+00,1.098373698578429813e+00,1.121493454136364587e+00,5.000599012727657833e-01,1.013378692672209480e+00,4.263481255591406449e-01,1.572514437668529830e+00,1.032871726419975378e+00,1.163547816868325535e+00,1.031240378051866191e+00,9.877027551492963964e-01,9.679234520122153018e-01,1.267390135386339267e+00,1.590737014676005145e+00,4.341874599978323701e-01,9.566436688118774567e-01,4.362645117426912078e-01,1.076864460588933037e+00,5.719188293662901268e-01,4.396481081439066463e-01,1.543736643699409106e+00,4.258157138138344844e-01,1.092221333043783993e+00,1.333815447901704587e+00,1.538864929472039345e+00
4.666919048020019556e-01,1.520192974464866120e+00,1.483826187328923352e+00,9.010024200706039377e-01,1.755752726050825885e+00,2.411419964090042722e-01,1.732804008129110729e+00,2.697076716604649427e-01,8.891589562355526333e-01,7.844337332399752283e-01,1.473682495099428280e+00,1.252248607936774061e+00,1.283449814780087017e+00,1.302962504256502063e+00,6.055685510991857257e-01,1.189179695909583945e+00,2.362425193527120104e-01,1.761655286562018752e+00,8.648937916482982713e-01,1.249141868591403082e+00,1.120523166603574206e+00,8.157303521042140737e-01,7.922000971106221145e-01,1.111511616042520245e+00,1.568111002089155326e+00,2.727631189834276437e-01,7.844724185255056437e-01,2.564879628186721439e-01,1.245096831523101244e+00,6.869949562051685943e-01,2.518261412749832617e-01,1.729144666999815394e+00,2.334829047480234676e-01,1.277424551325927249e+00,1.194829100745847583e+00,1.707250358790352696e+00
5.921477052499108940e-01,1.640587093203623725e+00,1.504298140187936061e+00,1.064045027964825918e+00,1.896655639230618196e+00,4.249893026233633742e-02,1.804707392410205724e+00,8.304619703947752063e-02,9.256118467715735987e-01,7.064876298376616681e-01,1.584837377328020436e+00,1.296670971441157061e+00,1.345355680692261968e+00,1.448620312593528636e+00,6.726982792359963437e-01,1.126048654731329535e+00,3.647088370238493749e-02,1.947918648667811947e+00,6.785152695519207633e-01,1.200196468330863020e+00,1.268610257960860910e+00,8.326106955522162290e-01,6.013731431897497703e-01,9.516008422388384513e-01,1.434586208407723884e+00,3.204900682990752259e-01,6.265648698130534822e-01,6.482648181208758298e-02,1.202345892909046920e+00,7.745071506362316560e-01,5.325977380360569224e-02,1.918163570097238146e+00,3.660392562866796040e-02,1.289599096751858021e+00,1.024165606351821856e+00,1.894541031442358969e+00
7.363484204538912614e-01,1.790708810323615729e+00,1.635385293338516899e+00,9.694306185253676045e-01,1.858273994487302794e+00,-1.527056116262579533e-01,1.895581860247852912e+00,-6.541482399445616713e-02,9.352628890219707447e-01,6.767202271296374194e-01,1.722065194457228277e+00,1.411689739739394378e+00,1.304575904402517361e+00,1.428217125101734375e+00,5.760403257747185313e-01,1.109176233206428330e+00,-1.595391389229466328e-01,2.102684634415881160e+00,4.914741225776689815e-01,1.298901665545209472e+00,1.444288329231979695e+00,9.316437428812625043e-01,4.273204047768555669e-01,8.674472547447460435e-01,1.295223748221914439e+00,4.194610572998014320e-01,4.506528335942139307e-01,-1.345431656726663316e-01,1.255346183822603878e+00,9.212905395851445078e-01,-2.973099907552048671e-02,2.097616844111971357e+00,-1.689043747813979146e-01,1.331763759880583819e+00,8.349651273398041029e-01,2.094023332897447354e+00
7.065742412909269410e-01,1.897680382538855959e+00,1.805871654201370635e+00,8.242359622267240171e-01,1.762343814937148867e+00,-2.741859054327044354e-01,2.017485124998851020e+00,-4.762284920061719828e-02,8.366149921767427333e-01,5.494995309626343749e-01,1.752741273686461598e+00,1.571461630729138248e+00,1.310433609288286894e+00,1.353207358452752418e+00,4.953591356663258338e-01,1.187006498721962400e+00,-3.423006421269953470e-01,2.166369714959326398e+00,3.842934426846391083e-01,1.450119248050574239e+00,1.618716430920898786e+00,9.782916023056327237e-01,2.798127079268282191e-01,7.765176616037665625e-01,1.206873963015935081e+00,3.526181745421803626e-01,2.635367965105543941e-01,-3.175059576239054326e-01,1.380524667010547102e+00,1.099783683099484932e+00,-5.788351123581093882e-02,2.267123012510715796e+00,-3.628612567844547998e-01,1.449303908894402415e+00,6.345592203636173378e-01,2.289809938729772565e+00
6.157276069310350097e-01,1.989019786009979640e+00,1.996614703353646769e+00,6.948795220374606174e-01,1.711394838913476990e+00,-2.898740917782319793e-01,2.019678990425350040e+00,-7.535892007721230190e-02,6.805108421649579409e-01,4.839313473077041516e-01,1.791458498816182354e+00,1.757384334616593158e+00,1.323218964079006188e+00,1.308295975984661075e+00,5.507327012322578152e-01,1.163444883240512429e+00,-4.009419428771682781e-01,2.170117222154880565e+00,2.490301904915957487e-01,1.544478853540423247e+00,1.754674480021834349e+00,9.686666011600651993e-01,1.602502435625134114e-01,6.491244333790441301e-01,1.069831629418601882e+00,4.148903200673127456e-01,1.109145882124548954e-01,-4.688571605460393199e-01,1.483305948768792071e+00,1.241634005126696971e+00,-1.245072122071943649e-01,2.438404509818405952e+00,-4.921519583729353498e-01,1.482360541758719563e+00,4.570501523245571462e-01,2.479478040575167519e+00
5.938950129610505169e-01,2.022846008305807519e+00,2.145152548331893172e+00,6.467628450623820191e-01,1.750527906024791580e+00,-2.287452847733582040e-01,2.058697592471858684e+00,-1.499488730729548469e-01,5.669347869995350342e-01,3.861189334228329884e-01,1.789942656302851320e+00,1.867910787536213091e+00,1.222634326263992932e+00,1.338678231067482294e+00,5.984242587731614105e-01,1.206134444186332200e+00,-4.105740162526144155e-01,2.200836802500670597e+00,9.446048170075702077e-02,1.528010517073078001e+00,1.848163449618447807e+00,9.890940505718267550e-01,8.882512098445903559e-02,5.558211973445514875e-01,9.782118225281323243e-01,4.070215307654541648e-01,1.035320551633700376e-01,-5.874016540033671907e-01,1.476519821136902388e+00,1.330688512337991014e+00,-2.301240740105501559e-01,2.608311679615423095e+00,-5.934057535167915898e-01,1.517558379865909801e+00,3.694990175033220914e-01,2.670965463102086268e+00
6.847287795693667301e-01,1.980169773639845365e+00,2.232143011219198225e+00,6.589640828027907293e-01,1.803083441573846812e+00,-1.258497203205319326e-01,2.116725943755763506e+00,-1.734885618976177435e-01,4.270627818652827368e-01,2.513910300203750503e-01,1.723139808095149883e+00,1.899377617771270677e+00,1.097635021269905753e+00,1.377096639117907584e+00,5.997716742223684339e-01,1.276959482237259191e+00,-4.170375202961342787e-01,2.228014495097171643e+00,-5.665319982032487878e-02,1.425196256489660973e+00,1.846924328024965423e+00,9.844782853321453198e-01,-7.771582317236569448e-03,4.916607209148506907e-01,9.110284267314240347e-01,3.136605447584149275e-01,1.418118498738261679e-01,-6.854863956504022582e-01,1.377853494878893859e+00,1.362212384534444487e+00,-3.343923323243668255e-01,2.707620556437359216e+00,-6.818437493343282307e-01,1.561868496933328743e+00,3.478552666725472919e-01,2.841733323482853457e+00
8.049045782626853551e-01,1.890181096733007715e+00,2.249398137019896993e+00,6.417999076365944466e-01,1.829191702248199602e+00,-2.016722540816340281e-02,2.162175316486194099e+00,-1.736963356056014929e-01,2.623724968386879075e-01,1.573732883979201691e-01,1.632754826395447001e+00,1.893250793649458918e+00,1.073186023706316661e+00,1.388676404393002661e+00,6.617679199289051573e-01,1.303987276922089933e+00,-3.937795898004571860e-01,2.227546020553516470e+00,-2.267964501413683442e-01,1.298035221479305168e+00,1.800855287214840006e+00,9.063429797474923388e-01,-1.060163433277841877e-01,3.693839610241430593e-01,8.558208193545387976e-01,2.378921833211618819e-01,1.938955475217719604e-01,-7.464645831227888495e-01,1.322779987528232226e+00,1.426778657204189837e+00,-3.197143126128836887e-01,2.736174813378496218e+00,-7.139588190013236302e-01,1.593859442179141661e+00,3.463551697564402065e-01,2.984133085760599435e+00
9.198045853280085726e-01,1.808482970297625725e+00,2.213001949552223735e+00,6.577467806087600177e-01,1.843937533321964972e+00,6.393579727308083827e-02,2.152013244611143961e+00,-1.528780967743927077e-01,8.008754387034269784e-02,1.523649767038810221e-01,1.565471588873089903e+00,1.847369866474378730e+00,1.073831592468414309e+00,1.409993667985138588e+00,6.889365745902257254e-01,1.260854799905901436e+00,-3.297309208087721988e-01,2.205259772921573713e+00,-4.062241619928463332e-01,1.171230375610765817e+00,1.744105767414175556e+00,8.379474635583326059e-01,-1.600908440678313061e-01,2.621140609144638201e-01,8.015202917833917917e-01,2.735766106822860033e-01,2.451687620527389089e-01,-7.814188749962720504e-01,1.339263980919678687e+00,1.533633832439042388e+00,-2.456496692379378510e-01,2.785842805559703095e+00,-7.241728368108216740e-01,1.616359436897799817e+00,3.440947626751751920e-01,3.072114959869405748e+00
1.006319740776662419e+00,1.788162265686726871e+00,2.169804389702262526e+00,7.375925738345476823e-01,1.853496921681707876e+00,9.783383784991156462e-02,2.195801382746090269e+00,-7.255886483502085871e-02,-4.037787787613476842e-02,1.326948069035234490e-01,1.522739640611374679e+00,1.801922904171855633e+00,1.042909031779649887e+00,1.422407260566613596e+00,6.076560698910262737e-01,1.235069834697008151e+00,-2.860333559856513830e-01,2.210738010661054354e+00,-5.381645782074996331e-01,1.060160995674941597e+00,1.634208975837688982e+00,8.245227404924480030e-01,-1.700629525570910849e-01,2.374172915324963273e-01,8.261917996606645831e-01,2.855982485985657515e-01,2.688949429595987595e-01,-8.388909421611526751e-01,1.392890812672143319e+00,1.619659518770993678e+00,-1.553456755068148842e-01,2.842246884347858771e+00,-7.426233678425526730e-01,1.697857745136126306e+00,3.406859516373903496e-01,3.101057046591399136e+00
1.058500402624040992e+00,1.810288898035695038e+00,2.147810257111054888e+00,8.456545854295037801e-01,1.834584723939228557e+00,7.145816545899241756e-02,2.183263964347712083e+00,2.014223968229036932e-02,-5.814855082766748340e-02,1.165484125735622989e-01,1.506862715178329148e+00,1.792599537787699759e+00,9.840966133014550365e-01,1.400338639416521147e+00,5.433003784133397795e-01,1.178306373165462606e+00,-2.506942590411859184e-01,2.262484078502861706e+00,-5.836305916727267951e-01,9.751466851026022731e-01,1.491244270808371963e+00,8.543120937016860372e-01,-1.702091178194626298e-01,1.972729550276947630e-01,8.576171855098537744e-01,2.676262540074922369e-01,2.470711054755743985e-01,-9.324903681422360702e-01,1.472536564945249760e+00,1.637570411804874393e+00,-8.105418862663753277e-02,2.874393626038999727e+00,-7.388384436539512379e-01,1.757905931928577914e+00,3.455339308462164194e-01,3.071853030319155575e+00
1.100999519246640856e+00,1.847524006781139150e+00,2.140536449495133553e+00,9.284095698166539012e-01,1.824202043228404957e+00,1.145132006009054459e-02,2.145552109187789824e+00,5.771377305119756995e-02,8.140049950402433732e-03,1.079863842358573106e-01,1.498488108297519217e+00,1.804206553641221067e+00,9.762406870950761650e-01,1.373600391294823586e+00,5.316285354654839423e-01,1.113682102556421638e+00,-1.924060133348479140e-01,2.363081581410484855e+00,-5.993568034482374962e-01,9.076318661085143180e-01,1.365545880723644245e+00,8.547892838973377705e-01,-1.267979199767767795e-01,1.007762693326142711e-01,9.005783820252047933e-01,2.821251364399169348e-01,2.036050351817508264e-01,-1.035634427525946588e+00,1.589221502126105801e+00,1.653383667944112734e+00,-1.611646109475214916e-03,2.904836496799535261e+00,-6.998256959341246919e-01,1.833598111617738446e+00,3.540179626540572166e-01,3.011780699912871562e+00
1.180670538847409468e+00,1.896947190886437040e+00,2.160437986338873184e+00,9.940737410401147001e-01,1.845342794737582670e+00,-4.447795773285267290e-02,2.138614717516075903e+00,7.059940088466823416e-02,5.450357405491310786e-02,5.701538734882954929e-02,1.507427246565027579e+00,1.849252233899650433e+00,9.867008227305764656e-01,1.376559168321348281e+00,4.968477095706694824e-01,1.065104727523687345e+00,-1.541001380418851041e-01,2.440035514941442329e+00,-6.079876390138216902e-01,8.552928172111974314e-01,1.324182440139350270e+00,8.408099823534908035e-01,-6.196754903391435421e-02,4.516017976414826024e-02,9.437539198138580332e-01,2.993002341354357165e-01,1.414498680234860251e-01,-1.140199914272381321e+00,1.702280743491391579e+00,1.668212597898369731e+00,4.528540021363437057e-02,2.952380851530678196e+00,-6.820441235209796504e-01,1.895700489588303839e+00,3.766163929488990370e-01,2.928669403412488492e+00
1.253364093233303445e+00,1.895314737272714600e+00,2.189038698401099658e+00,1.032184873738353659e+00,1.847898000979223410e+00,-7.712213477147664142e-02,2.150346121284940626e+00,8.677395128337903052e-02,5.281396206956456146e-02,7.541301379360977608e-02,1.544232330149908128e+00,1.884352077094840316e+00,9.887918248109038855e-01,1.354527287684863301e+00,4.366897727533313733e-01,1.025078535529039492e+00,-1.571165971780420223e-01,2.470845061286141231e+00,-6.747079727059673848e-01,7.995158331769179894e-01,1.361347339731831863e+00,8.528232149967621689e-01,-3.621611516465920999e-02,1.180443718950689030e-02,9.680105349935188563e-01,2.720162545015978317e-01,1.024461382615854121e-01,-1.218719435130179773e+00,1.796866845278355829e+00,1.694185406333913013e+00,4.317141853697342019e-02,2.956305274978416886e+00,-6.798511060680610951e-01,1.943529353351244771e+00,4.076388724106060901e-01,2.862364045336988738e+00
1.280378324186806305e+00,1.829630839083739469e+00,2.200887168079559864e+00,1.013278050654273343e+00,1.817747565394350895e+00,-8.689963658408446368e-02,2.161690651079605896e+00,6.841674035257537534e-02,2.842880036578856670e-02,6.874110432975939766e-02,1.532039703361220084e+00,1.882468052038363426e+00,1.005592812067353625e+00,1.309274331955529114e+00,3.965743612936379892e-01,9.710126367042253293e-01,-1.402762493398991839e-01,2.464350754389274201e+00,-7.369558741764020704e-01,7.582104343485094322e-01,1.455811170510255437e+00,8.561634602539474059e-01,-5.237543593858097479e-02,-2.032935559580912460e-02,9.847375337852587451e-01,2.826575402805777126e-01,1.602047811386764775e-01,-1.277226903370581423e+00,1.842793835640674116e+00,1.706342803718426948e+00,1.084949813268842878e-02,2.940233092014234551e+00,-6.547369994256708736e-01,1.966619745439331490e+00,4.146595853776708918e-01,2.832996544749337264e+00
1.235551453654811338e+00,1.752813148221049167e+00,2.207344158285490021e+00,9.683207331222759562e-01,1.818948706665392656e+00,-7.730468853461605616e-02,2.159829471678207380e+00,7.311488562208942610e-02,-2.780404816335851556e-02,1.026343540506988866e-02,1.474151451902816268e+00,1.874825171994084938e+00,1.022997731677561140e+00,1.306627123786836542e+00,3.655512746090963105e-01,9.072629083008003636e-01,-1.309233842949519555e-01,2.419614453073841265e+00,-7.819555964241100554e-01,7.346555284632425575e-01,1.550848858449716872e+00,8.525306667153792484e-01,-1.930037270338107180e-02,-4.325340182276829482e-02,9.716517978472721806e-01,3.088350040055889978e-01,2.614649044102947961e-01,-1.334249121288981321e+00,1.819979227855602844e+00,1.671489197777362046e+00,-3.886610619877212125e-02,2.991716116103605660e+00,-6.435503026884248357e-01,1.969735507716197542e+00,4.075604537992725818e-01,2.822468143940011220e+00
1.186215485892669230e+00,1.688984022944085783e+00,2.196066791852361533e+00,9.219550781206442558e-01,1.808921852266134334e+00,-4.866281876373917264e-02,2.209044233554837700e+00,1.140242590970131226e-01,-6.856163071024552746e-02,7.931181361382023953e-03,1.462560610958783647e+00,1.858054808560229088e+00,1.043804311252253703e+00,1.311506928045810261e+00,3.254448770106427857e-01,9.139301332045988158e-01,-1.649469627751653233e-01,2.391072315943048032e+00,-8.371061521627308766e-01,7.242368137727769328e-01,1.631732318528285708e+00,8.410278312485995889e-01,-2.908493429743113506e-02,-5.524112284220047964e-02,9.741495665909409851e-01,2.874754152130665763e-01,3.536456094168341502e-01,-1.398658216793691178e+00,1.754337006906821372e+00,1.617505135181500853e+00,-7.768561499328148490e-02,3.023592925991530400e+00,-6.450166909856518416e-01,2.003572799805457549e+00,4.165927719091863102e-01,2.813470689479379949e+00
1.201520056394135283e+00,1.653871330378721805e+00,2.175044963626779904e+00,8.941776793101683385e-01,1.776072368720388983e+00,-3.176816999189251145e-02,2.214601129004261981e+00,1.143752458682254780e-01,-8.232903657541205955e-02,6.521358171831537383e-03,1.479524890574818174e+00,1.839245108834447029e+00,1.055919528861161805e+00,1.296370074471046241e+00,3.092230675919132032e-01,8.828976687021760084e-01,-1.645118466748648756e-01,2.377430427329034313e+00,-8.673333642080910399e-01,7.131321374468515550e-01,1.670197668553952575e+00,8.418204206406406653e-01,-6.649246626659330306e-02,-8.629843138425305482e-02,9.551846079046547588e-01,2.950424598805453380e-01,4.507342386861178940e-01,-1.463639559934870604e+00,1.677082613284344381e+00,1.577178604747638602e+00,-7.542140669989208512e-02,3.005895147397365630e+00,-6.357748133745079189e-01,1.976342988349991225e+00,4.208014876947959171e-01,2.790307573678519670e+00
1.234447347398482275e+00,1.616091645024551271e+00,2.161215496171139616e+00,9.109479487749893023e-01,1.819364691810587464e+00,-3.330392994098966414e-02,2.275837442167389035e+00,7.837468942665590244e-02,-8.718476409960967954e-02,-7.071330358042619661e-03,1.496541792139681304e+00,1.827776050298483224e+00,1.045303395996569185e+00,1.337067253856294435e+00,3.390582967093268008e-01,9.217316786172803367e-01,-1.357844800560231713e-01,2.371223493272598848e+00,-8.463384559332918222e-01,7.218875203143728658e-01,1.700403368441921526e+00,8.545130686732964609e-01,-3.767950417197268170e-02,-1.181501259259577219e-01,9.830169864123365908e-01,3.509224670391499212e-01,5.146709649089149519e-01,-1.499595519756477646e+00,1.680033142446961669e+00,1.570392013220937022e+00,-2.779868942867610992e-02,3.041229911697975741e+00,-6.244331490464437584e-01,2.000817543384859398e+00,4.159363191315623709e-01,2.743057428500654371e+00
1.332100842472720315e+00,1.603635464970492475e+00,2.169055276241135477e+00,9.533833556367712347e-01,1.824188925146596585e+00,-3.412931065856626700e-02,2.252477075553108943e+00,1.022739441972716629e-01,-6.960823445833345946e-02,1.218028517170586383e-02,1.524985357764732319e+00,1.851997851961150854e+00,1.037383386284759013e+00,1.335934051980300019e+00,3.349604060117081228e-01,8.934174242078324335e-01,-1.805183113886288937e-01,2.370260378725987938e+00,-8.023211409904653646e-01,7.540070073481072166e-01,1.677785806212804820e+00,8.664199017092558686e-01,-5.594296796469826888e-02,-1.160823901245640888e-01,9.423953731979803905e-01,3.129414737756568421e-01,5.083548793467270732e-01,-1.535300237137445789e+00,1.661994688698418043e+00,1.529647804461006455e+00,3.174424202948580853e-02,3.013629494480948079e+00,-6.327430430733240740e-01,1.945583524555059007e+00,4.141970049533265086e-01,2.661252879776420333e+00
1.353956595933926810e+00,1.609154925719491702e+00,2.178931985963798112e+00,9.914420889055221009e-01,1.859992120886762468e+00,-2.814737924796765697e-02,2.321508243906822866e+00,1.513627338103313569e-01,-2.527454423798156796e-02,5.742294133251729660e-02,1.557103162315494727e+00,1.888992978863095695e+00,1.042818348379298543e+00,1.347903726865386398e+00,3.584030341951818244e-01,9.735757005771126238e-01,-1.912120642006240878e-01,2.381189253916674797e+00,-7.807237842555855289e-01,7.901783080746539456e-01,1.674367487702318691e+00,8.451816207185669505e-01,-3.390437183489339312e-02,-1.689873716320938468e-01,1.009936139186706328e+00,3.146694866500752141e-01,5.364532871426989091e-01,-1.532448654653160158e+00,1.690485250033395781e+00,1.545996724150714208e+00,1.184087749342083856e-01,3.037845513337914305e+00,-6.187098251230122026e-01,2.001635136771820811e+00,3.882073442022070386e-01,2.582936273316660536e+00
1.440844120000537742e+00,1.616643516702507943e+00,2.178581370288525942e+00,1.036187240808920107e+00,1.858160769653476097e+00,-6.816321427479690720e-03,2.274097950801151402e+00,1.594970794140943005e-01,2.124964281916988385e-02,2.518918206050430042e-02,1.550199879920108437e+00,1.897265861061513625e+00,1.053115832267766727e+00,1.320831140847463336e+00,3.394575270660386002e-01,9.128185889143350940e-01,-1.635940886080931578e-01,2.376463749096154654e+00,-7.265714958527832446e-01,8.131435550362989817e-01,1.644357938712596168e+00,8.427163219252634674e-01,-3.928751475689295364e-02,-1.831103036525505712e-01,9.622096111010968178e-01,3.685409228921864289e-01,5.441584175554392555e-01,-1.537871400572504488e+00,1.652188915639903888e+00,1.501693693799044160e+00,1.532903258633119825e-01,3.028715700826658086e+00,-6.336718415075426325e-01,1.931896627342281736e+00,3.631860260933672535e-01,2.501510002778630781e+00
1.451102719132280061e+00,1.610983563005117247e+00,2.172828842636329139e+00,1.087598167733916599e+00,1.874420129533836521e+00,1.193813827342743439e-02,2.311370884669615933e+00,1.923691386215713450e-01,5.802677484335099639e-02,8.164328090022107687e-02,1.596640915210945089e+00,1.871943251470716163e+00,1.055533679759858456e+00,1.315165765504712203e+00,3.490932464225012244e-01,9.335176309513071313e-01,-1.622675439799287078e-01,2.340823450419676988e+00,-7.331509196102243830e-01,8.044211049216941634e-01,1.655947637938905093e+00,8.681051880065632220e-01,-1.903428759552441840e-02,-2.157151261358765393e-01,9.995513651777092612e-01,3.847225759218328434e-01,6.176892413421657402e-01,-1.518182434074436760e+00,1.643442840339742972e+00,1.511558406158188816e+00,1.759909146276416869e-01,3.064224524561959040e+00,-6.324122575752934017e-01,1.944476807056530143e+00,3.492786403085439417e-01,2.456128763869557918e+00
1.449601103856248407e+00,1.590419760971737650e+00,2.178326277966811997e+00,1.082219514196287369e+00,1.864489133343465221e+00,2.306092983950105285e-02,2.332644237493350037e+00,2.007870348026467855e-01,8.309809821771890759e-02,6.633930848711350192e-02,1.577556317989064150e+00,1.855459527265618913e+00,1.114747637436755090e+00,1.271967234976757677e+00,3.224405747179054371e-01,9.209080617166564009e-01,-1.912504517306565233e-01,2.291441621559276332e+00,-7.226908311060731283e-01,7.880230733543629462e-01,1.661197662123140573e+00,8.611278286059278475e-01,-2.201494971738228792e-02,-2.124158730727132294e-01,1.020188839556206872e+00,3.599221471119853910e-01,7.012740745654858499e-01,-1.509423475260071701e+00,1.601822863819888587e+00,1.487198640649496806e+00,1.488301685617862691e-01,3.045374906230011280e+00,-6.416109062608347235e-01,1.933576568869279200e+00,3.786569972489808866e-01,2.419283409977553312e+00
1.419712788588824104e+00,1.583376050117850875e+00,2.172553403015729856e+00,1.031745024356597984e+00,1.899604147380412611e+00,1.736449605876496174e-02,2.333186052802245225e+00,1.565448943605405319e-01,8.035022482767396890e-02,8.660385878953409666e-03,1.535406118568901856e+00,1.821545893306566022e+00,1.153209368068981000e+00,1.274242729890266324e+00,3.054787122866720050e-01,8.739145721868968320e-01,-1.930761808777968769e-01,2.239300567495247751e+00,-7.101917445346813684e-01,7.830845167233670967e-01,1.697764103057555429e+00,8.694993215366177974e-01,4.526955121542320520e-03,-2.177728693744829525e-01,1.010615458266495459e+00,3.797143455063389239e-01,7.793463555332675874e-01,-1.501857846283956910e+00,1.567283619385981153e+00,1.491648333578393215e+00,1.064179635595515760e-01,3.058594977085031363e+00,-6.364025582142546211e-01,1.910884639976884625e+00,4.062914882199530897e-01,2.379545056296719086e+00
1.354720636366935516e+00,1.592890485475786377e+00,2.166550969836000373e+00,9.980681013294073756e-01,1.894869101716152970e+00,-8.252644206496021623e-03,2.363547772712266681e+00,1.304613529413658768e-01,8.210826136590887447e-02,4.426878688948104185e-02,1.537188136167086716e+00,1.772946896143446027e+00,1.137871570237293684e+00,1.251005410920128735e+00,3.091003967119408391e-01,8.613725122546748159e-01,-1.999203309055574140e-01,2.189312236773934384e+00,-7.654740109796159819e-01,7.797326219269141712e-01,1.722461174508259196e+00,9.092294284184779807e-01,3.089974259750049267e-03,-2.272694640716749481e-01,1.025933584634338924e+00,4.101153017758390473e-01,8.476506591877276398e-01,-1.495918622128087350e+00,1.574770862949851580e+00,1.514657201093349448e+00,7.350415592874981474e-02,3.039394258387804193e+00,-6.276017683108656708e-01,1.930399515066372418e+00,4.265212161466892526e-01,2.328599808455279696e+00
1.338257862838492462e+00,1.606120597416551554e+00,2.188339995440326202e+00,9.720204779243991622e-01,1.872329168998125182e+00,-1.603351160465086439e-02,2.368428262814829655e+00,1.197325693767206239e-01,1.139575178142119144e-01,5.175920844096121298e-02,1.545193417442964456e+00,1.783630119631260946e+00,1.175669539177464529e+00,1.217999672714707993e+00,2.561347952479139378e-01,8.184693876762761944e-01,-2.754064766600044512e-01,2.155310709159557359e+00,-8.083247069121038964e-01,7.782289089731638798e-01,1.704014512259533598e+00,9.017758929787715871e-01,-7.995951892567989411e-03,-1.960311670614839075e-01,1.015377395762757207e+00,3.753345278208200519e-01,8.921422005176391501e-01,-1.497115198778914635e+00,1.593901741049897236e+00,1.512714984694200293e+00,4.047414458506511103e-02,2.987647372607032725e+00,-6.498839154747132474e-01,1.935479740215137801e+00,4.513230704217811584e-01,2.269891091327091992e+00
1.300663071053270725e+00,1.625167936944903913e+00,2.224539765015617121e+00,9.549649526957335599e-01,1.924730015174137998e+00,-4.451597044659845112e-03,2.373338980747242033e+00,5.056109770892204536e-02,1.802993739551289609e-01,-5.093552196379289021e-04,1.517945330308041019e+00,1.793429344365026434e+00,1.172140355422544244e+00,1.259245284139399068e+00,2.586567262477725282e-01,7.887092220510166785e-01,-3.038572213093245211e-01,2.128322756029346952e+00,-7.946183401717824557e-01,7.847404545291135625e-01,1.689909235590868475e+00,9.183314142763516763e-01,3.454423226548240800e-02,-2.417170325394819019e-01,1.012818419335006492e+00,4.126920465417723838e-01,9.620415504044153021e-01,-1.478196674918140996e+00,1.663018174560692675e+00,1.551821388976355909e+00,5.478605918152703452e-02,3.016055143510099512e+00,-6.283462930652915501e-01,1.965693823269260676e+00,4.534603816736794135e-01,2.220169039824576807e+00
1.310110656282771124e+00,1.649930228136038179e+00,2.234974284784344345e+00,9.646343952708185121e-01,1.894015804361593336e+00,1.022275986358915992e-02,2.360280317572724051e+00,-1.332084980302292165e-02,2.317362911115143087e-01,1.878830999760138648e-02,1.533006765513762248e+00,1.785764361546559487e+00,1.130860923479794611e+00,1.224920694073940552e+00,2.434645307523446434e-01,7.405201643129301070e-01,-3.350163470833090185e-01,2.081097246299346892e+00,-7.795203974071576170e-01,7.768569784662056055e-01,1.644606455519624921e+00,9.550431297441310807e-01,-5.819682443151293072e-03,-2.275308952269721186e-01,9.782955574456586589e-01,4.497698967833022587e-01,9.827861918364596550e-01,-1.477363504614580991e+00,1.684179112375081777e+00,1.535852893222139137e+00,5.986490118922994236e-02,2.956858537435765211e+00,-6.410387468176624859e-01,1.991423287910237816e+00,4.332667269526281895e-01,2.146464497958258555e+00
1.304656853433160624e+00,1.684431811052228944e+00,2.219673849283340328e+00,9.421292098615028365e-01,1.920624868049074729e+00,2.516938226939239784e-02,2.391365589236315259e+00,3.059472631515174068e-03,3.119883947158328397e-01,6.107993176267419166e-02,1.550572275145942092e+00,1.799911139360205192e+00,1.147334861109076787e+00,1.234133382379429822e+00,2.426680312497931646e-01,7.275837569257902482e-01,-4.339978282141380150e-01,2.018094539755881822e+00,-7.801510313165386235e-01,7.660437087181541926e-01,1.609399042342598118e+00,9.391714443559477932e-01,-1.910053343111481165e-03,-2.510038044146035707e-01,9.851007204972882514e-01,4.206598207447694304e-01,1.024770576571125691e+00,-1.458363325906170793e+00,1.726175701218414238e+00,1.556449455655608327e+00,7.706790301785101938e-02,2.957562896957008469e+00,-6.435499201576894146e-01,2.061218739868823757e+00,4.069499290877547359e-01,2.088603815709854317e+00
1.331350170647996434e+00,1.706468094127834956e+00,2.176958376857163202e+00,9.440302146381527315e-01,1.979405698664363333e+00,2.553562381575064100e-02,2.349600154629905902e+00,-6.276917963722675187e-02,3.931934171054363159e-01,4.089118362767438924e-02,1.510746613146908945e+00,1.799996767325420688e+00,1.131996664849791001e+00,1.252123166959400846e+00,2.202200328395300388e-01,6.650739402964825908e-01,-5.256693327584891495e-01,1.936396622597184480e+00,-7.530147990058004837e-01,7.672239068202221235e-01,1.578256642735256454e+00,9.193365602049493601e-01,-1.237102486212007411e-03,-2.641330248271510639e-01,9.283247515870562960e-01,4.502631421276554469e-01,1.050729344016836375e+00,-1.443874733952524858e+00,1.726522317905179404e+00,1.555972370805149385e+00,5.842343484205428372e-02,2.964369794026543659e+00,-6.420982956194722924e-01,2.101835192648528583e+00,3.689431799807096901e-01,2.031339242597234751e+00
1.346914691617602022e+00,1.684807290343122599e+00,2.140196062189752446e+00,9.455734527629198194e-01,1.986856244274838534e+00,1.371110649203203559e-02,2.331461692474196212e+00,-1.578818856503613755e-01,5.157008465561246924e-01,6.817545808828963383e-03,1.479484923868202850e+00,1.796716609444570789e+00,1.091982215597791850e+00,1.217359506820640647e+00,2.142120960824941689e-01,6.546341255375803803e-01,-6.202308235300351136e-01,1.847598217895060735e+00,-7.576398956684989860e-01,7.753511681402552869e-01,1.568646417873968746e+00,9.176884213028816406e-01,-1.519228853318848813e-02,-2.907073838308563696e-01,9.210912669956596854e-01,4.896681661921570283e-01,1.115725952914122132e+00,-1.414591923260335893e+00,1.712077556395574351e+00,1.553348878903771491e+00,3.320187458130288705e-02,2.938335924772946584e+00,-6.374961392950564409e-01,2.202821291552010674e+00,3.099346480901066792e-01,1.994044119326712661e+00
1.382312349699759801e+00,1.659513353041808914e+00,2.132157359566676735e+00,9.363237312738335039e-01,1.978719841281304515e+00,8.950772135284727066e-03,2.275058851329901266e+00,-2.115639334411237860e-01,6.720696764701061809e-01,7.184291998810846125e-02,1.522148233671495987e+00,1.824904795628049303e+00,1.111912625336491933e+00,1.168321292602244599e+00,2.135875878372754388e-01,6.393207956304808315e-01,-7.819350970767101616e-01,1.739411713742490706e+00,-7.973083218091798763e-01,7.674160093859931919e-01,1.557157338678033298e+00,8.927865227007506510e-01,-7.122437173853937015e-03,-3.332206030477163905e-01,8.967984383731575360e-01,4.851221321526004160e-01,1.190971571685451202e+00,-1.405510245317130869e+00,1.658932679047021130e+00,1.548951831832541037e+00,1.078912374894070575e-02,2.958487869924217417e+00,-6.292122250131626515e-01,2.328981312222328626e+00,2.602178454942977170e-01,1.952972787740591576e+00
1.433339799374939938e+00,1.663245776598810455e+00,2.132287559763304419e+00,9.325885689777084764e-01,2.006241753918752924e+00,2.284319412176460951e-02,2.183417896872242636e+00,-3.079935031662929257e-01,8.055460047339109142e-01,6.833840239906135983e-02,1.515574016220974318e+00,1.820977359406454887e+00,1.076928600596459562e+00,1.180347520924378779e+00,1.852596277081844378e-01,5.855264780310907025e-01,-9.330755418676994761e-01,1.608363124595522997e+00,-7.871344383531766464e-01,7.841844551530017249e-01,1.557617451128928909e+00,9.096433871122532322e-01,5.379945542822968385e-02,-3.469056321739057980e-01,8.388877216496073430e-01,4.706554463319245762e-01,1.265773570564747041e+00,-1.417592420136476683e+00,1.590547648014810411e+00,1.570727533556438571e+00,-8.949568819992214513e-03,3.027653347987799837e+00,-6.346267096185548295e-01,2.457478752494083540e+00,1.983860584429802398e-01,1.881901558040226075e+00
1.498229759861252841e+00,1.612545888971088637e+00,2.134077897163745963e+00,8.673711767095811931e-01,1.997748209184201817e+00,7.172438433207924124e-03,2.128722193412006192e+00,-4.116947585052538883e-01,9.471076202035223490e-01,4.831292095207261050e-02,1.481287355806932604e+00,1.822438475412169412e+00,1.098789450293178982e+00,1.141405740007302994e+00,1.693954396571904775e-01,5.383765430352934755e-01,-1.083075400437193192e+00,1.474005738532736753e+00,-7.635785861984702994e-01,8.122817175029524162e-01,1.568253430901257239e+00,9.041404807352488859e-01,5.096902439479517044e-02,-4.187120391522689555e-01,8.043158815174403786e-01,4.168533920888998212e-01,1.381686625978985061e+00,-1.455395782571589303e+00,1.544607765903111218e+00,1.588219862016427397e+00,-1.821346460135426365e-02,3.050519865522556273e+00,-6.127193705896570863e-01,2.618287875321672509e+00,1.161395328188117165e-01,1.803051624574158129e+00
1.580884513211306297e+00,1.574512879509719410e+00,2.119706601838508231e+00,8.052754631447966993e-01,1.965699098177471127e+00,1.213646617092485440e-02,2.103964068788666708e+00,-4.272901097682732519e-01,1.051764600869580679e+00,1.013701908459962164e-01,1.501128820420243093e+00,1.758175964879227005e+00,1.056024068893942847e+00,1.101594785935014142e+00,9.433576569407564616e-02,5.007062679717139142e-01,-1.188034965819546818e+00,1.360914482258768876e+00,-7.802445126338330983e-01,8.131330546357948830e-01,1.564870228922323747e+00,9.395805246743884620e-01,4.458089562469229328e-02,-4.429995557200243628e-01,7.528567470221776414e-01,3.084220254987457555e-01,1.490071168337703700e+00,-1.522990640626721071e+00,1.514509841666807466e+00,1.571487915195766139e+00,-3.477722699140003981e-02,3.086271291220755053e+00,-6.009074802043357089e-01,2.745090686094044052e+00,5.845938195810768817e-02,1.704451348326786908e+00
1.623204245089572062e+00,1.545864811352764212e+00,2.102886948238286813e+00,7.397636032197820732e-01,2.009807114432209385e+00,1.352887939411119567e-02,2.137520571781690304e+00,-4.259375446392424380e-01,1.104122657043677957e+00,1.215516865596812379e-01,1.495842970943811689e+00,1.743389752390552161e+00,1.076251279141904105e+00,1.126786103496916658e+00,8.092617008110314369e-02,4.739479041525542780e-01,-1.192359459883781225e+00,1.267995885535690315e+00,-7.700133911107114315e-01,8.045480204650322653e-01,1.573268546871921414e+00,9.160130833954464036e-01,1.011106727098148167e-01,-5.448259758941996767e-01,7.176648083533531119e-01,1.753353734535454123e-01,1.594248096556683203e+00,-1.577933459686309936e+00,1.524319053286942172e+00,1.594942966781884630e+00,-3.029001790101720076e-02,3.166266633574980727e+00,-5.358305967588973262e-01,2.828522557973823126e+00,-1.033533533823714073e-02,1.602841564898617399e+00
1.709708901889101851e+00,1.520144536716720562e+00,2.108091360565670147e+00,7.333996677936150954e-01,1.988762706384909595e+00,1.654334400690558524e-02,2.202269425001539105e+00,-4.032189064293839054e-01,1.109946669842106548e+00,9.816888720764685439e-02,1.465437355861173963e+00,1.745738357448211486e+00,1.063546527341661774e+00,1.073312281164821913e+00,6.325318320872422295e-03,4.387646178989140777e-01,-1.122796445367679752e+00,1.200927330849648200e+00,-7.845835859996617145e-01,7.705524006345866317e-01,1.528556449382388216e+00,9.170012306902250998e-01,6.387799779357794527e-02,-5.598248310103672853e-01,6.732701425977736243e-01,6.871911091838252272e-02,1.631679989530692598e+00,-1.640117835125161738e+00,1.497557448888914955e+00,1.562588650607020568e+00,-3.483104744247111917e-02,3.166618651703080545e+00,-5.297583866366618599e-01,2.835016610292139472e+00,-6.327342750798117810e-02,1.494312131882376216e+00
1.703552184765817934e+00,1.514270460133205098e+00,2.136371790869171505e+00,8.045999813995277083e-01,2.033894921714055837e+00,1.179681145668609772e-02,2.323711939059443843e+00,-3.848194439173655002e-01,1.084428316283527760e+00,8.661879131231489670e-02,1.443873900592827164e+00,1.776415432798956751e+00,1.029024575971512645e+00,1.088960059712449358e+00,5.654719065378518462e-03,4.761071932496533932e-01,-1.029267126831679535e+00,1.188550660024945804e+00,-7.978055209206919018e-01,7.537484574751043276e-01,1.559015071640640793e+00,9.427477561972982256e-01,5.153808599932816620e-02,-6.289527179980233251e-01,7.069788096337324967e-01,-7.641061029043204333e-02,1.691455445904096688e+00,-1.649514465612757386e+00,1.533094137126293388e+00,1.612962298388897153e+00,2.174254908317581336e-03,3.213758061027470969e+00,-4.844888387221278903e-01,2.849686409995610514e+00,-9.628396994193441638e-02,1.453925127250069949e+00
1.700075166894805090e+00,1.522837259148026146e+00,2.121718242472007798e+00,8.285740058275969933e-01,2.049346775483790850e+00,2.157845052982166473e-02,2.339671940008241968e+00,-3.403414736733114676e-01,1.126906895207212544e+00,9.493646632198331214e-02,1.431371964820819853e+00,1.819356920381985487e+00,1.087174342608198785e+00,1.078712851332918943e+00,-7.533799644817847085e-02,3.941347107800115546e-01,-9.104627361889897630e-01,1.217329470334269637e+00,-8.106689917282554614e-01,7.587706437803051207e-01,1.542216124993940118e+00,9.000748761610813942e-01,1.254672492565883646e-02,-5.865430007556456937e-01,6.259733047583646570e-01,-1.694644261164494348e-01,1.671781385674525833e+00,-1.671349120107368913e+00,1.493886640959159129e+00,1.582623197119617409e+00,2.364296069801080820e-03,3.224832827513441913e+00,-5.002421012982501969e-01,2.778873213762887318e+00,-1.309748432461459999e-01,1.414760323356535787e+00
1.598552011213656865e+00,1.517926228012158374e+00,2.105918215815736350e+00,8.925130516253393376e-01,2.065646371771292511e+00,-8.762336647203942258e-03,2.409051304624473921e+00,-3.432844757118567180e-01,1.140038446606122191e+00,1.192716993641873835e-01,1.441740157782437581e+00,1.821020529125753740e+00,1.094130416496456482e+00,1.074757095629400139e+00,-4.716449979560732864e-02,4.097491610867776690e-01,-8.513097665336373243e-01,1.198108812372736809e+00,-8.009074137698763973e-01,7.568871618009177515e-01,1.584964016154462696e+00,8.882559927717487147e-01,-2.147491859926952545e-02,-6.295129125711805829e-01,6.383192576798539797e-01,-2.264241041263715115e-01,1.688146060414433824e+00,-1.628533355471175836e+00,1.544723878143919427e+00,1.612693004084731374e+00,2.339914386145657346e-02,3.224093334110817111e+00,-4.516919168550383445e-01,2.795422718617023072e+00,-1.699808854289467097e-01,1.429268947993429517e+00
1.574274558143717861e+00,1.515920591680254059e+00,2.115852625279808219e+00,9.313937033801015231e-01,2.054861876126211406e+00,-1.135553937439840767e-02,2.399587107354367532e+00,-2.995789616542786638e-01,1.169797140716235972e+00,1.489553680877992725e-01,1.443179594569338642e+00,1.788382321928721597e+00,1.063684802832254306e+00,1.053614889565249513e+00,-1.242486836054828153e-01,3.823615852550772409e-01,-8.543495754268924935e-01,1.143778798666233776e+00,-7.919066959558317409e-01,7.774057168954443542e-01,1.572302777416376918e+00,9.311624945807667197e-01,-7.489506683824183331e-02,-5.688649447860456565e-01,5.960853911690859874e-01,-2.236565719110718276e-01,1.666609376704013323e+00,-1.599549594059286761e+00,1.551312204852349996e+00,1.578903309404055877e+00,1.775467007311360909e-02,3.187961545263152896e+00,-4.937845183952670469e-01,2.795105806145216309e+00,-2.164755266710658432e-01,1.449320714830051982e+00
1.527051157073382903e+00,1.564833023478461760e+00,2.135530536851707684e+00,8.792300379582084213e-01,2.095670648514872170e+00,-3.308588330487933354e-02,2.373864526296974198e+00,-2.362329777493055727e-01,1.222984052419004541e+00,1.187567326097317688e-01,1.400069420662774622e+00,1.805447191321076117e+00,1.117937890473657658e+00,1.088808165615406498e+00,-1.398440543968527128e-01,3.522994974513040112e-01,-9.131260902532198909e-01,1.123068101692434873e+00,-7.775755594857685082e-01,7.969544745148474663e-01,1.587843585606957042e+00,8.855908222191399837e-01,-9.353117435909913402e-02,-5.718217492290392778e-01,5.439473813202561070e-01,-2.484258415155787270e-01,1.664031292870995493e+00,-1.553135720132645448e+00,1.600325486987988377e+00,1.565013082897429353e+00,2.534231563547703972e-02,3.205051160497475848e+00,-4.903035813599977977e-01,2.828826777218368616e+00,-2.206093285959966621e-01,1.504525054095648740e+00
1.497822687152901455e+00,1.631881591548049570e+00,2.136789294347559043e+00,8.294252844986782502e-01,2.102330564012977021e+00,-4.540431974221609268e-02,2.382064522739719248e+00,-2.480416168450818581e-01,1.260853294348802667e+00,1.538080460356731627e-01,1.425249876346716071e+00,1.754466745129721783e+00,1.093021481287261842e+00,1.098514925132709763e+00,-1.227823197070060934e-01,3.580796560966227338e-01,-9.345210577595033374e-01,1.105878776101941519e+00,-7.982948972890014927e-01,7.677782310695204782e-01,1.593967393188666204e+00,9.074666480047151040e-01,-1.070626259122710033e-01,-5.704350167305877184e-01,5.198380995781662905e-01,-2.500574545356863965e-01,1.613558847565656151e+00,-1.514476292429778770e+00,1.612145456529322507e+00,1.522576736630163463e+00,3.398147049070902176e-02,3.164173869149861762e+00,-4.968885189873457620e-01,2.908501695571252377e+00,-2.348560937001109572e-01,1.545626942756115785e+00
1.501587381699483803e+00,1.672635914505692378e+00,2.151261882852334217e+00,8.047704819985527225e-01,2.084735830254729638e+00,-3.802902518731358927e-02,2.368844110363903521e+00,-2.442584439641658778e-01,1.206219388517727698e+00,1.576127928767356023e-01,1.434451735711552489e+00,1.747821501492013319e+00,1.054828992476678051e+00,1.081050572015438860e+00,-1.170743897998390848e-01,3.385878506107373176e-01,-9.319775952013237275e-01,1.053581389040893601e+00,-7.917230908115024945e-01,7.980954498656215312e-01,1.603219113260079931e+00,9.471586265403025839e-01,-1.073768310784633528e-01,-5.610687661756506017e-01,4.734417980518438873e-01,-2.578997721194570270e-01,1.523650488415719595e+00,-1.494706253435474697e+00,1.597884811116657255e+00,1.505509741190042883e+00,1.917095214403763404e-02,3.130005224997265412e+00,-5.253351382518479662e-01,2.954107463178590631e+00,-2.261044557977880121e-01,1.565168890596666529e+00
1.512278094469710510e+00,1.668835879825244506e+00,2.151363841051270764e+00,7.605553143645151781e-01,2.085499172951081004e+00,-2.445198746843058046e-02,2.384597995747714805e+00,-2.012679296077632407e-01,1.204762286555293604e+00,1.276574639153774671e-01,1.424620809070914929e+00,1.782248175349210539e+00,1.084569996088650345e+00,1.081487005879440355e+00,-9.713240772885033125e-02,3.533389324661740938e-01,-9.172508102135421559e-01,1.056983236745343779e+00,-7.509121466618143836e-01,8.293096103381705220e-01,1.632829622949084403e+00,9.096908319304342072e-01,-5.861474732673272597e-02,-5.558111097847374671e-01,4.384561083169249418e-01,-2.802717207688653622e-01,1.494208298799960088e+00,-1.468994874524246708e+00,1.617489586739605079e+00,1.543899302002250007e+00,7.312607742711491748e-03,3.162802120272270034e+00,-5.342670755198749566e-01,2.971210722477552579e+00,-2.017359294694306415e-01,1.600235386986271768e+00
1.520190585588702348e+00,1.627637694304107097e+00,2.110701182720470470e+00,7.967915580321048852e-01,2.068554261247238735e+00,-1.672449279836719579e-02,2.398352928020293540e+00,-1.422006355778786812e-01,1.216594393964700149e+00,1.857047454791910246e-01,1.461153194351611173e+00,1.772943698550385028e+00,1.044985314732381987e+00,1.065679586310272597e+00,-5.596155984129377869e-02,3.694513417240278819e-01,-8.770426819852873423e-01,1.067816545806072215e+00,-7.609367778863345144e-01,8.062693810412826512e-01,1.620600707847658972e+00,9.113018632750256032e-01,-4.956322036961520461e-02,-5.481317331881246924e-01,4.094479046563920255e-01,-2.985632842869549441e-01,1.477936257593222891e+00,-1.473190625779372986e+00,1.616327726055040159e+00,1.550309114577205882e+00,-3.559917138807365891e-03,3.164104584670176745e+00,-5.371958718109548503e-01,2.986508054232356102e+00,-1.945061437025471240e-01,1.626119939643561940e+00
1.524522938940063188e+00,1.580656609740760610e+00,2.091851308263240394e+00,8.482495802003857666e-01,2.059992815564066770e+00,-1.072235542098857151e-02,2.412046579255380685e+00,-1.541545709598746983e-01,1.235148142451923281e+00,1.734282113449882035e-01,1.444475335700225571e+00,1.799546652043486406e+00,1.017434526525698102e+00,1.055021067540857782e+00,-4.875560056366858713e-02,3.942517942623712801e-01,-8.164642392002765536e-01,1.049922880141200388e+00,-7.444402581342426384e-01,8.250083823532566862e-01,1.571245734261096594e+00,8.996733284401143838e-01,-6.151413769953914534e-02,-5.395634872189626341e-01,3.792665766087148782e-01,-2.598904203176313765e-01,1.477530118016061822e+00,-1.509508063042057202e+00,1.594308674811992121e+00,1.529252433472145567e+00,-2.085043737138277120e-02,3.150027108839035250e+00,-5.447382819420827360e-01,3.015432103397764241e+00,-2.123767783865591896e-01,1.628956184754336345e+00
1.524155695029241420e+00,1.581068913504723561e+00,2.096690432791719072e+00,8.595716439478707782e-01,2.103885285626402535e+00,-3.664571885237334972e-03,2.428315835948446022e+00,-1.144356058482146193e-01,1.262109845815134079e+00,1.505589463703682074e-01,1.420205076614898809e+00,1.850142542242916743e+00,1.034303960161600866e+00,1.102992474067371997e+00,2.115593432037064792e-03,4.228208677546081429e-01,-7.822266210887114379e-01,1.035166058092210850e+00,-7.480919345554708499e-01,8.180903693195424875e-01,1.551461037378780050e+00,8.533397323279856561e-01,-2.736783183977500866e-02,-5.725552134003657478e-01,3.612010704434920338e-01,-2.817739703604002499e-01,1.509210750190571826e+00,-1.547067562282094633e+00,1.589110940261417637e+00,1.540090300872641871e+00,-7.788728975244353994e-03,3.181400739458302596e+00,-5.312909488233541477e-01,3.043922921286101424e+00,-2.042943173919261057e-01,1.644443193633355893e+00
1.591326720107836268e+00,1.581909575618614117e+00,2.102239857182881089e+00,8.687182637662291818e-01,2.079979527662713767e+00,2.731197961884108266e-02,2.406784444505315701e+00,-5.502325030566797281e-02,1.276001781761325837e+00,1.647107426187627288e-01,1.419371985381386203e+00,1.821679048111461752e+00,9.806640099516672482e-01,1.070669480455134215e+00,-8.988513015656262803e-03,4.359632480699238144e-01,-7.708538991429201293e-01,1.053300696894011068e+00,-7.844638967397046247e-01,8.025570893128872729e-01,1.557168467103878129e+00,8.751198384631331262e-01,-6.053763369172191627e-02,-5.516237539858224181e-01,3.268068464019822650e-01,-3.122352209783247345e-01,1.535716358215298838e+00,-1.593322362009203852e+00,1.550998518279887772e+00,1.555851951032491076e+00,-2.876571054783880199e-03,3.134251437707748611e+00,-5.496051833863327962e-01,3.057719962942269998e+00,-1.892063244435017444e-01,1.643714977074248740e+00
1.588003869009956048e+00,1.567405089953151087e+00,2.107826153320480067e+00,8.248284767950452290e-01,2.103456963405789359e+00,1.444222349775157316e-02,2.418581002226018573e+00,-3.012894629901310614e-02,1.247521026692392621e+00,1.715068099161363713e-01,1.402238660755548816e+00,1.811368541125517817e+00,9.779893023017885989e-01,1.075169072057442721e+00,2.027324382340150305e-02,4.716245599041086756e-01,-7.307276125016134438e-01,1.035359335512135104e+00,-8.111397468597172367e-01,7.708298316046248155e-01,1.583305976367392898e+00,8.521725044525838566e-01,-2.963489666256022975e-02,-5.636438299841934896e-01,3.257318918754146808e-01,-2.759519278078694793e-01,1.570248129107663759e+00,-1.596252221269675919e+00,1.566345661431574943e+00,1.619821475645201403e+00,2.113775894478657144e-02,3.142385444131292171e+00,-5.422748861900329453e-01,3.104667662205728984e+00,-2.041822052172373447e-01,1.637505294013728241e+00
1.595241969064515208e+00,1.538179157997432878e+00,2.109412047792113665e+00,7.711126726539170306e-01,2.110358950914523746e+00,1.900748005174296429e-02,2.383914908397939403e+00,1.863951590152410423e-02,1.217866417830519188e+00,1.577325708031517004e-01,1.375557633798428547e+00,1.811330369700660636e+00,9.923899643489076938e-01,1.035277399711170165e+00,-5.961986045938096057e-03,4.611410810672046390e-01,-7.244648573612022524e-01,1.030137174785546783e+00,-7.891074462000186029e-01,7.666324464491870438e-01,1.565810779445029111e+00,8.117234021487939044e-01,-1.957553731238840383e-02,-5.344709734478078067e-01,2.811828297320178582e-01,-2.793533938835659480e-01,1.542511519265673980e+00,-1.606735948605283237e+00,1.541936558107000366e+00,1.592589419394011330e+00,-2.151216975287292832e-03,3.155837514301810032e+00,-5.690022605073250528e-01,3.119445905508704708e+00,-1.926402387760816903e-01,1.577708147999325572e+00
1.556765036126831481e+00,1.537830459970329855e+00,2.095947104731469945e+00,7.952482162127111343e-01,2.123688177717824921e+00,-3.240107591195029446e-03,2.414973627120861721e+00,4.427028618426567114e-02,1.212418581960137631e+00,1.769294379580313159e-01,1.361904183611542418e+00,1.767033859985209343e+00,9.388547734173100512e-01,1.012122842265106515e+00,4.034766430215870614e-02,5.011969077858212662e-01,-7.240576011861391548e-01,1.035110712506243313e+00,-8.013864118478353227e-01,7.501904990181186283e-01,1.578380818096420946e+00,8.540300029134362259e-01,-7.066874430095525933e-03,-5.790966779261313979e-01,2.777056664152574017e-01,-2.950904090158351090e-01,1.548890707046390203e+00,-1.593600110790956537e+00,1.564318685282097832e+00,1.590363773069937148e+00,-4.387939701863385542e-03,3.184336852572047238e+00,-5.412915793393253683e-01,3.167217105604301697e+00,-1.805900467579632240e-01,1.541940187651007710e+00
1.560056563009864616e+00,1.548015194824956753e+00,2.105882525477059453e+00,8.007613837094980092e-01,2.122042062018936193e+00,-7.044290638662253218e-03,2.399960356510799198e+00,1.857559100404759800e-02,1.230349681348376523e+00,2.075575754915917337e-01,1.356019614980537025e+00,1.790762977206990181e+00,9.767981687822717696e-01,9.822339148961656274e-01,1.401984906737480802e-02,4.868428829446898032e-01,-7.071968325826976098e-01,1.035880640613351167e+00,-8.171513745790203176e-01,7.439339315056515689e-01,1.570535794900043358e+00,8.323706885541649614e-01,-9.391466448963053590e-03,-5.367211453511111507e-01,2.029172150332473612e-01,-2.735966434867377894e-01,1.565784994081540482e+00,-1.597353564273807480e+00,1.561191121685517880e+00,1.565614088152514238e+00,-1.048813255461046069e-02,3.204320980310306322e+00,-5.672739594477813618e-01,3.193676455335429765e+00,-1.892558325902985727e-01,1.521314885225368396e+00
1.570808305548933914e+00,1.560459039206442799e+00,2.128423803445943285e+00,8.075836726631083762e-01,2.139591133633903297e+00,-3.736991716311897915e-02,2.410533308063133706e+00,3.664324128825075660e-02,1.252574185445970212e+00,2.098405676986566382e-01,1.324645006672996894e+00,1.840431887329953442e+00,9.989292020106117498e-01,9.510290043080169564e-01,2.332277232866689781e-02,5.116552425066289711e-01,-7.066543458136572697e-01,1.051916510341090794e+00,-8.137371796865442430e-01,7.899843896809111143e-01,1.570162429474690535e+00,8.202189680011510164e-01,-2.665048137212096269e-02,-5.305804170424881505e-01,1.787058165656784936e-01,-2.514517638562842605e-01,1.609696479112220135e+00,-1.575801892181535768e+00,1.576988055922269982e+00,1.558564642620707152e+00,1.540245774871131824e-02,3.189074487931672142e+00,-5.705179494445540289e-01,3.219697201385252505e+00,-1.822695516297678509e-01,1.530734037998099817e+00
1.593568316337738100e+00,1.590850241857551861e+00,2.109818334623840830e+00,8.538278702616115545e-01,2.190847578609028456e+00,-3.600450716395358491e-02,2.410002588113973498e+00,6.856240207333891279e-02,1.261537947448637897e+00,2.440410377851826018e-01,1.339510592261248023e+00,1.802916499263291117e+00,9.691002358773567193e-01,9.559339240524770132e-01,2.955107785121266484e-02,5.347103424706812769e-01,-7.003333003570541004e-01,1.080996907511779570e+00,-8.151466332006591653e-01,8.170111997683670024e-01,1.570645070180592295e+00,8.598857838225016925e-01,-3.666235540434210904e-02,-5.364878750750022851e-01,1.503529269796062551e-01,-2.679831285145647390e-01,1.645938091608113663e+00,-1.563668154257281895e+00,1.580291041178427225e+00,1.556846090697435070e+00,1.939471584086464515e-02,3.182568568711842794e+00,-5.805699988725262495e-01,3.215738883531007453e+00,-1.638928608297451073e-01,1.541300367459749188e+00
1.603851190989987074e+00,1.606433990563024494e+00,2.088908490365233295e+00,8.565229131723594014e-01,2.226198570575648628e+00,-2.167120368122324447e-02,2.400704359971099322e+00,5.955499963486586557e-02,1.243817953010740940e+00,2.698360632940273174e-01,1.347474444079562517e+00,1.801450999227328875e+00,9.826420829340529739e-01,9.550070167704659552e-01,9.153389306921774077e-03,5.385563148329702843e-01,-6.607294017369476080e-01,1.069883468682497174e+00,-7.646119784710666556e-01,8.046462918231340744e-01,1.573143245788576339e+00,8.458496310760623693e-01,-4.225410528020426965e-02,-5.267625088768385089e-01,1.178401994032168970e-01,-2.365331030369185461e-01,1.621099958775033656e+00,-1.565617834624161375e+00,1.576471177532260848e+00,1.554337949290373277e+00,5.370951123878354300e-03,3.177968287670087211e+00,-5.916807479026269245e-01,3.203481043747548274e+00,-1.795420749971534113e-01,1.523432086906622462e+00
1.567578426619165688e+00,1.599028881584400930e+00,2.109895714066398309e+00,8.322589919720554397e-01,2.244116174947531128e+00,-3.584125004930863168e-02,2.434161353893133928e+00,8.660942763743263717e-02,1.229714111133126897e+00,2.525997282910026898e-01,1.309742853490000414e+00,1.823878829936086188e+00,1.023572497308635754e+00,9.196925771853619036e-01,3.271455755395380471e-02,5.873085689243110474e-01,-6.532939332952657496e-01,1.057587614686612332e+00,-7.074164789519832297e-01,7.906831570645838081e-01,1.578747394080189936e+00,8.280617991362964059e-01,-5.148634507698034851e-02,-5.649579580299571857e-01,1.226593656192793702e-01,-2.277933150111698946e-01,1.590767743618036967e+00,-1.556698037790304356e+00,1.592975908356413672e+00,1.563778769327233586e+00,-1.902566208049013066e-02,3.157414860145470570e+00,-5.779931511049054560e-01,3.212125415024519981e+00,-1.709161642535432235e-01,1.518032097740910302e+00
1.572903875952426089e+00,1.589430310661971602e+00,2.107806481463469161e+00,8.237684616683758065e-01,2.247433852577453983e+00,-1.021818219502173067e-02,2.425048266447778822e+00,1.159056956053612641e-01,1.243837334480217161e+00,2.649320760882199477e-01,1.320959454319454496e+00,1.777527870550189348e+00,9.952153166596647837e-01,8.956791864767305045e-01,-3.949337602449899676e-03,5.809070499073948346e-01,-6.596733092059812176e-01,1.060456584663898472e+00,-7.587819135711932894e-01,7.897338867429091191e-01,1.562796395872249722e+00,8.620305309397761073e-01,-5.729768692938518038e-02,-5.644666206445050349e-01,8.284019475969747748e-02,-2.507214901862088174e-01,1.571292684112473026e+00,-1.554984912014881315e+00,1.598727086433043620e+00,1.563417379399420160e+00,-3.565980984453608060e-02,3.165713364002863628e+00,-6.090042656240520769e-01,3.205235028237726880e+00,-1.399180049996397723e-01,1.530271031538601889e+00
1.558521467115066894e+00,1.577485577447165443e+00,2.132920531523731622e+00,8.114209112646718625e-01,2.263773509978123322e+00,-2.928172597338627239e-02,2.428921780216481974e+00,9.893009009541138543e-02,1.250329148113154876e+00,3.027577696618893310e-01,1.331020649763243080e+00,1.758625622183087600e+00,9.927063973383198903e-01,9.082804485017975660e-01,1.199681944202867639e-02,5.806715806027925586e-01,-6.502029140692530129e-01,1.022027088083441226e+00,-8.385989961226787415e-01,7.963657787968272395e-01,1.558426901639756057e+00,8.739925211819441486e-01,-1.943800220910480575e-02,-5.996019838268296098e-01,6.072751946273657886e-02,-2.029095828075274666e-01,1.585445835023030492e+00,-1.540041844291809348e+00,1.614085006305327585e+00,1.586528014960481459e+00,-1.591183429069487412e-02,3.213272692339725012e+00,-6.060419482281237391e-01,3.219932353953285364e+00,-1.348355260908256359e-01,1.570448500201022002e+00
1.585725527847880789e+00,1.580008969264938834e+00,2.156550821250725392e+00,7.771033253805678109e-01,2.206300688058063120e+00,-2.680239684695008562e-02,2.427333048844672270e+00,1.191378362329063578e-01,1.258527996987183428e+00,2.376722294605064789e-01,1.261616262536467081e+00,1.776873855769744992e+00,1.017141283513520289e+00,8.407227134793253676e-01,-2.521948757987731160e-02,5.623863301871953047e-01,-6.571427181785508553e-01,1.007636068641107885e+00,-7.943630356662414460e-01,7.979855969111808722e-01,1.528911358388853392e+00,8.317452487877634582e-01,-5.550849370746820804e-02,-5.766960052799359193e-01,3.703256725498017821e-02,-1.964431376446874322e-01,1.565560188296270194e+00,-1.566658880592701752e+00,1.560677942948454522e+00,1.570780416871847107e+00,-6.401937743190451793e-03,3.186430258441251162e+00,-6.434104755714613599e-01,3.223540292700701748e+00,-1.039081423652035430e-01,1.573538086997470886e+00
1.540223680698727282e+00,1.582971745237663042e+00,2.145617090941448701e+00,8.269083729434406616e-01,2.261263229048542822e+00,-7.458249507819803004e-02,2.478411044900042270e+00,1.022513477747535315e-01,1.248227715099637924e+00,2.684760751181576865e-01,1.261569797648051550e+00,1.757016722219307603e+00,1.015453219870140256e+00,8.753884300661092244e-01,4.373915191468631669e-04,6.029546425174626689e-01,-6.493679502784381885e-01,1.012070446365119780e+00,-7.874005984020985283e-01,7.499473381295835850e-01,1.577151907646943796e+00,8.437151863526637374e-01,-7.062904401194169957e-03,-6.380210280576246173e-01,7.684863203929412356e-02,-2.044610549426749413e-01,1.584464592095364388e+00,-1.550232020342096950e+00,1.572130690560650690e+00,1.650852058268416300e+00,1.121554970122601129e-02,3.247943825456744094e+00,-6.086615679844571414e-01,3.280752272946299009e+00,-6.397944237216415808e-02,1.607229851585221692e+00
1.603950773266442642e+00,1.563894400100103832e+00,2.124936535629680101e+00,8.675487541809444592e-01,2.223110071721729586e+00,-6.297255654651182089e-02,2.411825479247862170e+00,1.007098709941913195e-01,1.258145226174374187e+00,3.019019030816065818e-01,1.290326639342255000e+00,1.740157517042780544e+00,1.000532945621426473e+00,8.505029206665940533e-01,-7.795695626625388786e-02,5.239535324069712896e-01,-6.094947187992305615e-01,1.019397970204727333e+00,-7.997392429165027794e-01,7.420784243594156226e-01,1.540655690760513119e+00,8.608205128955472851e-01,-5.274180212572902871e-02,-5.832567522777645230e-01,1.132398041470646100e-02,-1.431420423365459549e-01,1.528300936289235468e+00,-1.607247571803209762e+00,1.501735647039436516e+00,1.598056560709755880e+00,-4.739934119025248499e-02,3.214200401319839973e+00,-6.541040574333414348e-01,3.218122528805680727e+00,-5.311275195593734288e-02,1.581085421442421035e+00
1.554017693736222006e+00,1.550958770900668693e+00,2.131126661784972676e+00,8.593457264738408874e-01,2.246686817060682184e+00,-9.914274489495608633e-02,2.491452651100740212e+00,1.371354242584541805e-01,1.240384883644824576e+00,2.818956468410436789e-01,1.278263880474766578e+00,1.805998241634038992e+00,1.076074987232062075e+00,8.871383469053826243e-01,-1.429766139117165380e-02,5.745589528214982700e-01,-6.186580610792423718e-01,1.037131348665406350e+00,-7.758661104727129221e-01,7.900976460845353655e-01,1.572545499048078721e+00,8.039762753325736533e-01,-1.953303839149263255e-02,-6.587330651986216257e-01,8.313520349105202323e-02,-1.131449231426495394e-01,1.581925850192110072e+00,-1.576585394911280691e+00,1.565685198037832349e+00,1.618807475110845218e+00,-1.497052324209190155e-02,3.254920281702923912e+00,-5.691068884462021638e-01,3.289980346383051479e+00,-5.301478802284814718e-02,1.619555366838882682e+00
1.593053735150989914e+00,1.531252590603376706e+00,2.102600917961825466e+00,9.033812345118245046e-01,2.219276388022683566e+00,-4.829931769814404391e-02,2.479159081040984258e+00,1.804842476416147479e-01,1.259189968111426250e+00,2.688394990939484419e-01,1.277011051151497600e+00,1.765008779808677764e+00,1.035362865777370800e+00,8.797124976530766860e-01,-8.844160414593572883e-02,5.240261652431458250e-01,-6.357185192344593228e-01,1.086563786492255934e+00,-7.655009412744355757e-01,8.010683287259928731e-01,1.529652600516396177e+00,8.558203039398091239e-01,-5.900809581232381584e-02,-6.226753343272496410e-01,6.320047107873402736e-02,-1.497485240649509552e-01,1.552319177182707621e+00,-1.598555569067404036e+00,1.552502068440845040e+00,1.554837819501627472e+00,-4.681206209844792493e-02,3.223432570214667336e+00,-5.953156140944084740e-01,3.273205395364465087e+00,-3.163714861491974395e-02,1.591662130372019979e+00
1.596793556846906048e+00,1.546033309574639025e+00,2.112546688013194007e+00,9.144151769499770932e-01,2.253239902317347720e+00,-1.518386442051667534e-02,2.477735736391115662e+00,1.319247433856819141e-01,1.218114025492199826e+00,2.981312735112102708e-01,1.320105872201746466e+00,1.762305764516971074e+00,1.023364663142918518e+00,9.313941772488836257e-01,-1.019842882880724055e-01,4.876021923217206955e-01,-5.908194355202484038e-01,1.079223672652207089e+00,-8.004203649046979230e-01,7.899667044101024160e-01,1.540709678759634382e+00,8.632330287042111472e-01,-3.801468531320719574e-02,-6.465482608025880928e-01,6.179587990611828952e-02,-7.344618281507979407e-02,1.566045645480519832e+00,-1.595414925520860949e+00,1.584124350011348215e+00,1.571654419871662434e+00,-3.389818346621796541e-02,3.227322188717435480e+00,-5.753621042282835996e-01,3.284240437039158245e+00,-8.375049709332130221e-02,1.580115221307189621e+00
1.587255407678614505e+00,1.580456753420139249e+00,2.148517400478213712e+00,8.690331352368714235e-01,2.226095421531891549e+00,-1.339101264140875845e-02,2.501804746967720039e+00,1.304447422492265585e-01,1.172745988926181759e+00,2.702513347205500183e-01,1.307538130194581649e+00,1.784660840616038913e+00,1.066641773098820467e+00,9.164235604387753753e-01,-8.849465616295923431e-02,4.790113052154877371e-01,-6.223418924444878986e-01,1.133555903658702624e+00,-7.751459342678473918e-01,7.878313819767254200e-01,1.546425383645362972e+00,8.181539134696380611e-01,-6.256239311902009326e-02,-6.965330311071507019e-01,7.113572041286128633e-02,-9.433660816131526905e-02,1.586783248997727824e+00,-1.580520188167945816e+00,1.599268637574049912e+00,1.609131069620148846e+00,-3.088677448152946786e-03,3.181146581942441376e+00,-5.231703497946856851e-01,3.297052600892738550e+00,-5.979977886404205106e-02,1.571083793628983205e+00
1.596142549115669107e+00,1.588750645988534327e+00,2.148558191227488479e+00,8.367947579121485235e-01,2.221019785001686841e+00,2.298424651541815938e-02,2.504031282134098646e+00,1.262134852589673062e-01,1.161981474446798002e+00,2.326185227837050118e-01,1.297909386723395286e+00,1.725490405070001287e+00,1.045054099673276449e+00,9.284495328546286119e-01,-1.591504448366838909e-01,4.456769226850123000e-01,-6.540946275800909593e-01,1.160604042694691307e+00,-7.575517226165436879e-01,7.971185589524036885e-01,1.533793769651547789e+00,8.615166934360563022e-01,-5.997218283158173291e-02,-6.665130039123737804e-01,5.308257814374534728e-02,-9.665113490756140069e-02,1.583999478772028846e+00,-1.586574073490668368e+00,1.573196190231051617e+00,1.602595785067724599e+00,-7.169034453359959293e-03,3.154811046690444432e+00,-5.492635557251464018e-01,3.262129417357369388e+00,-5.618190170486406232e-02,1.542797102339461546e+00
1.553857558090744329e+00,1.571679543335769313e+00,2.139773402731353080e+00,8.038746953024025199e-01,2.234503050515628253e+00,-7.200982005453170770e-03,2.544929392105135246e+00,1.352443206273093723e-01,1.135822211362922607e+00,2.499480324886829696e-01,1.347763043193074495e+00,1.707189275571171283e+00,1.035515872970601103e+00,9.651380066195629492e-01,-1.490209953010884769e-01,4.741561072955139400e-01,-6.678916191522927814e-01,1.136339659271726310e+00,-8.026256076325861688e-01,7.781259685084817024e-01,1.563681416250646272e+00,8.873953945799685217e-01,-1.359145790248970920e-02,-7.128505516533744091e-01,7.889662081171378016e-02,-3.186212016041369000e-02,1.615522000613184739e+00,-1.567022128182196550e+00,1.596297886226741625e+00,1.606532785754850146e+00,1.672582149952690604e-03,3.160304835566377868e+00,-5.399652820430321798e-01,3.263704895441205345e+00,-6.115329589338916461e-02,1.539883922542774730e+00
1.581040808236985118e+00,1.562590490121432474e+00,2.145858720798818453e+00,7.825595207059297120e-01,2.175351447040660524e+00,-2.196758340790507663e-02,2.532681269534923452e+00,1.632094776732410102e-01,1.115769296797218146e+00,2.378835588960880876e-01,1.362596498188923810e+00,1.736928335636190868e+00,1.078058725542172303e+00,9.265761204939266804e-01,-1.710972010847922331e-01,4.634192378192629747e-01,-6.898306485502757601e-01,1.165456811091436506e+00,-8.115883739696699850e-01,7.754161397348059426e-01,1.545171756861384083e+00,8.751851652298738848e-01,-1.336827148301577076e-02,-7.244617838253655240e-01,4.724189554368220939e-02,-5.497729064685877992e-03,1.604405087336319147e+00,-1.578703584109793834e+00,1.573380039896742133e+00,1.568154521343822827e+00,-4.923416470349534398e-03,3.110936335199345759e+00,-5.691528790607900401e-01,3.229834195695818089e+00,-3.524429367901810162e-02,1.528483212819179426e+00
1.562461853753523977e+00,1.566422291026090097e+00,2.120966172597104293e+00,8.216959035718998106e-01,2.189297703480570956e+00,-6.614729055995669654e-03,2.551555507285732105e+00,1.083587870905133033e-01,1.122092945714532775e+00,1.771145957455146913e-01,1.343048723383609699e+00,1.759452029515655935e+00,1.082820691880529651e+00,9.600324104100068645e-01,-1.750182446219757937e-01,4.858882033333842276e-01,-6.783713672651432436e-01,1.209145302621434270e+00,-7.819221500727956409e-01,8.119244572634828350e-01,1.570194418157002003e+00,8.839113102897402374e-01,4.789217920976097942e-02,-7.359766763187860494e-01,4.395251133469030291e-02,2.442011910060708571e-02,1.616261576568196467e+00,-1.558399349562849645e+00,1.575942458916541389e+00,1.590921364379231040e+00,1.341185407478297231e-02,3.141296396141306069e+00,-5.912320940801565339e-01,3.238240617993517478e+00,-3.140621084950549757e-03,1.548738257759340708e+00
1.550867878279409862e+00,1.550033991262227184e+00,2.121931041120808104e+00,8.818097097759584058e-01,2.161932467884080999e+00,7.168368392548210566e-03,2.543794635032870399e+00,1.004513468522374442e-01,1.128845912821336173e+00,1.893218752629719781e-01,1.390471907948473085e+00,1.798567069625730541e+00,1.041934135688493690e+00,9.503162143205162726e-01,-1.683653371202812332e-01,4.964271939508246856e-01,-6.679572096274601911e-01,1.242858403937952660e+00,-7.860211738508077195e-01,7.941090509792149144e-01,1.559216476527822470e+00,9.161139416870759389e-01,4.974330611612020475e-02,-7.547151931801420188e-01,2.674619621505162220e-02,3.841051922627565507e-02,1.594944393627808932e+00,-1.568224549843681981e+00,1.558553015471662917e+00,1.582094428147720055e+00,3.896128808820445086e-03,3.120518598121071907e+00,-5.991158525856893347e-01,3.222347900609159765e+00,1.056785178892718884e-02,1.549871774454872231e+00
1.551715125245276328e+00,1.564312219630782153e+00,2.116340769377068831e+00,8.736931114793597963e-01,2.141534431730058863e+00,5.707382249114358042e-03,2.547420047612719340e+00,1.153344040334542547e-01,1.097103560648462484e+00,1.865378869826370134e-01,1.429335315020420438e+00,1.872129152786835782e+00,1.060436745825125815e+00,9.554948424089845238e-01,-1.646959985753481959e-01,5.169126699880617348e-01,-6.634390408143078233e-01,1.241508679980134255e+00,-7.805753774711401416e-01,7.529535194092576988e-01,1.565805240662432096e+00,9.163795275468127333e-01,3.564503671046757860e-02,-7.664601012786725898e-01,8.650105586815243913e-03,5.730303085486395526e-02,1.586644927375322034e+00,-1.577498266672195726e+00,1.559137338091485692e+00,1.579172711031014309e+00,-1.309449665861145938e-02,3.082975331126108554e+00,-6.116217607286562608e-01,3.215580414599083170e+00,7.456781997050680733e-04,1.550215694238984643e+00
1.552397540275184840e+00,1.571837475835403453e+00,2.083492600779587978e+00,8.353741178539751955e-01,2.161838312803929352e+00,1.352045152743973355e-02,2.561472187776892451e+00,1.157127046851241098e-01,1.114240439518225934e+00,1.274087694480241506e-01,1.408137507426941548e+00,1.859393623508196924e+00,1.044003581196110586e+00,9.969773177232665873e-01,-1.596468946889019469e-01,5.372397461230715709e-01,-6.858122202138305923e-01,1.259023191543235942e+00,-7.493043182534572244e-01,7.772081528803921335e-01,1.593108338740316432e+00,9.333970172765923001e-01,4.685947906801093965e-02,-7.803276879095496499e-01,3.761499310248541013e-03,6.444659628749793701e-02,1.575235359141873737e+00,-1.564363832760850892e+00,1.587200559474832851e+00,1.605084447888863064e+00,-9.929392230850972445e-03,3.115286444705124502e+00,-6.188769678281839104e-01,3.229663585480089250e+00,-5.376918610913050678e-03,1.563948329210988364e+00
1.588668672593826159e+00,1.605003717378762351e+00,2.037501237467291837e+00,7.998018708556668965e-01,2.147028178290720568e+00,1.115727149817722502e-02,2.542849412813356302e+00,1.078227384009788903e-01,1.086287027734318622e+00,1.388322419806183594e-01,1.429962736008528301e+00,1.825850480398504949e+00,1.023519210439086446e+00,9.897171302017123695e-01,-1.642735547675482077e-01,5.235543593462940182e-01,-6.948016175676483552e-01,1.244920873296632813e+00,-7.781133693394085560e-01,7.888884449890192219e-01,1.572516720490552133e+00,9.895110196992998874e-01,2.431791866219870993e-02,-7.867966512181941985e-01,-3.307607092172139274e-02,6.544457234412312530e-02,1.545221962738880128e+00,-1.575866728700491270e+00,1.578055371831532661e+00,1.574361938378594283e+00,-2.465072251757999440e-03,3.093730949501725114e+00,-6.309580680420138199e-01,3.216012834632012485e+00,-2.625111860091219537e-02,1.571549323131563369e+00
1.580994965001859764e+00,1.609218320769902677e+00,2.048604005684180329e+00,7.261334642722859778e-01,2.151164078815332559e+00,9.386153447560214094e-03,2.562564720310887889e+00,1.210393773948829910e-01,1.064192949209932904e+00,1.605264317538309671e-01,1.439394435432267194e+00,1.876413769078454363e+00,1.074399698005673143e+00,1.005051065792547327e+00,-1.641549659167605424e-01,5.589574993795896063e-01,-7.318794397342078817e-01,1.245808791195049503e+00,-8.089738529386680810e-01,8.063749168175839976e-01,1.577012596200759953e+00,9.622621089574863174e-01,1.774945966744320702e-02,-7.980483301842911104e-01,-2.811794814867785847e-02,3.940239643065704400e-02,1.545350368926930562e+00,-1.561673063643131742e+00,1.585191017005576297e+00,1.556304549471801080e+00,1.447568224522762306e-02,3.118220549378385886e+00,-6.329219615804548837e-01,3.229868768306795257e+00,-2.062112686793510577e-02,1.591773184653888285e+00
1.572884969992240478e+00,1.594280917191668756e+00,2.069950305423555292e+00,7.396793553693292722e-01,2.146835636676582837e+00,5.701504832704637482e-03,2.582071300754209542e+00,8.253079399310375708e-02,1.073044298176386135e+00,1.369777842942842827e-01,1.410362932692154736e+00,1.901433777306293926e+00,1.060460734382273618e+00,1.015253361164515811e+00,-1.625917366736007175e-01,5.934854631513907242e-01,-7.359154135099148508e-01,1.240112591133428310e+00,-7.981233372529842329e-01,8.080663693625483868e-01,1.583396173221165215e+00,9.929775549167279003e-01,1.437917050186471833e-02,-8.059186474100434872e-01,-3.681381789432061624e-02,5.398286340446477316e-02,1.555316219642015163e+00,-1.554407052016959279e+00,1.582991672239891567e+00,1.534022897798656526e+00,2.208994027825609413e-02,3.136757693623282606e+00,-6.324350512872918273e-01,3.239303120059061403e+00,-4.534394404936009648e-02,1.609225527457784910e+00
1.581061707249443726e+00,1.553805693135905885e+00,2.054315854933929320e+00,8.034350984431765097e-01,2.134385419276163542e+00,-7.415721288605075720e-04,2.549471382511471873e+00,5.152412399139443683e-02,1.086491330674194788e+00,1.552671025823987028e-01,1.402560458074372685e+00,1.911333301403174367e+00,1.030666811285549045e+00,1.011523470819982951e+00,-1.722064485079299323e-01,5.735733580662170095e-01,-7.441933885450827679e-01,1.273871452562367335e+00,-7.801592158532274501e-01,7.731607124119453944e-01,1.585092559491226405e+00,1.026212796184853726e+00,-3.386579534930903024e-02,-7.899292430827545841e-01,-9.947938854089340144e-02,2.050610469482350151e-02,1.524625511223647312e+00,-1.573843923111316156e+00,1.553784400811217159e+00,1.499062724944448144e+00,-7.745845710720365707e-03,3.125963363887295454e+00,-6.462568958228128713e-01,3.188042832678319893e+00,-3.669981176893764852e-02,1.587076825052451401e+00
1.549170247437869685e+00,1.525693494481954238e+00,2.020398660069531172e+00,8.292451253895517516e-01,2.139865486061588662e+00,-7.409214859958383921e-03,2.605044913228975023e+00,-1.542693418050626597e-03,1.095197185923826977e+00,1.810421842072433563e-01,1.425148194151039105e+00,1.947875632531860690e+00,1.050378819824759447e+00,1.030058004626547508e+00,-1.508395938946912318e-01,6.294105555349608361e-01,-7.240779647425603649e-01,1.271669099054943963e+00,-7.636106876922037490e-01,7.513910594534973786e-01,1.635032971826360093e+00,1.005136786760123968e+00,-3.128635224160570411e-02,-8.189587979417075614e-01,-8.737644522710213968e-02,5.163704382063188242e-03,1.564464438313061923e+00,-1.556920413538883219e+00,1.592020728164558419e+00,1.560832830861862863e+00,4.466015776769379983e-03,3.161220836299139414e+00,-6.401802466461196106e-01,3.196474176650646815e+00,-3.888890841722440761e-02,1.592557029039018746e+00
1.566930605213889161e+00,1.590092909130488952e+00,1.987049480098067811e+00,7.990709520838696900e-01,2.118252608943348658e+00,6.566718997643336032e-03,2.603503879293902035e+00,-6.701609734362755366e-03,1.086636256194882355e+00,1.441493658458207761e-01,1.400304149849428637e+00,1.965996615420194882e+00,1.059049532655298442e+00,1.005716998220363534e+00,-1.699855055093275613e-01,6.204699878922765865e-01,-7.530481146357691502e-01,1.253388962171181342e+00,-7.630706378354810138e-01,8.043742356781776737e-01,1.610666279845475612e+00,9.884742458817222799e-01,-5.023161338342449489e-02,-7.980087068360123270e-01,-1.153138013877249290e-01,-2.445657883683743233e-02,1.542468892576268624e+00,-1.592623370929546756e+00,1.551286328162267303e+00,1.551637547902992242e+00,-2.125147736101929558e-02,3.167513664693554443e+00,-6.665155006335120591e-01,3.164494979779069794e+00,-4.739961329033370863e-02,1.565874359683291361e+00
1.571323297760532256e+00,1.606496208023266314e+00,1.973183502635267317e+00,7.688622809637738476e-01,2.134498245151723594e+00,-8.132148293735982220e-03,2.620766909996414817e+00,2.570471567499509752e-02,1.112035177803309516e+00,1.636167939559229623e-01,1.435527313924087611e+00,1.947084389492598433e+00,1.033627729589590594e+00,1.019516709830811108e+00,-1.400647803933122160e-01,6.272614701086954847e-01,-8.035669835677828887e-01,1.225504952236684320e+00,-7.739497578555726287e-01,8.115031978386294531e-01,1.611306941429810680e+00,1.008282048380215956e+00,-3.005492374697056254e-02,-8.249597947978479784e-01,-9.534838880468057831e-02,-2.504412346978162479e-02,1.563485065139851748e+00,-1.592461814482988069e+00,1.559323436305533717e+00,1.561382038229919500e+00,-1.462731393169634103e-03,3.207746110759404523e+00,-6.491468484176232678e-01,3.129449772574083077e+00,-7.776835702805974526e-02,1.571212829913405828e+00
1.598369943371653834e+00,1.539579063964824801e+00,2.000830043379387746e+00,7.548574361776434483e-01,2.135460973660101125e+00,-1.258949429093287123e-02,2.629053017419757055e+00,9.704127574822231372e-03,1.139783818564072293e+00,1.682688688702982660e-01,1.462371105901851376e+00,1.948520914601553411e+00,1.028761119228583709e+00,9.995146373194015998e-01,-1.402142663274808243e-01,6.268857849626287004e-01,-8.187644920635709367e-01,1.198584390677125411e+00,-8.086641681775798007e-01,8.137250961037971742e-01,1.586905758340500405e+00,1.016997188669172658e+00,-3.484455749744973935e-02,-8.083812037072705126e-01,-7.224582398520962290e-02,4.030593096176277729e-03,1.570882978353565829e+00,-1.588720937443502290e+00,1.556283422487817480e+00,1.558593030011144576e+00,3.044093061816529125e-02,3.226164060061061711e+00,-6.597589669058784301e-01,3.107159654881096245e+00,-1.112529101828831635e-01,1.563635822111860474e+00
1.615349436878165346e+00,1.486502992070502405e+00,2.020021491421913673e+00,7.426133285924060301e-01,2.121629894128312266e+00,-3.947211016903519332e-02,2.636922953109393397e+00,-4.354649258054833078e-02,1.140060161904697056e+00,1.146285276079719584e-01,1.415495066085483700e+00,1.950160214505041623e+00,1.034152934927190071e+00,9.630229281233096961e-01,-1.384318483285596479e-01,6.063438506179832377e-01,-8.243446349909802073e-01,1.204445426770300198e+00,-7.868565674568384072e-01,8.261216704382859932e-01,1.580002605698531459e+00,1.025094735960792036e+00,-7.190988878089678293e-02,-8.035684946753332003e-01,-5.492702707231978537e-02,-4.429731763103834929e-02,1.571652916876745243e+00,-1.584095326003957194e+00,1.541306958787028281e+00,1.563284293525272206e+00,2.688040242319980969e-02,3.218677912137531738e+00,-6.687712999154349358e-01,3.113878985288907053e+00,-9.640781971215277302e-02,1.573354433381127127e+00
1.604951134913687794e+00,1.537089450393514856e+00,2.029470581357143644e+00,7.487200881356848026e-01,2.162515299756175846e+00,-5.807388000983566834e-02,2.632751038852110703e+00,-8.828254366031584865e-02,1.124011309059364860e+00,1.261657576206683395e-01,1.436178509738522235e+00,1.952937481989470037e+00,1.043173742506406931e+00,9.850797365737615774e-01,-1.304354212244584199e-01,5.845116574460339498e-01,-8.347469168432791742e-01,1.211421842302843332e+00,-7.750956793304512038e-01,7.678562437888184489e-01,1.574580016083542588e+00,1.018077763304489958e+00,-5.220014377219955870e-02,-7.982205061008869063e-01,-4.834317933792808830e-02,-1.000063170956745906e-01,1.568394673777098181e+00,-1.605499763985829276e+00,1.523017491555095804e+00,1.583466269640664059e+00,1.734967878961451299e-02,3.263264876289909910e+00,-6.670281826747200826e-01,3.118664657850593436e+00,-6.741910651979141078e-02,1.585077483920088071e+00
1.621434362475365765e+00,1.565672664393334523e+00,2.020458896793215331e+00,7.639449271563905075e-01,2.185513175522063811e+00,-5.681504921278431042e-02,2.637165392476533476e+00,-1.198744329589143537e-01,1.104333089242232724e+00,1.569180868511665106e-01,1.449512388399700979e+00,1.948492027551720129e+00,1.038034494694292764e+00,9.745098095228729163e-01,-1.459766905787515667e-01,5.760337056537816469e-01,-8.324772859531370806e-01,1.159466083195223041e+00,-7.877359864926301025e-01,7.528529250696538444e-01,1.549729082886632359e+00,1.026348262710141457e+00,-6.696878751177991196e-02,-7.770822090117508463e-01,-4.656666912990384266e-02,-5.345641973196279401e-02,1.568328370924582771e+00,-1.600929278960332880e+00,1.536235527116421196e+00,1.591525396050017527e+00,1.330059297816289440e-02,3.257234155339461257e+00,-6.730056098282689581e-01,3.117633065715416318e+00,-9.282757626333185130e-02,1.579421049211946482e+00
1.601521177537285734e+00,1.599099345499923386e+00,1.989520995108822632e+00,7.763615684661326899e-01,2.191179218996481382e+00,-4.911170406304330577e-02,2.665812706895651196e+00,-7.172420129719533910e-02,1.151245638309431163e+00,1.487139959166814407e-01,1.399798119233892857e+00,1.934594567795430375e+00,1.054548239399495602e+00,9.472772380161682548e-01,-1.311809850613653572e-01,6.057498360888781130e-01,-8.969387596303128873e-01,1.159688899143329399e+00,-7.930350614355125005e-01,7.814084728454517847e-01,1.530943372159432103e+00,1.044004088686734555e+00,-7.231178505155534675e-02,-7.928025428761155124e-01,-3.923347382019418128e-02,-6.374350456730910885e-02,1.567057196301152144e+00,-1.590602527132933375e+00,1.571704843391952711e+00,1.607555288065873889e+00,-5.185385534953238645e-03,3.218459984957597886e+00,-6.595127337430477521e-01,3.113528654976856380e+00,-7.738756839953575550e-02,1.575476007540130396e+00
1.605653847515687849e+00,1.581999735234914439e+00,1.992239297912872908e+00,7.572630665116786286e-01,2.224062728655275656e+00,-1.774905505385982601e-02,2.641866673294428924e+00,-8.756643384622993243e-02,1.174180624873035539e+00,1.398334185401208518e-01,1.363762248829177848e+00,1.967182781080554443e+00,1.089177075128315630e+00,9.250690852160333710e-01,-1.302189624387890265e-01,6.002794852753566834e-01,-8.934142510662373970e-01,1.162124875497068999e+00,-8.271801475398804504e-01,7.882481867380328744e-01,1.521791156078512008e+00,1.017266514529690857e+00,-5.968868308686733209e-02,-7.989346926467447707e-01,-8.235915199189652869e-02,-7.653665471798340447e-02,1.564401056097188825e+00,-1.589495683271541004e+00,1.583127746025018379e+00,1.601405141326534887e+00,-4.155529742430701112e-02,3.196480607399874163e+00,-6.504596640490972748e-01,3.063999781500269304e+00,-8.158422591804619095e-02,1.567927130784658729e+00
1.575921500905764550e+00,1.560480932727912551e+00,1.994261634877950051e+00,7.662882353140161307e-01,2.259817544210232398e+00,2.809743866546737801e-02,2.652527919971426673e+00,-1.776477065705839853e-01,1.161842344430424667e+00,2.004331077210225187e-01,1.373278179120409837e+00,1.954464809985630769e+00,1.064759353737017911e+00,9.107545902649030189e-01,-1.415551463921574660e-01,6.250350675523566046e-01,-8.389076631492674574e-01,1.129998749067866903e+00,-8.355807882532340081e-01,7.559087250954690251e-01,1.541226853221504545e+00,1.067212448685106896e+00,-3.338402472765200635e-02,-7.958141071852024018e-01,-7.589203945541493634e-02,-6.926275275678857313e-02,1.560210493389764475e+00,-1.559414655157691509e+00,1.605921672748358286e+00,1.600759907520862502e+00,-4.725848423108731239e-02,3.194138309370965434e+00,-6.678184288789437151e-01,3.062584022105499848e+00,-1.065224873934170341e-01,1.574537379933734549e+00
1.547253785011041716e+00,1.568911488413132549e+00,2.020049790317178129e+00,7.875346628191989273e-01,2.265766450907530150e+00,4.817972215261388802e-03,2.660370176543549903e+00,-1.593548063890575794e-01,1.143152515952419401e+00,1.957708013348589127e-01,1.347942302506696777e+00,1.972989759789957720e+00,1.058431805542387361e+00,8.571316129944678286e-01,-1.301144851179405204e-01,6.234936627164721079e-01,-8.778697906019885533e-01,1.156696249571267598e+00,-7.845271271233550392e-01,7.805579805016791273e-01,1.551257802774245187e+00,1.075688758805092515e+00,-4.537889142638129591e-02,-8.111329506297800807e-01,-8.394111301630277633e-02,-1.616597434992716464e-01,1.547893366470170173e+00,-1.544034619828768662e+00,1.596514889712782104e+00,1.575671372237197110e+00,-3.491690415536703729e-02,3.143240590013302249e+00,-6.615180670464012591e-01,3.047291310545769960e+00,-7.061979995807468602e-02,1.567620279493897373e+00
1.566172428062086563e+00,1.568252814732383760e+00,2.009706652872312649e+00,7.569712112245418068e-01,2.309358715457507927e+00,-1.951941302332264525e-02,2.659898055754682744e+00,-1.708969754897133875e-01,1.175244315311845922e+00,2.141838284407810433e-01,1.340722908786072809e+00,1.991359933122100578e+00,1.082264593055161539e+00,8.485555052310196356e-01,-1.220346479170037468e-01,6.162208828210880007e-01,-8.860320771343530577e-01,1.152239208189435260e+00,-7.650605335441967858e-01,7.912827363878643938e-01,1.571141952310743273e+00,1.053641851840102728e+00,-5.272732237533828137e-03,-8.095300208212462545e-01,-9.029794974452619305e-02,-1.459297852800218176e-01,1.565757236281744236e+00,-1.542196544301358774e+00,1.577228237311142589e+00,1.573160748304408108e+00,9.824257005443565172e-03,3.125609037628106712e+00,-6.642518195895421584e-01,3.030794558800019356e+00,-1.158477317275093399e-01,1.566087102068840053e+00
1.592514390942588731e+00,1.575793748243256243e+00,1.973294308692308041e+00,7.637726623674130355e-01,2.347510036308761094e+00,-1.597430889094625037e-02,2.668813647033822622e+00,-1.765862493133921463e-01,1.194242466589939600e+00,2.530882812554912098e-01,1.393376207354901197e+00,1.974819355468773407e+00,1.058149178379436561e+00,8.415070314414365704e-01,-1.527062344753138956e-01,6.118557328918853289e-01,-8.973095543364145721e-01,1.129465301545671707e+00,-7.726230480920658339e-01,7.993504072862500642e-01,1.573318350524905984e+00,1.060196198043515725e+00,3.319591834583385248e-02,-7.731956382952297480e-01,-9.493343853638157304e-02,-1.073782846755222120e-01,1.567495175061591084e+00,-1.564371203369452346e+00,1.537149239893326413e+00,1.548320266767305498e+00,1.940433175650166375e-02,3.116313261932333045e+00,-6.948047234462108035e-01,3.027364936516593996e+00,-1.553244567067139648e-01,1.563086470815507223e+00
1.572835437957434745e+00,1.565243026848981867e+00,1.957897066611468784e+00,7.794525668879416225e-01,2.322089013862760343e+00,-4.010034580604202037e-02,2.708492368139879591e+00,-1.513092239020076835e-01,1.162894695154617741e+00,2.052755441272007819e-01,1.359727341341981699e+00,1.980637809529642190e+00,1.031095513889439319e+00,8.013808160188554686e-01,-1.076934427870158001e-01,6.449176977642756547e-01,-9.585236847896055901e-01,1.160534508065799164e+00,-7.583689386062438809e-01,8.242169947146694708e-01,1.603727612031916383e+00,1.066570263957470788e+00,2.151190302496317278e-02,-8.108191086143131665e-01,-6.628512984886202053e-02,-1.505371977419791008e-01,1.585478201556859590e+00,-1.555502932317513354e+00,1.546920425734934046e+00,1.558053811536623368e+00,4.596819551340095011e-02,3.103154134600921488e+00,-6.803701598370974768e-01,3.055601665445711212e+00,-1.349088986755107300e-01,1.582695961486941805e+00
1.591653176360865229e+00,1.541266023675567531e+00,1.947696813869887356e+00,7.533213118875590197e-01,2.318088568060433285e+00,-1.299532582650308327e-02,2.673163893924908940e+00,-1.988836502287629482e-01,1.129743067293337511e+00,1.903361871328820010e-01,1.353164690032301998e+00,2.016441036356941385e+00,1.058987991447614130e+00,7.904318704441812837e-01,-1.190932144885823163e-01,6.130729021984293592e-01,-9.429898590708678530e-01,1.165577125353008503e+00,-7.556356661161169885e-01,8.178273488562438631e-01,1.604795817257785417e+00,1.020380658493708514e+00,2.628637112049014846e-02,-7.792612605743807208e-01,-1.261711293582803706e-01,-1.361686078799903832e-01,1.554200100672463725e+00,-1.583817566435993918e+00,1.529428857699052680e+00,1.547580259719789408e+00,1.786125715717156240e-02,3.118321407686818869e+00,-7.030935227225532103e-01,3.027831309071783661e+00,-1.533498736917291438e-01,1.581367423664147731e+00
1.575562885162192339e+00,1.536166393885216808e+00,1.948280209601244595e+00,7.578825667637449914e-01,2.339164700157526422e+00,-1.174256173607189646e-02,2.692923726524510730e+00,-2.333625380305913155e-01,1.146878292898435125e+00,2.257633624549015561e-01,1.417747716796797786e+00,1.997172734275100003e+00,1.023451972746546312e+00,8.152790817326655004e-01,-9.154619407169989342e-02,6.444455400813318136e-01,-9.380404107942019731e-01,1.203560861043476926e+00,-7.941149510786607024e-01,7.580534643997154376e-01,1.630057004165859746e+00,1.047021386276626886e+00,6.641130841340350810e-02,-7.936138361532242280e-01,-1.386665057506493992e-01,-1.275851882712557284e-01,1.548914983959369218e+00,-1.584295590311099788e+00,1.563475163369016041e+00,1.553289446098842452e+00,5.612553265967270069e-03,3.174906482945687447e+00,-6.837876485780127744e-01,3.038307828752646600e+00,-1.676868084588541141e-01,1.590519187127629852e+00
1.600263412343337910e+00,1.553313248461818841e+00,1.985107949050779697e+00,7.667861128067772203e-01,2.294963870459016064e+00,-1.343802858110838307e-02,2.707090440434136713e+00,-2.035258838335946840e-01,1.111110581531938646e+00,1.679800184541206942e-01,1.385656620086013646e+00,2.003377650213294281e+00,9.940748712350842009e-01,7.632948159924494158e-01,-9.800416829151786802e-02,6.833232787158898258e-01,-9.767450724391502082e-01,1.217739464291722751e+00,-7.883934830984157260e-01,7.835132662654195057e-01,1.610798948148911336e+00,1.059847289052482600e+00,5.676256179597258256e-03,-7.752153375553121339e-01,-1.458731777299663024e-01,-1.484698701717590275e-01,1.551827756262499358e+00,-1.597294542672561324e+00,1.564506043922927025e+00,1.522424939726169768e+00,6.264202232971090301e-05,3.139818134615461442e+00,-6.904245503895245495e-01,3.042491780684625891e+00,-1.535551245484319538e-01,1.587817719328227239e+00
1.596650070875703875e+00,1.574554558120341285e+00,1.991932810547981436e+00,7.546072620337119785e-01,2.333914598092895698e+00,-5.793019401566963655e-03,2.698537021826440174e+00,-2.141475415819731887e-01,1.103339647375949140e+00,1.424096289320549991e-01,1.375838060183104172e+00,2.021936254216866846e+00,1.017111927433455687e+00,7.975981522366142329e-01,-8.123992798009702088e-02,6.892165104442975476e-01,-9.817959472338685378e-01,1.221014390764121993e+00,-7.995516412308875109e-01,7.917149059987699244e-01,1.617872835865338477e+00,1.023290984111962620e+00,7.759775210720463653e-03,-7.785915121746336265e-01,-1.594084206721907149e-01,-1.204835391967959135e-01,1.571940636597495944e+00,-1.590704074881341690e+00,1.578945962141609982e+00,1.543176343417483221e+00,3.828286950686764310e-03,3.159988136548308901e+00,-6.847594793994523643e-01,3.034746035484764626e+00,-1.781185121848669617e-01,1.586070833971246818e+00
1.582917229019050964e+00,1.590017423250475348e+00,1.937664753029618936e+00,7.425967332272788157e-01,2.369298368254272980e+00,2.223958533851688388e-03,2.682949834594382743e+00,-2.370355999619172260e-01,1.138358103247916864e+00,1.712238817240558097e-01,1.409490756874824502e+00,1.992419526160166265e+00,1.029256536678141432e+00,8.087093332665084011e-01,-6.649268436336129573e-02,6.897362538538432952e-01,-9.683900321290656033e-01,1.247925672283808129e+00,-8.351088757738150958e-01,7.766636206801770248e-01,1.580035184619387412e+00,1.013034856679664975e+00,1.110042594640531580e-02,-7.588314072924031706e-01,-1.798646554039825263e-01,-1.007832440392915779e-01,1.571667611305624712e+00,-1.584975662190724721e+00,1.566872499443363376e+00,1.554215790196660896e+00,-2.674977529897535396e-03,3.164366246690203610e+00,-6.895215084107263470e-01,3.004807139726324294e+00,-1.943657318764526187e-01,1.571403539162055996e+00
