1.006690000000000085e+00,9.853899999999999881e-01,9.937200000000000477e-01,9.976399999999999713e-01,1.001519999999999966e+00,9.990299999999999736e-01,9.921400000000000219e-01,9.893499999999999517e-01,9.979000000000000092e-01,9.943600000000000216e-01,9.964199999999999724e-01,1.003749999999999920e+00,1.009470000000000089e+00,1.010270000000000001e+00,1.007800000000000029e+00,9.869499999999999940e-01,9.943600000000000216e-01,9.936399999999999677e-01,9.905399999999999761e-01,9.885000000000000453e-01,9.888400000000000523e-01,9.909400000000000430e-01,1.007530000000000037e+00,1.009069999999999911e+00,1.004839999999999955e+00,9.961600000000000454e-01,9.940400000000000347e-01,9.954899999999999860e-01
1.014160000000000172e+00,9.706500000000000128e-01,9.875900000000000789e-01,9.960299999999999709e-01,1.003870000000000040e+00,9.970499999999999918e-01,9.836599999999999788e-01,9.781299999999999439e-01,9.958799999999999875e-01,9.886200000000000543e-01,9.928899999999999393e-01,1.007749999999999924e+00,1.019440000000000124e+00,1.021600000000000064e+00,1.015640000000000098e+00,9.730299999999999505e-01,9.889499999999999957e-01,9.869599999999999485e-01,9.810200000000000031e-01,9.766799999999999926e-01,9.768000000000000016e-01,9.812600000000000211e-01,1.014769999999999950e+00,1.018419999999999881e+00,1.010149999999999881e+00,9.927600000000000868e-01,9.887400000000000633e-01,9.912900000000000045e-01
1.022720000000000073e+00,9.549800000000000511e-01,9.812900000000001066e-01,9.939999999999999947e-01,1.006429999999999936e+00,9.956500000000000350e-01,9.752299999999999303e-01,9.668899999999999162e-01,9.943100000000000271e-01,9.822400000000000020e-01,9.893999999999999462e-01,1.011839999999999851e+00,1.029670000000000085e+00,1.032360000000000166e+00,1.023840000000000083e+00,9.591799999999999216e-01,9.826899999999999524e-01,9.796300000000000008e-01,9.705799999999999983e-01,9.641499999999999515e-01,9.652699999999999614e-01,9.712500000000000577e-01,1.022480000000000055e+00,1.028989999999999849e+00,1.015129999999999866e+00,9.886700000000000488e-01,9.827000000000000179e-01,9.872199999999999864e-01
1.032040000000000068e+00,9.385400000000000409e-01,9.749000000000000998e-01,9.921499999999999764e-01,1.008589999999999876e+00,9.934600000000000097e-01,9.657399999999999318e-01,9.552299999999999125e-01,9.934600000000000097e-01,9.764599999999999946e-01,9.857099999999999751e-01,1.016419999999999879e+00,1.040540000000000020e+00,1.042630000000000168e+00,1.031820000000000181e+00,9.437099999999999378e-01,9.756299999999999972e-01,9.716399999999999482e-01,9.589199999999999946e-01,9.514699999999999269e-01,9.528200000000000003e-01,9.610100000000000309e-01,1.029889999999999972e+00,1.039259999999999851e+00,1.020419999999999883e+00,9.847800000000000997e-01,9.767000000000000126e-01,9.838700000000000223e-01
1.042710000000000026e+00,9.220700000000000562e-01,9.684000000000001496e-01,9.907599999999999740e-01,1.010259999999999936e+00,9.909400000000000430e-01,9.552999999999999270e-01,9.432399999999998563e-01,9.930299999999999683e-01,9.696500000000000119e-01,9.823600000000000110e-01,1.020209999999999839e+00,1.051400000000000112e+00,1.053290000000000060e+00,1.039030000000000120e+00,9.278199999999999781e-01,9.687599999999999545e-01,9.630699999999999816e-01,9.474899999999999434e-01,9.375299999999999745e-01,9.406400000000000317e-01,9.498699999999999921e-01,1.037069999999999936e+00,1.050029999999999797e+00,1.026559999999999917e+00,9.813500000000000556e-01,9.716599999999999682e-01,9.808600000000000652e-01
1.053530000000000078e+00,9.053200000000000136e-01,9.627700000000001257e-01,9.896699999999999386e-01,1.011989999999999945e+00,9.885700000000000598e-01,9.446399999999999242e-01,9.308699999999998642e-01,9.924100000000000144e-01,9.632399999999999851e-01,9.786000000000000254e-01,1.024469999999999770e+00,1.061080000000000023e+00,1.063579999999999970e+00,1.046230000000000215e+00,9.113999999999999879e-01,9.611999999999999433e-01,9.546099999999999586e-01,9.361899999999999666e-01,9.241599999999999815e-01,9.278899999999999926e-01,9.377499999999999725e-01,1.045069999999999943e+00,1.061189999999999856e+00,1.032279999999999864e+00,9.780300000000000660e-01,9.658099999999999463e-01,9.780000000000000915e-01
1.065600000000000103e+00,8.880000000000000115e-01,9.559700000000000975e-01,9.887899999999999467e-01,1.014599999999999946e+00,9.858200000000000296e-01,9.332399999999999585e-01,9.171099999999998698e-01,9.927599999999999758e-01,9.566599999999999548e-01,9.742100000000000204e-01,1.029269999999999685e+00,1.071830000000000060e+00,1.073520000000000030e+00,1.052750000000000297e+00,8.949899999999999523e-01,9.536199999999999122e-01,9.453699999999999326e-01,9.243000000000000105e-01,9.100300000000000056e-01,9.136199999999999877e-01,9.252500000000000169e-01,1.053099999999999925e+00,1.072059999999999791e+00,1.037969999999999837e+00,9.749100000000000543e-01,9.608699999999998909e-01,9.766000000000001346e-01
1.077900000000000080e+00,8.710400000000000365e-01,9.494200000000000417e-01,9.880899999999999128e-01,1.016449999999999854e+00,9.824200000000000710e-01,9.208399999999999919e-01,9.035799999999998278e-01,9.939299999999999802e-01,9.503399999999999626e-01,9.710199999999999942e-01,1.033099999999999685e+00,1.082750000000000101e+00,1.083990000000000009e+00,1.058510000000000284e+00,8.773900000000000032e-01,9.455999999999998851e-01,9.353999999999998982e-01,9.115699999999999914e-01,8.945400000000000018e-01,8.993799999999999573e-01,9.121500000000000163e-01,1.060779999999999834e+00,1.083319999999999839e+00,1.044119999999999937e+00,9.715800000000001102e-01,9.559699999999998754e-01,9.758100000000001772e-01
1.091930000000000067e+00,8.530600000000000405e-01,9.434500000000000108e-01,9.876299999999998969e-01,1.019909999999999872e+00,9.782400000000001095e-01,9.078600000000000003e-01,8.890299999999998759e-01,9.948399999999999466e-01,9.436399999999999233e-01,9.675200000000000466e-01,1.038049999999999695e+00,1.093200000000000172e+00,1.093839999999999923e+00,1.064020000000000188e+00,8.601300000000000612e-01,9.359599999999999032e-01,9.248199999999998644e-01,8.986999999999999433e-01,8.793100000000000360e-01,8.850500000000000034e-01,8.979099999999999859e-01,1.068669999999999787e+00,1.095389999999999864e+00,1.049359999999999848e+00,9.690200000000001035e-01,9.508099999999998220e-01,9.754500000000001503e-01
1.106140000000000123e+00,8.346700000000000230e-01,9.373700000000000365e-01,9.871199999999998864e-01,1.021609999999999907e+00,9.736500000000001265e-01,8.944199999999999928e-01,8.746999999999999220e-01,9.956599999999999895e-01,9.373299999999998855e-01,9.642400000000000970e-01,1.042009999999999659e+00,1.104260000000000241e+00,1.103259999999999907e+00,1.068730000000000180e+00,8.422600000000000087e-01,9.267499999999998517e-01,9.140799999999998926e-01,8.857099999999999973e-01,8.646300000000000097e-01,8.707200000000000495e-01,8.834400000000000031e-01,1.075769999999999893e+00,1.107139999999999791e+00,1.054339999999999833e+00,9.655300000000001104e-01,9.468299999999998384e-01,9.754500000000001503e-01
1.121430000000000149e+00,8.164600000000000746e-01,9.310500000000000442e-01,9.870999999999998664e-01,1.023809999999999887e+00,9.689000000000000945e-01,8.813900000000000068e-01,8.607699999999999241e-01,9.975399999999999823e-01,9.307099999999999262e-01,9.600100000000001410e-01,1.046519999999999673e+00,1.114220000000000210e+00,1.112089999999999801e+00,1.072450000000000125e+00,8.234700000000000353e-01,9.164599999999998303e-01,9.026199999999998669e-01,8.715500000000000469e-01,8.497200000000000308e-01,8.561199999999999921e-01,8.685300000000000242e-01,1.084029999999999827e+00,1.118919999999999693e+00,1.060269999999999824e+00,9.622500000000001608e-01,9.427899999999997949e-01,9.760800000000001697e-01
1.136470000000000091e+00,7.971500000000000252e-01,9.258100000000000218e-01,9.884899999999998688e-01,1.026169999999999805e+00,9.640400000000001191e-01,8.662600000000000300e-01,8.460299999999999487e-01,1.000210000000000043e+00,9.243799999999999795e-01,9.564400000000001789e-01,1.050459999999999727e+00,1.124510000000000121e+00,1.121809999999999752e+00,1.075910000000000144e+00,8.051700000000000523e-01,9.048599999999997756e-01,8.909799999999998832e-01,8.576900000000000635e-01,8.334200000000000497e-01,8.411199999999999788e-01,8.531600000000000295e-01,1.090929999999999733e+00,1.130219999999999780e+00,1.066989999999999883e+00,9.587800000000001877e-01,9.392199999999998328e-01,9.776000000000001355e-01
1.153200000000000003e+00,7.785800000000000498e-01,9.205600000000000449e-01,9.898799999999998711e-01,1.027779999999999916e+00,9.573300000000001253e-01,8.509100000000000552e-01,8.315899999999999403e-01,1.003670000000000062e+00,9.177400000000000002e-01,9.530500000000001748e-01,1.053839999999999666e+00,1.135490000000000110e+00,1.129249999999999643e+00,1.078290000000000193e+00,7.862700000000000244e-01,8.939599999999997548e-01,8.780799999999998606e-01,8.448900000000000299e-01,8.174200000000000355e-01,8.258699999999999930e-01,8.363500000000000378e-01,1.097749999999999782e+00,1.142439999999999678e+00,1.072459999999999969e+00,9.556300000000002015e-01,9.354799999999998672e-01,9.805000000000001492e-01
1.169869999999999965e+00,7.595000000000000639e-01,9.147700000000000831e-01,9.909699999999999065e-01,1.030119999999999925e+00,9.511800000000001365e-01,8.352500000000000480e-01,8.171999999999999265e-01,1.007009999999999961e+00,9.114100000000000534e-01,9.497300000000001852e-01,1.057919999999999749e+00,1.145190000000000152e+00,1.136249999999999538e+00,1.080920000000000103e+00,7.676700000000000745e-01,8.822899999999997966e-01,8.646399999999998531e-01,8.313900000000000734e-01,8.017500000000000737e-01,8.101599999999999913e-01,8.201800000000000201e-01,1.104839999999999822e+00,1.153479999999999617e+00,1.078160000000000007e+00,9.523900000000001809e-01,9.316599999999998216e-01,9.837700000000001443e-01
1.187689999999999912e+00,7.408900000000000485e-01,9.108600000000001140e-01,9.913099999999999135e-01,1.031150000000000011e+00,9.431000000000001604e-01,8.197100000000000497e-01,8.021499999999999186e-01,1.011409999999999920e+00,9.044100000000000472e-01,9.465800000000001990e-01,1.062389999999999723e+00,1.154660000000000242e+00,1.143749999999999600e+00,1.081750000000000211e+00,7.479400000000000492e-01,8.685999999999998167e-01,8.507499999999998952e-01,8.180800000000000294e-01,7.855000000000000870e-01,7.941399999999999570e-01,8.032700000000000395e-01,1.110949999999999882e+00,1.165089999999999515e+00,1.082780000000000076e+00,9.487600000000001588e-01,9.284699999999997955e-01,9.875500000000001499e-01
1.205609999999999848e+00,7.222200000000000841e-01,9.059400000000000786e-01,9.927099999999998703e-01,1.031700000000000061e+00,9.342700000000001559e-01,8.030800000000000161e-01,7.870799999999998908e-01,1.015749999999999931e+00,8.982900000000000329e-01,9.424800000000002065e-01,1.066179999999999684e+00,1.163220000000000143e+00,1.150739999999999652e+00,1.081200000000000161e+00,7.288800000000000834e-01,8.553499999999998327e-01,8.359099999999999309e-01,8.050800000000000178e-01,7.686600000000001209e-01,7.788199999999999568e-01,7.854000000000000981e-01,1.116649999999999920e+00,1.176409999999999512e+00,1.087130000000000152e+00,9.450800000000001422e-01,9.263599999999998502e-01,9.915200000000001790e-01
1.224379999999999802e+00,7.036500000000001087e-01,9.015500000000000735e-01,9.951699999999998880e-01,1.031889999999999974e+00,9.259700000000001818e-01,7.868699999999999584e-01,7.718599999999998795e-01,1.020829999999999904e+00,8.918599999999999861e-01,9.388700000000002044e-01,1.070309999999999651e+00,1.172300000000000120e+00,1.156119999999999592e+00,1.080710000000000059e+00,7.087200000000001276e-01,8.418299999999998562e-01,8.206199999999999051e-01,7.912200000000000344e-01,7.530900000000001482e-01,7.615499999999999492e-01,7.669700000000001516e-01,1.122669999999999835e+00,1.187949999999999617e+00,1.092320000000000180e+00,9.407500000000001972e-01,9.241699999999998250e-01,9.966600000000002124e-01
1.242389999999999883e+00,6.852300000000001168e-01,8.980600000000000804e-01,9.974299999999999278e-01,1.031420000000000003e+00,9.174000000000002153e-01,7.691000000000000059e-01,7.575099999999999056e-01,1.026499999999999968e+00,8.859200000000000408e-01,9.353500000000002368e-01,1.074039999999999662e+00,1.180780000000000163e+00,1.161929999999999685e+00,1.079870000000000108e+00,6.888900000000001134e-01,8.281299999999998107e-01,8.052299999999998903e-01,7.777200000000000779e-01,7.374200000000001864e-01,7.453499999999999570e-01,7.489600000000001812e-01,1.127509999999999790e+00,1.200799999999999645e+00,1.097360000000000113e+00,9.366600000000001591e-01,9.229399999999998716e-01,1.001290000000000235e+00
1.261489999999999778e+00,6.675600000000001533e-01,8.937100000000001154e-01,9.994399999999998840e-01,1.031200000000000117e+00,9.074700000000002209e-01,7.524999999999999467e-01,7.426699999999999413e-01,1.031959999999999988e+00,8.799799999999999844e-01,9.324400000000002686e-01,1.077419999999999600e+00,1.188420000000000254e+00,1.166719999999999757e+00,1.078740000000000032e+00,6.691600000000000881e-01,8.136999999999998678e-01,7.894699999999998941e-01,7.635100000000001330e-01,7.208200000000002383e-01,7.290499999999999758e-01,7.303000000000001712e-01,1.132469999999999866e+00,1.212509999999999533e+00,1.101370000000000182e+00,9.322000000000001396e-01,9.211299999999998933e-01,1.007520000000000193e+00
1.280289999999999706e+00,6.498300000000001297e-01,8.897400000000000864e-01,1.001639999999999864e+00,1.030810000000000226e+00,8.987400000000002054e-01,7.357599999999999696e-01,7.273499999999999410e-01,1.038720000000000088e+00,8.734999999999999432e-01,9.284500000000002196e-01,1.080339999999999634e+00,1.196540000000000159e+00,1.170459999999999834e+00,1.077180000000000026e+00,6.507600000000001161e-01,7.987299999999998290e-01,7.737199999999998523e-01,7.502300000000001745e-01,7.050700000000001966e-01,7.127000000000000002e-01,7.105300000000002170e-01,1.137099999999999778e+00,1.224309999999999565e+00,1.105200000000000182e+00,9.277600000000001401e-01,9.203199999999999159e-01,1.013800000000000257e+00
1.297489999999999810e+00,6.338200000000001610e-01,8.878100000000000991e-01,1.002759999999999874e+00,1.030050000000000132e+00,8.881900000000002571e-01,7.182100000000000151e-01,7.139799999999999480e-01,1.045340000000000158e+00,8.671599999999999309e-01,9.242600000000001925e-01,1.083699999999999664e+00,1.203590000000000160e+00,1.173779999999999824e+00,1.073860000000000037e+00,6.323400000000001242e-01,7.830899999999998418e-01,7.581099999999998396e-01,7.366900000000001780e-01,6.897100000000001563e-01,6.964900000000000535e-01,6.903000000000002467e-01,1.142519999999999758e+00,1.235779999999999657e+00,1.108830000000000204e+00,9.231300000000001171e-01,9.197699999999998655e-01,1.020430000000000170e+00
1.315159999999999885e+00,6.169000000000001149e-01,8.855500000000000593e-01,1.006039999999999823e+00,1.027790000000000203e+00,8.759500000000002284e-01,7.012100000000000000e-01,7.005299999999999860e-01,1.052210000000000090e+00,8.606199999999999406e-01,9.205300000000001814e-01,1.085339999999999749e+00,1.210150000000000059e+00,1.177269999999999817e+00,1.069290000000000074e+00,6.142800000000001592e-01,7.692799999999998528e-01,7.425399999999998668e-01,7.232600000000002360e-01,6.736300000000001731e-01,6.805900000000000283e-01,6.694500000000002116e-01,1.147099999999999786e+00,1.247409999999999686e+00,1.111940000000000150e+00,9.191300000000001136e-01,9.189399999999998681e-01,1.027930000000000232e+00
1.332719999999999905e+00,6.006200000000001538e-01,8.834400000000000031e-01,1.008239999999999803e+00,1.025830000000000242e+00,8.646100000000002117e-01,6.854500000000000037e-01,6.875099999999999545e-01,1.058769999999999989e+00,8.549399999999999222e-01,9.175300000000001788e-01,1.088519999999999710e+00,1.217629999999999990e+00,1.180109999999999770e+00,1.066130000000000022e+00,5.963800000000001322e-01,7.538099999999998690e-01,7.266399999999998416e-01,7.108900000000002439e-01,6.578700000000001769e-01,6.651000000000000245e-01,6.488700000000001689e-01,1.150699999999999834e+00,1.257439999999999669e+00,1.115950000000000220e+00,9.150900000000000700e-01,9.184499999999998776e-01,1.035990000000000189e+00
1.349149999999999849e+00,5.851800000000001445e-01,8.815199999999999703e-01,1.010729999999999906e+00,1.023580000000000156e+00,8.528000000000002245e-01,6.698800000000000310e-01,6.750699999999999479e-01,1.065830000000000055e+00,8.516599999999999726e-01,9.148200000000001886e-01,1.091899999999999649e+00,1.223260000000000014e+00,1.182309999999999750e+00,1.060740000000000016e+00,5.803200000000001690e-01,7.391099999999998227e-01,7.111999999999998323e-01,6.976200000000002399e-01,6.429900000000001725e-01,6.501500000000000057e-01,6.283500000000001862e-01,1.155079999999999885e+00,1.266219999999999679e+00,1.117970000000000130e+00,9.110600000000000920e-01,9.178799999999999182e-01,1.043960000000000221e+00
1.365369999999999751e+00,5.699200000000000932e-01,8.807300000000000129e-01,1.011859999999999982e+00,1.020150000000000112e+00,8.411200000000002008e-01,6.550900000000000611e-01,6.636299999999999422e-01,1.071949999999999958e+00,8.473300000000000276e-01,9.127300000000001523e-01,1.094619999999999704e+00,1.228220000000000089e+00,1.184029999999999694e+00,1.055490000000000039e+00,5.634200000000001429e-01,7.236799999999998789e-01,6.953799999999998871e-01,6.854800000000002003e-01,6.278200000000001557e-01,6.351999999999999869e-01,6.081800000000001649e-01,1.159969999999999946e+00,1.276549999999999629e+00,1.119170000000000220e+00,9.070100000000000939e-01,9.175199999999998912e-01,1.052500000000000213e+00
1.381209999999999827e+00,5.547000000000000819e-01,8.790200000000000236e-01,1.013460000000000027e+00,1.016250000000000098e+00,8.287400000000002542e-01,6.411900000000000377e-01,6.542399999999999327e-01,1.077809999999999935e+00,8.428499999999999881e-01,9.108700000000001795e-01,1.098149999999999737e+00,1.233600000000000030e+00,1.185609999999999609e+00,1.050629999999999953e+00,5.468900000000000983e-01,7.092599999999998905e-01,6.792599999999998639e-01,6.734200000000002406e-01,6.145100000000001117e-01,6.199599999999999556e-01,5.867200000000001303e-01,1.165289999999999937e+00,1.286039999999999628e+00,1.121140000000000247e+00,9.032900000000001484e-01,9.175399999999999112e-01,1.059850000000000181e+00
1.397489999999999899e+00,5.414900000000000269e-01,8.780000000000000027e-01,1.015859999999999985e+00,1.011759999999999993e+00,8.169800000000002616e-01,6.268299999999999983e-01,6.442999999999999838e-01,1.082629999999999981e+00,8.377999999999999892e-01,9.085700000000002108e-01,1.100789999999999713e+00,1.238099999999999978e+00,1.186319999999999597e+00,1.044799999999999951e+00,5.317000000000000615e-01,6.946099999999998387e-01,6.631999999999999007e-01,6.620900000000002894e-01,6.020400000000001306e-01,6.064100000000000046e-01,5.657300000000001772e-01,1.169409999999999838e+00,1.295509999999999717e+00,1.123330000000000162e+00,8.996400000000001063e-01,9.174699999999998967e-01,1.067950000000000177e+00
1.412299999999999889e+00,5.289300000000000113e-01,8.763600000000000279e-01,1.017679999999999918e+00,1.007079999999999975e+00,8.057200000000002138e-01,6.129099999999999548e-01,6.348000000000000309e-01,1.089089999999999892e+00,8.335200000000000387e-01,9.064500000000002000e-01,1.103359999999999674e+00,1.241940000000000044e+00,1.187599999999999545e+00,1.040279999999999871e+00,5.175000000000000711e-01,6.806699999999998862e-01,6.469499999999999140e-01,6.509900000000002906e-01,5.893700000000001715e-01,5.932600000000000096e-01,5.453900000000001524e-01,1.172589999999999799e+00,1.305299999999999683e+00,1.125680000000000236e+00,8.949500000000001343e-01,9.165999999999998593e-01,1.075390000000000068e+00
1.427689999999999904e+00,5.172200000000000131e-01,8.749799999999999800e-01,1.019009999999999971e+00,1.002929999999999877e+00,7.945300000000001805e-01,5.986799999999999899e-01,6.259799999999999809e-01,1.094809999999999839e+00,8.291100000000000136e-01,9.046500000000001762e-01,1.105869999999999687e+00,1.248150000000000093e+00,1.188769999999999438e+00,1.034849999999999826e+00,5.042500000000000870e-01,6.663999999999998813e-01,6.309199999999999253e-01,6.400900000000002699e-01,5.774800000000002154e-01,5.815799999999999859e-01,5.245900000000001118e-01,1.176759999999999806e+00,1.314349999999999685e+00,1.128000000000000336e+00,8.906200000000001893e-01,9.160099999999998799e-01,1.082629999999999981e+00
1.441369999999999818e+00,5.066399999999999793e-01,8.731499999999999817e-01,1.018619999999999859e+00,9.985999999999999321e-01,7.833200000000001273e-01,5.869999999999999662e-01,6.171699999999999964e-01,1.100229999999999819e+00,8.253500000000000281e-01,9.032500000000002194e-01,1.108309999999999684e+00,1.252890000000000059e+00,1.189409999999999412e+00,1.029389999999999805e+00,4.906700000000001061e-01,6.522599999999998399e-01,6.158099999999999685e-01,6.300800000000003065e-01,5.651700000000001722e-01,5.700999999999999401e-01,5.045000000000000595e-01,1.180629999999999846e+00,1.321859999999999591e+00,1.128690000000000415e+00,8.880500000000002281e-01,9.162699999999999179e-01,1.089920000000000000e+00
1.454589999999999828e+00,4.951399999999999690e-01,8.727899999999999547e-01,1.019029999999999880e+00,9.943799999999999306e-01,7.721400000000001596e-01,5.747299999999999631e-01,6.102699999999999791e-01,1.105859999999999843e+00,8.210600000000000120e-01,9.015700000000002046e-01,1.110649999999999693e+00,1.257100000000000106e+00,1.190109999999999335e+00,1.024259999999999726e+00,4.788300000000000889e-01,6.389999999999997904e-01,6.009399999999999187e-01,6.201800000000002866e-01,5.542100000000002025e-01,5.593299999999998828e-01,4.852400000000000602e-01,1.185009999999999897e+00,1.329939999999999678e+00,1.130260000000000487e+00,8.843000000000001970e-01,9.159799999999999054e-01,1.097580000000000000e+00
1.465499999999999803e+00,4.845499999999999807e-01,8.726999999999999202e-01,1.017969999999999819e+00,9.895399999999999752e-01,7.616700000000001802e-01,5.633799999999999919e-01,6.053899999999999837e-01,1.111299999999999955e+00,8.178300000000000569e-01,9.004200000000002202e-01,1.112859999999999738e+00,1.261850000000000138e+00,1.191779999999999395e+00,1.019339999999999691e+00,4.662300000000000888e-01,6.264799999999998148e-01,5.860399999999998943e-01,6.110500000000003151e-01,5.423100000000001808e-01,5.487399999999998945e-01,4.660300000000000553e-01,1.190089999999999870e+00,1.337289999999999646e+00,1.130820000000000380e+00,8.799700000000002520e-01,9.148799999999999155e-01,1.104989999999999917e+00
1.477309999999999901e+00,4.754199999999999537e-01,8.707799999999998875e-01,1.017569999999999864e+00,9.829299999999999704e-01,7.504100000000001325e-01,5.535900000000000265e-01,5.999200000000000088e-01,1.117699999999999916e+00,8.143400000000000638e-01,8.991700000000002468e-01,1.114579999999999682e+00,1.265020000000000033e+00,1.192139999999999311e+00,1.013849999999999696e+00,4.558600000000000985e-01,6.138899999999998247e-01,5.719999999999998419e-01,6.014200000000002877e-01,5.312400000000001565e-01,5.405399999999999094e-01,4.479300000000000503e-01,1.193769999999999776e+00,1.345099999999999740e+00,1.130180000000000407e+00,8.771700000000002273e-01,9.135799999999999477e-01,1.111229999999999940e+00
1.487179999999999946e+00,4.675299999999999456e-01,8.696199999999998376e-01,1.018229999999999968e+00,9.766099999999999781e-01,7.402100000000001456e-01,5.431099999999999817e-01,5.935200000000000475e-01,1.122109999999999941e+00,8.122400000000000730e-01,8.984800000000002784e-01,1.116339999999999666e+00,1.266599999999999948e+00,1.192689999999999362e+00,1.009279999999999733e+00,4.463800000000001100e-01,6.023399999999998755e-01,5.586399999999998034e-01,5.917500000000003313e-01,5.204300000000001702e-01,5.310399999999999565e-01,4.303800000000000403e-01,1.197349999999999692e+00,1.351199999999999735e+00,1.130390000000000450e+00,8.734100000000002417e-01,9.126999999999999558e-01,1.117410000000000014e+00
1.496639999999999970e+00,4.603199999999999514e-01,8.700599999999998335e-01,1.018650000000000055e+00,9.707500000000000018e-01,7.306300000000001127e-01,5.341299999999999937e-01,5.890800000000000480e-01,1.125459999999999905e+00,8.105400000000000382e-01,8.984500000000003039e-01,1.118469999999999631e+00,1.268780000000000019e+00,1.192879999999999274e+00,1.004249999999999643e+00,4.380900000000000905e-01,5.910099999999999243e-01,5.457199999999997608e-01,5.828900000000003523e-01,5.107200000000001738e-01,5.231599999999999584e-01,4.135500000000000287e-01,1.201199999999999601e+00,1.358119999999999772e+00,1.130000000000000560e+00,8.707400000000002915e-01,9.109599999999999920e-01,1.123310000000000031e+00
1.504219999999999891e+00,4.534399999999999542e-01,8.680899999999998062e-01,1.017349999999999977e+00,9.627900000000000347e-01,7.215200000000001612e-01,5.257899999999999796e-01,5.860300000000000509e-01,1.129780000000000006e+00,8.087400000000000144e-01,8.970400000000002816e-01,1.120089999999999586e+00,1.270939999999999959e+00,1.192389999999999173e+00,9.991499999999996495e-01,4.287800000000001055e-01,5.783899999999999597e-01,5.316299999999997139e-01,5.751100000000003432e-01,5.022600000000001508e-01,5.159499999999999087e-01,3.950800000000000423e-01,1.205209999999999670e+00,1.365109999999999824e+00,1.129270000000000662e+00,8.669000000000003370e-01,9.100000000000000311e-01,1.128470000000000084e+00
1.512209999999999832e+00,4.468499999999999694e-01,8.672699999999997633e-01,1.017360000000000042e+00,9.571000000000000618e-01,7.118300000000001848e-01,5.182700000000000085e-01,5.833400000000000807e-01,1.134319999999999995e+00,8.068800000000000416e-01,8.965000000000002967e-01,1.121049999999999658e+00,1.274610000000000021e+00,1.191969999999999086e+00,9.938799999999996526e-01,4.209100000000001174e-01,5.676399999999999224e-01,5.190999999999996728e-01,5.684400000000003894e-01,4.941100000000001602e-01,5.086899999999998645e-01,3.781200000000000672e-01,1.209309999999999663e+00,1.372749999999999915e+00,1.128410000000000579e+00,8.636100000000003218e-01,9.090500000000000247e-01,1.134120000000000017e+00
1.520899999999999919e+00,4.413799999999999946e-01,8.652299999999997215e-01,1.016299999999999981e+00,9.508200000000001095e-01,7.023800000000002264e-01,5.118200000000000527e-01,5.788200000000001122e-01,1.137699999999999934e+00,8.065700000000000092e-01,8.977100000000003410e-01,1.122509999999999675e+00,1.276040000000000063e+00,1.192699999999998983e+00,9.897499999999996856e-01,4.145400000000001306e-01,5.565099999999999492e-01,5.052399999999996894e-01,5.613600000000004142e-01,4.859100000000001751e-01,5.024499999999998412e-01,3.618700000000000805e-01,1.214219999999999633e+00,1.379119999999999902e+00,1.128620000000000623e+00,8.614300000000003621e-01,9.077899999999999858e-01,1.138700000000000045e+00
1.527329999999999854e+00,4.364399999999999946e-01,8.641899999999996806e-01,1.014799999999999924e+00,9.443500000000001338e-01,6.949200000000002042e-01,5.061500000000000998e-01,5.755900000000001571e-01,1.140379999999999949e+00,8.066699999999999982e-01,8.970900000000003871e-01,1.123659999999999659e+00,1.277840000000000087e+00,1.194199999999999040e+00,9.842299999999997162e-01,4.063500000000001000e-01,5.467199999999999838e-01,4.936699999999996646e-01,5.533600000000004071e-01,4.781600000000001960e-01,4.966799999999998438e-01,3.456700000000000883e-01,1.217469999999999608e+00,1.384769999999999834e+00,1.127410000000000689e+00,8.584400000000003139e-01,9.072000000000000064e-01,1.143390000000000128e+00
1.532719999999999860e+00,4.321200000000000041e-01,8.634199999999996322e-01,1.012959999999999861e+00,9.389500000000001734e-01,6.875700000000002365e-01,5.002200000000001090e-01,5.737900000000001333e-01,1.143219999999999903e+00,8.051099999999999923e-01,8.979500000000003590e-01,1.125139999999999585e+00,1.280540000000000012e+00,1.194799999999998974e+00,9.802499999999997327e-01,3.995900000000001118e-01,5.362799999999999789e-01,4.825699999999996659e-01,5.467400000000004479e-01,4.717500000000002247e-01,4.912999999999998479e-01,3.305500000000000660e-01,1.221839999999999593e+00,1.389609999999999790e+00,1.125800000000000800e+00,8.548100000000002918e-01,9.056800000000000406e-01,1.148550000000000182e+00
1.538919999999999844e+00,4.283000000000000140e-01,8.627799999999996583e-01,1.011239999999999917e+00,9.328000000000001846e-01,6.792200000000002680e-01,4.964700000000000779e-01,5.728000000000000869e-01,1.145729999999999915e+00,8.038899999999999935e-01,8.968900000000004091e-01,1.126109999999999500e+00,1.281730000000000036e+00,1.195509999999998962e+00,9.769499999999997630e-01,3.931900000000000950e-01,5.271099999999999675e-01,4.709099999999996622e-01,5.403900000000004811e-01,4.656200000000002004e-01,4.845599999999998242e-01,3.154200000000000892e-01,1.225489999999999524e+00,1.393769999999999731e+00,1.124650000000000816e+00,8.521000000000003016e-01,9.040000000000000258e-01,1.153210000000000068e+00
1.543889999999999763e+00,4.239600000000000035e-01,8.617099999999996429e-01,1.008259999999999934e+00,9.270700000000001717e-01,6.707000000000002959e-01,4.921700000000001074e-01,5.717600000000000460e-01,1.147689999999999877e+00,8.047800000000000509e-01,8.952000000000004398e-01,1.127149999999999430e+00,1.283050000000000024e+00,1.196129999999999027e+00,9.739799999999997349e-01,3.877100000000001101e-01,5.181599999999999540e-01,4.602099999999996749e-01,5.355000000000005311e-01,4.605200000000002070e-01,4.801999999999998492e-01,3.028400000000001091e-01,1.230439999999999534e+00,1.397909999999999764e+00,1.123440000000000882e+00,8.490000000000003100e-01,9.018500000000000405e-01,1.158619999999999983e+00
1.548439999999999817e+00,4.217199999999999838e-01,8.599999999999996536e-01,1.006769999999999943e+00,9.208700000000001884e-01,6.653600000000002845e-01,4.881100000000000994e-01,5.686100000000000598e-01,1.149239999999999817e+00,8.054200000000000248e-01,8.949400000000004018e-01,1.128379999999999495e+00,1.284980000000000011e+00,1.196639999999999038e+00,9.710199999999997722e-01,3.819000000000001283e-01,5.102499999999999813e-01,4.510799999999996479e-01,5.298400000000005328e-01,4.543800000000002282e-01,4.757499999999998397e-01,2.895200000000001106e-01,1.233339999999999437e+00,1.401659999999999684e+00,1.123290000000000788e+00,8.464600000000003233e-01,9.009200000000000541e-01,1.161349999999999882e+00
1.554049999999999709e+00,4.195200000000000040e-01,8.577999999999996739e-01,1.003709999999999880e+00,9.153500000000002190e-01,6.579500000000002569e-01,4.849400000000000932e-01,5.684000000000000163e-01,1.151109999999999856e+00,8.062200000000000477e-01,8.958100000000004393e-01,1.128759999999999541e+00,1.286049999999999915e+00,1.196469999999999034e+00,9.670399999999997886e-01,3.758600000000001384e-01,5.007899999999999574e-01,4.407199999999996676e-01,5.250700000000005918e-01,4.486200000000002408e-01,4.729799999999998450e-01,2.757200000000001316e-01,1.238489999999999425e+00,1.403939999999999744e+00,1.120950000000000779e+00,8.440100000000003710e-01,8.997600000000000042e-01,1.165879999999999805e+00
1.558669999999999778e+00,4.185099999999999931e-01,8.559199999999996811e-01,1.001509999999999900e+00,9.090900000000001757e-01,6.523300000000002985e-01,4.816800000000001081e-01,5.676999999999999824e-01,1.152499999999999858e+00,8.060000000000000497e-01,8.947300000000004694e-01,1.129049999999999443e+00,1.286599999999999966e+00,1.195399999999999130e+00,9.638699999999997825e-01,3.704300000000001480e-01,4.928899999999999393e-01,4.313099999999996381e-01,5.199900000000006184e-01,4.437800000000002298e-01,4.686499999999998445e-01,2.640200000000001435e-01,1.243119999999999337e+00,1.407299999999999773e+00,1.120090000000000696e+00,8.412100000000003464e-01,8.989000000000000323e-01,1.169449999999999878e+00
1.562719999999999665e+00,4.160300000000000109e-01,8.539299999999996338e-01,9.984299999999999287e-01,9.025100000000001454e-01,6.456200000000003048e-01,4.785100000000001019e-01,5.662199999999999456e-01,1.154119999999999813e+00,8.056400000000000228e-01,8.959200000000004938e-01,1.128899999999999348e+00,1.287099999999999911e+00,1.194259999999999211e+00,9.618099999999998317e-01,3.664900000000001490e-01,4.855799999999999561e-01,4.224099999999996191e-01,5.151700000000005719e-01,4.391300000000002424e-01,4.652599999999998404e-01,2.518300000000001648e-01,1.247159999999999380e+00,1.411219999999999697e+00,1.119350000000000733e+00,8.382900000000003127e-01,8.973400000000000265e-01,1.173749999999999849e+00
1.566299999999999581e+00,4.147200000000000331e-01,8.529399999999995874e-01,9.960599999999999454e-01,8.975400000000001155e-01,6.404800000000002713e-01,4.747700000000000808e-01,5.657599999999999296e-01,1.155959999999999877e+00,8.072900000000000631e-01,8.959500000000004682e-01,1.128279999999999283e+00,1.289129999999999887e+00,1.193339999999999179e+00,9.590599999999998015e-01,3.620100000000001650e-01,4.783099999999999574e-01,4.134399999999996411e-01,5.105900000000005434e-01,4.355300000000002503e-01,4.622699999999998477e-01,2.407700000000001783e-01,1.251519999999999300e+00,1.414399999999999658e+00,1.118590000000000639e+00,8.362200000000002964e-01,8.962900000000000311e-01,1.177049999999999930e+00
1.569449999999999568e+00,4.141900000000000581e-01,8.511999999999996236e-01,9.924699999999999633e-01,8.922600000000001641e-01,6.352000000000003199e-01,4.729300000000000725e-01,5.652399999999999647e-01,1.157969999999999944e+00,8.080800000000000205e-01,8.965500000000005132e-01,1.127359999999999252e+00,1.290069999999999828e+00,1.192279999999999118e+00,9.579499999999998572e-01,3.583900000000001529e-01,4.708199999999999608e-01,4.045699999999996521e-01,5.057200000000005025e-01,4.310100000000002263e-01,4.594399999999998485e-01,2.303000000000001712e-01,1.255739999999999412e+00,1.416859999999999564e+00,1.117760000000000531e+00,8.344900000000002871e-01,8.960600000000000787e-01,1.179740000000000011e+00
1.571809999999999485e+00,4.140200000000000546e-01,8.496399999999996178e-01,9.891799999999999482e-01,8.864000000000001878e-01,6.293500000000002981e-01,4.696600000000000774e-01,5.639499999999999513e-01,1.158349999999999991e+00,8.104999999999999982e-01,8.964200000000005497e-01,1.126679999999999238e+00,1.291449999999999765e+00,1.191359999999999086e+00,9.547699999999998965e-01,3.555000000000001492e-01,4.637299999999999756e-01,3.972099999999996744e-01,5.016900000000005244e-01,4.272800000000002152e-01,4.562099999999998379e-01,2.187800000000001688e-01,1.260489999999999444e+00,1.419939999999999536e+00,1.116120000000000445e+00,8.318600000000002659e-01,8.964400000000001256e-01,1.182399999999999896e+00
1.574529999999999541e+00,4.139100000000000557e-01,8.471299999999996055e-01,9.854099999999998971e-01,8.803800000000001624e-01,6.240600000000002812e-01,4.675700000000000967e-01,5.624599999999999600e-01,1.159270000000000023e+00,8.118300000000000516e-01,8.954700000000005433e-01,1.126939999999999165e+00,1.291159999999999863e+00,1.190889999999999116e+00,9.516899999999999249e-01,3.520300000000001761e-01,4.558799999999999519e-01,3.877299999999996860e-01,4.978300000000005499e-01,4.237800000000002121e-01,4.529999999999998472e-01,2.091000000000001746e-01,1.266239999999999366e+00,1.423419999999999463e+00,1.115160000000000373e+00,8.298000000000003151e-01,8.943400000000001349e-01,1.184849999999999959e+00
1.576969999999999539e+00,4.134800000000000697e-01,8.457599999999996232e-01,9.808199999999999141e-01,8.749700000000001365e-01,6.205000000000002736e-01,4.665100000000000913e-01,5.611599999999999921e-01,1.160390000000000033e+00,8.132800000000000029e-01,8.954500000000005233e-01,1.126149999999999096e+00,1.291469999999999896e+00,1.192429999999999213e+00,9.495699999999999141e-01,3.508200000000001872e-01,4.486399999999999277e-01,3.797899999999996834e-01,4.930200000000005689e-01,4.206200000000002159e-01,4.505799999999998695e-01,1.999900000000001676e-01,1.271129999999999427e+00,1.426309999999999523e+00,1.115750000000000464e+00,8.280100000000003568e-01,8.939200000000001589e-01,1.187470000000000026e+00
1.579019999999999646e+00,4.146400000000000641e-01,8.437499999999996669e-01,9.775999999999999135e-01,8.700300000000000811e-01,6.163400000000003320e-01,4.650800000000001044e-01,5.608100000000000307e-01,1.162870000000000070e+00,8.147600000000000398e-01,8.946700000000005204e-01,1.124679999999999014e+00,1.290559999999999929e+00,1.191699999999999315e+00,9.475499999999998924e-01,3.472600000000001796e-01,4.423699999999999299e-01,3.722599999999997022e-01,4.873000000000005660e-01,4.174100000000002253e-01,4.484399999999998943e-01,1.920200000000001628e-01,1.275779999999999470e+00,1.428809999999999469e+00,1.113130000000000397e+00,8.259400000000003406e-01,8.929300000000001125e-01,1.190110000000000001e+00
1.581069999999999753e+00,4.157300000000000439e-01,8.420899999999996721e-01,9.731199999999998740e-01,8.648900000000000476e-01,6.126300000000003410e-01,4.650400000000001199e-01,5.604299999999999837e-01,1.163159999999999972e+00,8.170399999999999885e-01,8.942800000000005189e-01,1.125049999999998995e+00,1.289349999999999996e+00,1.191169999999999396e+00,9.436799999999998523e-01,3.443100000000001715e-01,4.357999999999999097e-01,3.634999999999997122e-01,4.833100000000005725e-01,4.158500000000002195e-01,4.473599999999998689e-01,1.830400000000001748e-01,1.280299999999999550e+00,1.430739999999999457e+00,1.112530000000000463e+00,8.238900000000003443e-01,8.920800000000000951e-01,1.191829999999999945e+00
1.583519999999999817e+00,4.159700000000000619e-01,8.391499999999996184e-01,9.680499999999998550e-01,8.613600000000000145e-01,6.083700000000002994e-01,4.632700000000001261e-01,5.615700000000000136e-01,1.163699999999999957e+00,8.198299999999999477e-01,8.946100000000005714e-01,1.124599999999998934e+00,1.289709999999999912e+00,1.189879999999999383e+00,9.416499999999998760e-01,3.429400000000001891e-01,4.296099999999999364e-01,3.563799999999996970e-01,4.796000000000005814e-01,4.146400000000002306e-01,4.450999999999998846e-01,1.744300000000001682e-01,1.283799999999999608e+00,1.432679999999999509e+00,1.111700000000000355e+00,8.225300000000003164e-01,8.901800000000000823e-01,1.195279999999999898e+00
1.585439999999999738e+00,4.174000000000000488e-01,8.366899999999996007e-01,9.642899999999998695e-01,8.565800000000000081e-01,6.045200000000002793e-01,4.616900000000001003e-01,5.628300000000000525e-01,1.164299999999999891e+00,8.213199999999999390e-01,8.929400000000006221e-01,1.124019999999998909e+00,1.289799999999999836e+00,1.189809999999999368e+00,9.404699999999999172e-01,3.410800000000001608e-01,4.230099999999999416e-01,3.489099999999997204e-01,4.754500000000005944e-01,4.113600000000002255e-01,4.438599999999998658e-01,1.662700000000001677e-01,1.288859999999999673e+00,1.434149999999999592e+00,1.108720000000000372e+00,8.203500000000003567e-01,8.887400000000000855e-01,1.197579999999999867e+00
1.585959999999999814e+00,4.191600000000000326e-01,8.339999999999996305e-01,9.593399999999998595e-01,8.528400000000000425e-01,6.012000000000002897e-01,4.608600000000001029e-01,5.635100000000000664e-01,1.166309999999999958e+00,8.238299999999999512e-01,8.940500000000006775e-01,1.122729999999998896e+00,1.289309999999999734e+00,1.189129999999999354e+00,9.393099999999998673e-01,3.389900000000001801e-01,4.165999999999999703e-01,3.426799999999997071e-01,4.714400000000005808e-01,4.087200000000002498e-01,4.435099999999998488e-01,1.592600000000001792e-01,1.293479999999999741e+00,1.435129999999999573e+00,1.107710000000000417e+00,8.174000000000003485e-01,8.873800000000000576e-01,1.200039999999999774e+00
1.587359999999999882e+00,4.209900000000000309e-01,8.320199999999996487e-01,9.551199999999998580e-01,8.499200000000000088e-01,5.965100000000003178e-01,4.604100000000000970e-01,5.629600000000000160e-01,1.166819999999999968e+00,8.264099999999999779e-01,8.940000000000006830e-01,1.121539999999998871e+00,1.289739999999999664e+00,1.187429999999999319e+00,9.388499999999998513e-01,3.372200000000001863e-01,4.103799999999999670e-01,3.367199999999996862e-01,4.680100000000005922e-01,4.064200000000002255e-01,4.420399999999998775e-01,1.539500000000001700e-01,1.297689999999999788e+00,1.435399999999999565e+00,1.108050000000000423e+00,8.165300000000003111e-01,8.863600000000000367e-01,1.203719999999999679e+00
1.589009999999999811e+00,4.212700000000000333e-01,8.291399999999996551e-01,9.514499999999999069e-01,8.453300000000000258e-01,5.933100000000003371e-01,4.595200000000000951e-01,5.639600000000000168e-01,1.166339999999999932e+00,8.280899999999999928e-01,8.935000000000007381e-01,1.119999999999998774e+00,1.290419999999999678e+00,1.186689999999999356e+00,9.364699999999998026e-01,3.365700000000002023e-01,4.042299999999999782e-01,3.309099999999997044e-01,4.653200000000006220e-01,4.048700000000002297e-01,4.395699999999999052e-01,1.474800000000001665e-01,1.301349999999999785e+00,1.437709999999999599e+00,1.106810000000000516e+00,8.148300000000002763e-01,8.839700000000000335e-01,1.205109999999999681e+00
1.589699999999999891e+00,4.218800000000000328e-01,8.263499999999996959e-01,9.480199999999998628e-01,8.399300000000000654e-01,5.908200000000003449e-01,4.584500000000000797e-01,5.646200000000000108e-01,1.166390000000000038e+00,8.312399999999999789e-01,8.923300000000007337e-01,1.118879999999998764e+00,1.289769999999999639e+00,1.185379999999999434e+00,9.350099999999997857e-01,3.346500000000002251e-01,3.976499999999999480e-01,3.247199999999996756e-01,4.618400000000006389e-01,4.015600000000002501e-01,4.380399999999999294e-01,1.422600000000001641e-01,1.306999999999999718e+00,1.439199999999999591e+00,1.105760000000000520e+00,8.131800000000002360e-01,8.824000000000000732e-01,1.206879999999999731e+00
1.590759999999999952e+00,4.239100000000000090e-01,8.242699999999997251e-01,9.458999999999998520e-01,8.343200000000000616e-01,5.872600000000003373e-01,4.573000000000000953e-01,5.653200000000000447e-01,1.166390000000000038e+00,8.331800000000000317e-01,8.926400000000007662e-01,1.118709999999998761e+00,1.288859999999999673e+00,1.185189999999999522e+00,9.335099999999998399e-01,3.330600000000002447e-01,3.903199999999999448e-01,3.181499999999996553e-01,4.590600000000006342e-01,3.995700000000002583e-01,4.369399999999999396e-01,1.362200000000001743e-01,1.311309999999999754e+00,1.440079999999999583e+00,1.105140000000000455e+00,8.115800000000001901e-01,8.808100000000000929e-01,1.208419999999999828e+00
1.590069999999999872e+00,4.249300000000000299e-01,8.206099999999997285e-01,9.419399999999998885e-01,8.303900000000000725e-01,5.849900000000003431e-01,4.583500000000000907e-01,5.648000000000000798e-01,1.167170000000000041e+00,8.359600000000000364e-01,8.929600000000007531e-01,1.117889999999998718e+00,1.290159999999999751e+00,1.183959999999999457e+00,9.323499999999997900e-01,3.323000000000002618e-01,3.838799999999999435e-01,3.128899999999996684e-01,4.557800000000006291e-01,3.991300000000002624e-01,4.357999999999999652e-01,1.301700000000001745e-01,1.315289999999999848e+00,1.441689999999999472e+00,1.104730000000000434e+00,8.106500000000002037e-01,8.783400000000001207e-01,1.210569999999999924e+00
1.590449999999999919e+00,4.264600000000000057e-01,8.179699999999997528e-01,9.376399999999999180e-01,8.264800000000001035e-01,5.825200000000003708e-01,4.572300000000000808e-01,5.663300000000001111e-01,1.168060000000000098e+00,8.396600000000000730e-01,8.914500000000007418e-01,1.115729999999998778e+00,1.289229999999999654e+00,1.181809999999999361e+00,9.317699999999997651e-01,3.312500000000002665e-01,3.777599999999999292e-01,3.074199999999996935e-01,4.529900000000006144e-01,3.979500000000002480e-01,4.350199999999999623e-01,1.242300000000001736e-01,1.319819999999999771e+00,1.441959999999999464e+00,1.103050000000000530e+00,8.092000000000002524e-01,8.773800000000001598e-01,1.213459999999999983e+00
1.590339999999999865e+00,4.278799999999999826e-01,8.149799999999997047e-01,9.332999999999999075e-01,8.225300000000000944e-01,5.794500000000003537e-01,4.561200000000000809e-01,5.665800000000000836e-01,1.168500000000000094e+00,8.427100000000000701e-01,8.909900000000007259e-01,1.115289999999998782e+00,1.289229999999999654e+00,1.180379999999999319e+00,9.310099999999997822e-01,3.316600000000002879e-01,3.717899999999999539e-01,3.013999999999996682e-01,4.499200000000005972e-01,3.965700000000002556e-01,4.347099999999999298e-01,1.190000000000001751e-01,1.323969999999999869e+00,1.443469999999999365e+00,1.100780000000000536e+00,8.078900000000002191e-01,8.762200000000001099e-01,1.214129999999999932e+00
1.589189999999999880e+00,4.295599999999999974e-01,8.129599999999996829e-01,9.295899999999999164e-01,8.171400000000000885e-01,5.772100000000003339e-01,4.554800000000001070e-01,5.672300000000001230e-01,1.168100000000000138e+00,8.463700000000000667e-01,8.900800000000007595e-01,1.113429999999998810e+00,1.287419999999999565e+00,1.179659999999999265e+00,9.307699999999997642e-01,3.316100000000002934e-01,3.666399999999999659e-01,2.955599999999996563e-01,4.473200000000006060e-01,3.949500000000002453e-01,4.347499999999999143e-01,1.140100000000001806e-01,1.329159999999999897e+00,1.443639999999999368e+00,1.098980000000000512e+00,8.063400000000001677e-01,8.751200000000001200e-01,1.215500000000000025e+00
1.590589999999999948e+00,4.324000000000000066e-01,8.099699999999996347e-01,9.255599999999999383e-01,8.135900000000000354e-01,5.754600000000003046e-01,4.540500000000001202e-01,5.672600000000000975e-01,1.168070000000000164e+00,8.505300000000000082e-01,8.891400000000007076e-01,1.113299999999998846e+00,1.287159999999999638e+00,1.179759999999999254e+00,9.311399999999997457e-01,3.299100000000003141e-01,3.609699999999999576e-01,2.904599999999996629e-01,4.424200000000005906e-01,3.935100000000002485e-01,4.348899999999998878e-01,1.093800000000001854e-01,1.333499999999999908e+00,1.445729999999999293e+00,1.097360000000000557e+00,8.048200000000002019e-01,8.747600000000000930e-01,1.217440000000000078e+00
1.591019999999999879e+00,4.346400000000000263e-01,8.068299999999996031e-01,9.210899999999999643e-01,8.098199999999999843e-01,5.726500000000003254e-01,4.534300000000001107e-01,5.674800000000000955e-01,1.168310000000000182e+00,8.529200000000000115e-01,8.885300000000007081e-01,1.112129999999998953e+00,1.285719999999999530e+00,1.178589999999999360e+00,9.304199999999998028e-01,3.309700000000003195e-01,3.557499999999999551e-01,2.867599999999996818e-01,4.401200000000006218e-01,3.928300000000002346e-01,4.338899999999998869e-01,1.046300000000001812e-01,1.337679999999999980e+00,1.445689999999999253e+00,1.096970000000000667e+00,8.037900000000002265e-01,8.745800000000001351e-01,1.219829999999999970e+00
1.590869999999999784e+00,4.359900000000000442e-01,8.044199999999995798e-01,9.165299999999999558e-01,8.085299999999999709e-01,5.704600000000003002e-01,4.534900000000001152e-01,5.664400000000000546e-01,1.168100000000000138e+00,8.566700000000000426e-01,8.886000000000007226e-01,1.110959999999999059e+00,1.284149999999999459e+00,1.177329999999999322e+00,9.295099999999998364e-01,3.298000000000003151e-01,3.501899999999999458e-01,2.814499999999997004e-01,4.361600000000006028e-01,3.919700000000002071e-01,4.343799999999998773e-01,1.001600000000001794e-01,1.341769999999999907e+00,1.448089999999999211e+00,1.095880000000000631e+00,8.018300000000002647e-01,8.733900000000001107e-01,1.221949999999999870e+00
1.591579999999999773e+00,4.394800000000000373e-01,8.008499999999996177e-01,9.117599999999999039e-01,8.057299999999999462e-01,5.685300000000003129e-01,4.524100000000000898e-01,5.674500000000000099e-01,1.168100000000000138e+00,8.601300000000000612e-01,8.893900000000006800e-01,1.109189999999999010e+00,1.283469999999999445e+00,1.176239999999999286e+00,9.267099999999998117e-01,3.297200000000002906e-01,3.450499999999999678e-01,2.773499999999997079e-01,4.322400000000006237e-01,3.927300000000001901e-01,4.345399999999998708e-01,9.509000000000017438e-02,1.344799999999999995e+00,1.448899999999999189e+00,1.094670000000000698e+00,8.015200000000002323e-01,8.711100000000001620e-01,1.223319999999999963e+00
1.590159999999999796e+00,4.417400000000000215e-01,7.981799999999996675e-01,9.085199999999998832e-01,8.028699999999999726e-01,5.665400000000002656e-01,4.527700000000001168e-01,5.678400000000000114e-01,1.167100000000000026e+00,8.637600000000000833e-01,8.882100000000007212e-01,1.107609999999999095e+00,1.282889999999999420e+00,1.174569999999999226e+00,9.260699999999998377e-01,3.299400000000002886e-01,3.391599999999999615e-01,2.723099999999997189e-01,4.304300000000006454e-01,3.931400000000002115e-01,4.337399999999998479e-01,8.995000000000016871e-02,1.347539999999999960e+00,1.450229999999999242e+00,1.091960000000000708e+00,8.000800000000002354e-01,8.695300000000001361e-01,1.224779999999999980e+00
1.590309999999999890e+00,4.435999999999999943e-01,7.953999999999996628e-01,9.036899999999998823e-01,7.999699999999999589e-01,5.638000000000003009e-01,4.521600000000001174e-01,5.690300000000000358e-01,1.167740000000000000e+00,8.686300000000001242e-01,8.874000000000007438e-01,1.106389999999999096e+00,1.281739999999999435e+00,1.173619999999999219e+00,9.265599999999998282e-01,3.310500000000002885e-01,3.336199999999999721e-01,2.671699999999997410e-01,4.280600000000006622e-01,3.919100000000002026e-01,4.336799999999998434e-01,8.672000000000017195e-02,1.351450000000000040e+00,1.451139999999999208e+00,1.090820000000000789e+00,7.994900000000002560e-01,8.685300000000001353e-01,1.226110000000000033e+00
1.590309999999999890e+00,4.471100000000000074e-01,7.927999999999996161e-01,8.984999999999998543e-01,7.967999999999999527e-01,5.614200000000002522e-01,4.530900000000001038e-01,5.684299999999999908e-01,1.167569999999999997e+00,8.711600000000001565e-01,8.863900000000007884e-01,1.103989999999999139e+00,1.280819999999999403e+00,1.172599999999999199e+00,9.261699999999998267e-01,3.305100000000003035e-01,3.276999999999999913e-01,2.606099999999997308e-01,4.264100000000006774e-01,3.928900000000001835e-01,4.324299999999998700e-01,8.449000000000017607e-02,1.356659999999999977e+00,1.451919999999999211e+00,1.089570000000000816e+00,7.978900000000002102e-01,8.670100000000001694e-01,1.226860000000000062e+00
1.590229999999999810e+00,4.497499999999999831e-01,7.897899999999996590e-01,8.938899999999998514e-01,7.940699999999999426e-01,5.603200000000002623e-01,4.525300000000000988e-01,5.681599999999999984e-01,1.167210000000000081e+00,8.743300000000001626e-01,8.858600000000007579e-01,1.103039999999999132e+00,1.279649999999999510e+00,1.172309999999999297e+00,9.257199999999998763e-01,3.304200000000003246e-01,3.227599999999999913e-01,2.550999999999997159e-01,4.240800000000006786e-01,3.925700000000001966e-01,4.322099999999998721e-01,7.961000000000018062e-02,1.360449999999999937e+00,1.452259999999999218e+00,1.089370000000000838e+00,7.972200000000002618e-01,8.660800000000001830e-01,1.228480000000000016e+00
1.591059999999999697e+00,4.521799999999999708e-01,7.866999999999996218e-01,8.895099999999998008e-01,7.903199999999999115e-01,5.587000000000003075e-01,4.530800000000000938e-01,5.686200000000000143e-01,1.167320000000000135e+00,8.771400000000001418e-01,8.860700000000008014e-01,1.100109999999999033e+00,1.278209999999999402e+00,1.171349999999999225e+00,9.253299999999998748e-01,3.296000000000003372e-01,3.171100000000000030e-01,2.504899999999997129e-01,4.235100000000006637e-01,3.918900000000001826e-01,4.315299999999998581e-01,7.748000000000018761e-02,1.364759999999999973e+00,1.452649999999999109e+00,1.087790000000000923e+00,7.967300000000002713e-01,8.651600000000001511e-01,1.230350000000000055e+00
1.590269999999999628e+00,4.555699999999999750e-01,7.829999999999995852e-01,8.849499999999997923e-01,7.878899999999998682e-01,5.575100000000002831e-01,4.520800000000000929e-01,5.690500000000000558e-01,1.166720000000000201e+00,8.813000000000001943e-01,8.853700000000007675e-01,1.098069999999998991e+00,1.277159999999999407e+00,1.171359999999999291e+00,9.252799999999998803e-01,3.298400000000003551e-01,3.102099999999999858e-01,2.453199999999997050e-01,4.193500000000006667e-01,3.909600000000001963e-01,4.300199999999998468e-01,7.322000000000018771e-02,1.369149999999999867e+00,1.453109999999999014e+00,1.087310000000000887e+00,7.952400000000002800e-01,8.633700000000001928e-01,1.232420000000000071e+00
1.590589999999999726e+00,4.594699999999999895e-01,7.801399999999996115e-01,8.807299999999997908e-01,7.848699999999998456e-01,5.555800000000002958e-01,4.521300000000000874e-01,5.690800000000000303e-01,1.166760000000000241e+00,8.843900000000002315e-01,8.829600000000007443e-01,1.096979999999998956e+00,1.277039999999999509e+00,1.171259999999999302e+00,9.252199999999999314e-01,3.305000000000003491e-01,3.050899999999999723e-01,2.407299999999996942e-01,4.162800000000006495e-01,3.894600000000001949e-01,4.295699999999998409e-01,7.113000000000017919e-02,1.373339999999999783e+00,1.453439999999998955e+00,1.085920000000000885e+00,7.948000000000002840e-01,8.623800000000001464e-01,1.233690000000000175e+00
1.590449999999999697e+00,4.621500000000000052e-01,7.769599999999996509e-01,8.761799999999997368e-01,7.827899999999998748e-01,5.541400000000002990e-01,4.520100000000000784e-01,5.692000000000000393e-01,1.166280000000000205e+00,8.896800000000002484e-01,8.828100000000007608e-01,1.095259999999999012e+00,1.276409999999999600e+00,1.170919999999999295e+00,9.257299999999999418e-01,3.300700000000003631e-01,2.995099999999999429e-01,2.360699999999996967e-01,4.137400000000006628e-01,3.891700000000001824e-01,4.288899999999998269e-01,6.814000000000018653e-02,1.376139999999999697e+00,1.453199999999998937e+00,1.085450000000000914e+00,7.927700000000003078e-01,8.601500000000001922e-01,1.233670000000000266e+00
1.590079999999999716e+00,4.639400000000000190e-01,7.749899999999996236e-01,8.720599999999997243e-01,7.796699999999998631e-01,5.520300000000002427e-01,4.530600000000000738e-01,5.684700000000000308e-01,1.166030000000000122e+00,8.934400000000002340e-01,8.811300000000007460e-01,1.094389999999999086e+00,1.274849999999999595e+00,1.170279999999999321e+00,9.273499999999998966e-01,3.288100000000003797e-01,2.938099999999999601e-01,2.314599999999996938e-01,4.118500000000006600e-01,3.885000000000001785e-01,4.281599999999998185e-01,6.451000000000019219e-02,1.381069999999999798e+00,1.453129999999998923e+00,1.084280000000001021e+00,7.909400000000003095e-01,8.589800000000001878e-01,1.234090000000000353e+00
1.589839999999999698e+00,4.676299999999999901e-01,7.713099999999996070e-01,8.684599999999996767e-01,7.775099999999998124e-01,5.497200000000002085e-01,4.526700000000000723e-01,5.688100000000000378e-01,1.165590000000000126e+00,8.963700000000002222e-01,8.808500000000007990e-01,1.093349999999999156e+00,1.272389999999999688e+00,1.169459999999999278e+00,9.275299999999998546e-01,3.291500000000003867e-01,2.880099999999999882e-01,2.273199999999996890e-01,4.100000000000006417e-01,3.889000000000001900e-01,4.276399999999997981e-01,6.195000000000019241e-02,1.383389999999999898e+00,1.453209999999999003e+00,1.083490000000000952e+00,7.904300000000002990e-01,8.577900000000001635e-01,1.234420000000000295e+00
1.589869999999999672e+00,4.691500000000000115e-01,7.679199999999996029e-01,8.639699999999996827e-01,7.752199999999997981e-01,5.478000000000001757e-01,4.521900000000000919e-01,5.686999999999999833e-01,1.166340000000000154e+00,9.006700000000001927e-01,8.804000000000008486e-01,1.090829999999999078e+00,1.271399999999999642e+00,1.168789999999999329e+00,9.274699999999999056e-01,3.292100000000003912e-01,2.827299999999999813e-01,2.223999999999996813e-01,4.093400000000006478e-01,3.883700000000002150e-01,4.277699999999998171e-01,5.942000000000019488e-02,1.386939999999999840e+00,1.455059999999998910e+00,1.081480000000000885e+00,7.899500000000002631e-01,8.558900000000001507e-01,1.236210000000000253e+00
1.589149999999999618e+00,4.711400000000000032e-01,7.642599999999996063e-01,8.591999999999997417e-01,7.723199999999997845e-01,5.449000000000001620e-01,4.518900000000000694e-01,5.688499999999999668e-01,1.166010000000000213e+00,9.045200000000002127e-01,8.803200000000008796e-01,1.088559999999999084e+00,1.270699999999999719e+00,1.168089999999999407e+00,9.284799999999998610e-01,3.290500000000003977e-01,2.762799999999999701e-01,2.191299999999996861e-01,4.071900000000006625e-01,3.873000000000001997e-01,4.264899999999998137e-01,5.608000000000019220e-02,1.390509999999999913e+00,1.454819999999998892e+00,1.079940000000000788e+00,7.889500000000002622e-01,8.538800000000001944e-01,1.236200000000000188e+00
1.589279999999999582e+00,4.727799999999999780e-01,7.608299999999995622e-01,8.550299999999997347e-01,7.712399999999998146e-01,5.437900000000002176e-01,4.522800000000000709e-01,5.697399999999999132e-01,1.165990000000000304e+00,9.083900000000002528e-01,8.798500000000009091e-01,1.085279999999999134e+00,1.271219999999999795e+00,1.167289999999999495e+00,9.275099999999998346e-01,3.296400000000003772e-01,2.716299999999999826e-01,2.141999999999996962e-01,4.051500000000006763e-01,3.863600000000002033e-01,4.256899999999997908e-01,5.300000000000019279e-02,1.394329999999999847e+00,1.454219999999998958e+00,1.080550000000000788e+00,7.890900000000002912e-01,8.515300000000002312e-01,1.237680000000000113e+00
1.588589999999999502e+00,4.749299999999999633e-01,7.587399999999995259e-01,8.521599999999996955e-01,7.668899999999998496e-01,5.415200000000002234e-01,4.524100000000000898e-01,5.698199999999998822e-01,1.165820000000000300e+00,9.124300000000002964e-01,8.804700000000008631e-01,1.082719999999999239e+00,1.270359999999999712e+00,1.165789999999999438e+00,9.291399999999998549e-01,3.301000000000003931e-01,2.652100000000000013e-01,2.106499999999996986e-01,4.027300000000006985e-01,3.862700000000002243e-01,4.257499999999997953e-01,5.015000000000018748e-02,1.396589999999999776e+00,1.453389999999998849e+00,1.079090000000000771e+00,7.881500000000002393e-01,8.514300000000002422e-01,1.239830000000000210e+00
1.589229999999999476e+00,4.771999999999999575e-01,7.557899999999995178e-01,8.497299999999996523e-01,7.634099999999998110e-01,5.411400000000001764e-01,4.509500000000000730e-01,5.710999999999999410e-01,1.163940000000000197e+00,9.166600000000002524e-01,8.795800000000009167e-01,1.081179999999999142e+00,1.270269999999999788e+00,1.165479999999999405e+00,9.285299999999998555e-01,3.311400000000003785e-01,2.608199999999999963e-01,2.064599999999996993e-01,4.000400000000007283e-01,3.866100000000002312e-01,4.262099999999998112e-01,4.828000000000019082e-02,1.399559999999999693e+00,1.452639999999998821e+00,1.078460000000000862e+00,7.880900000000002903e-01,8.498300000000001964e-01,1.239680000000000115e+00
1.590269999999999406e+00,4.800899999999999612e-01,7.528299999999995551e-01,8.458299999999996377e-01,7.617699999999998361e-01,5.391300000000002202e-01,4.516100000000000669e-01,5.720399999999999929e-01,1.164240000000000164e+00,9.188500000000002776e-01,8.796300000000009112e-01,1.077899999999999192e+00,1.268489999999999895e+00,1.165149999999999464e+00,9.296599999999998198e-01,3.308400000000003560e-01,2.565600000000000103e-01,2.020799999999997043e-01,3.978200000000007286e-01,3.867500000000002602e-01,4.254299999999998083e-01,4.520000000000019141e-02,1.403099999999999792e+00,1.452409999999998869e+00,1.078660000000000840e+00,7.878100000000003433e-01,8.489000000000002100e-01,1.239860000000000184e+00
1.589199999999999502e+00,4.821499999999999675e-01,7.486999999999995881e-01,8.420699999999996521e-01,7.594399999999998929e-01,5.380500000000002503e-01,4.516200000000000769e-01,5.718900000000000095e-01,1.164270000000000138e+00,9.223500000000002252e-01,8.788400000000009538e-01,1.076479999999999215e+00,1.267229999999999857e+00,1.164399999999999435e+00,9.293599999999998529e-01,3.299200000000003796e-01,2.516200000000000103e-01,1.982199999999997020e-01,3.960600000000007448e-01,3.862500000000002598e-01,4.249599999999997824e-01,4.230000000000019161e-02,1.406249999999999778e+00,1.453149999999998832e+00,1.077280000000000904e+00,7.877600000000003488e-01,8.474400000000001931e-01,1.241510000000000113e+00
1.589969999999999439e+00,4.834499999999999909e-01,7.450299999999996370e-01,8.389599999999997060e-01,7.585399999999998810e-01,5.365800000000002790e-01,4.516100000000000669e-01,5.720199999999999729e-01,1.163850000000000051e+00,9.269200000000001882e-01,8.779300000000009874e-01,1.073789999999999134e+00,1.266259999999999941e+00,1.163039999999999408e+00,9.291699999999998294e-01,3.305200000000003691e-01,2.471099999999999963e-01,1.941399999999997017e-01,3.946800000000007524e-01,3.869000000000002437e-01,4.252899999999997793e-01,4.081000000000018640e-02,1.409599999999999742e+00,1.453469999999998929e+00,1.077550000000000896e+00,7.876100000000003654e-01,8.461500000000001798e-01,1.242890000000000050e+00
1.589579999999999327e+00,4.853600000000000136e-01,7.427499999999996882e-01,8.355999999999996763e-01,7.568899999999998407e-01,5.364500000000003155e-01,4.510200000000000875e-01,5.722599999999999909e-01,1.164160000000000084e+00,9.308100000000001373e-01,8.761400000000010291e-01,1.071139999999999093e+00,1.265099999999999891e+00,1.161539999999999351e+00,9.298999999999998378e-01,3.304700000000003746e-01,2.424800000000000011e-01,1.905199999999996896e-01,3.917400000000007543e-01,3.876400000000002621e-01,4.243899999999997674e-01,3.908000000000019097e-02,1.412869999999999848e+00,1.452409999999998869e+00,1.075380000000000891e+00,7.869700000000003914e-01,8.446200000000001484e-01,1.244320000000000093e+00
1.588959999999999262e+00,4.882400000000000073e-01,7.390999999999996461e-01,8.311699999999996313e-01,7.541399999999998105e-01,5.339000000000002633e-01,4.503800000000001136e-01,5.733199999999999408e-01,1.162470000000000114e+00,9.341200000000001724e-01,8.754000000000010662e-01,1.068839999999999124e+00,1.264939999999999953e+00,1.159739999999999327e+00,9.309499999999998332e-01,3.296800000000003616e-01,2.372900000000000009e-01,1.868799999999996853e-01,3.902500000000007629e-01,3.874200000000002642e-01,4.247699999999997589e-01,3.644000000000019446e-02,1.416049999999999809e+00,1.452009999999998913e+00,1.074960000000000804e+00,7.870000000000003659e-01,8.432500000000001661e-01,1.245800000000000018e+00
1.589249999999999163e+00,4.913299999999999890e-01,7.361399999999996835e-01,8.279199999999996562e-01,7.527999999999998026e-01,5.341000000000002412e-01,4.486100000000001198e-01,5.726699999999999013e-01,1.160890000000000200e+00,9.378900000000002235e-01,8.740700000000010128e-01,1.067079999999999140e+00,1.264109999999999845e+00,1.157819999999999405e+00,9.322299999999997810e-01,3.296700000000003516e-01,2.327599999999999947e-01,1.837399999999996814e-01,3.896800000000007480e-01,3.884800000000002695e-01,4.265099999999997782e-01,3.430000000000019145e-02,1.418499999999999872e+00,1.451519999999998811e+00,1.074080000000000812e+00,7.873900000000003674e-01,8.408600000000001629e-01,1.245000000000000107e+00
1.588359999999999106e+00,4.935899999999999732e-01,7.336699999999997113e-01,8.258999999999996344e-01,7.509599999999998499e-01,5.336100000000002508e-01,4.491900000000001447e-01,5.721199999999998509e-01,1.161110000000000309e+00,9.417500000000001981e-01,8.726400000000009705e-01,1.064969999999999084e+00,1.262819999999999832e+00,1.157409999999999384e+00,9.327999999999997405e-01,3.289300000000003332e-01,2.276799999999999935e-01,1.787099999999996747e-01,3.879700000000007587e-01,3.875900000000002676e-01,4.262199999999997657e-01,3.263000000000019357e-02,1.422139999999999960e+00,1.450989999999998892e+00,1.073030000000000816e+00,7.865600000000003700e-01,8.387700000000001266e-01,1.245820000000000149e+00
1.587819999999999121e+00,4.972799999999999443e-01,7.291899999999996718e-01,8.233199999999996077e-01,7.493899999999998895e-01,5.333400000000002583e-01,4.503700000000001591e-01,5.730399999999998828e-01,1.161640000000000228e+00,9.467100000000001625e-01,8.706400000000009687e-01,1.063149999999999151e+00,1.260999999999999899e+00,1.156619999999999315e+00,9.334299999999997599e-01,3.297400000000003106e-01,2.222399999999999931e-01,1.744499999999996609e-01,3.862300000000007394e-01,3.875200000000002531e-01,4.255899999999997463e-01,3.066000000000019404e-02,1.425749999999999851e+00,1.451749999999998986e+00,1.072270000000000723e+00,7.847200000000004172e-01,8.378700000000001147e-01,1.245250000000000190e+00
1.587809999999999055e+00,4.992099999999999316e-01,7.260699999999996601e-01,8.196899999999995856e-01,7.487899999999998446e-01,5.326300000000002699e-01,4.498300000000001742e-01,5.735699999999999132e-01,1.160890000000000200e+00,9.511400000000002075e-01,8.696700000000009423e-01,1.061869999999999203e+00,1.259389999999999787e+00,1.155599999999999294e+00,9.342399999999997373e-01,3.297400000000003106e-01,2.175799999999999956e-01,1.708999999999996633e-01,3.835600000000007337e-01,3.877600000000002711e-01,4.252499999999997393e-01,2.935000000000019538e-02,1.428259999999999863e+00,1.452199999999999047e+00,1.070710000000000717e+00,7.832100000000004059e-01,8.355500000000001259e-01,1.245890000000000164e+00
1.586789999999999035e+00,4.999599999999999045e-01,7.228699999999996795e-01,8.159299999999996000e-01,7.470099999999998408e-01,5.323400000000002574e-01,4.494500000000001827e-01,5.728399999999999048e-01,1.159720000000000306e+00,9.554900000000001725e-01,8.682200000000009910e-01,1.060069999999999180e+00,1.256909999999999750e+00,1.154169999999999252e+00,9.362299999999997846e-01,3.310000000000002940e-01,2.127199999999999924e-01,1.669299999999996620e-01,3.819900000000007179e-01,3.886400000000002630e-01,4.236399999999997390e-01,2.666000000000019049e-02,1.431069999999999842e+00,1.451579999999998982e+00,1.070960000000000800e+00,7.816800000000003745e-01,8.347000000000001085e-01,1.247020000000000239e+00
1.586599999999999122e+00,5.030499999999998861e-01,7.200299999999997258e-01,8.123799999999996579e-01,7.458099999999998619e-01,5.310800000000002186e-01,4.499500000000001831e-01,5.733699999999999353e-01,1.159980000000000233e+00,9.595200000000001506e-01,8.677200000000009350e-01,1.057829999999999160e+00,1.254369999999999763e+00,1.153849999999999154e+00,9.368899999999997785e-01,3.309100000000003150e-01,2.081699999999999939e-01,1.630099999999996552e-01,3.802000000000007041e-01,3.890500000000002845e-01,4.234699999999997355e-01,2.619000000000019229e-02,1.435599999999999765e+00,1.450139999999998874e+00,1.068960000000000798e+00,7.818400000000004235e-01,8.337500000000001021e-01,1.247630000000000239e+00
1.585599999999999010e+00,5.052499999999998659e-01,7.178499999999997661e-01,8.090299999999996938e-01,7.438199999999998147e-01,5.296000000000001817e-01,4.502600000000001601e-01,5.728699999999999903e-01,1.160870000000000291e+00,9.642800000000001370e-01,8.675700000000009515e-01,1.054989999999999206e+00,1.253939999999999833e+00,1.153429999999999067e+00,9.379699999999997484e-01,3.315300000000003244e-01,2.043599999999999861e-01,1.597699999999996623e-01,3.791400000000006987e-01,3.886900000000003130e-01,4.237199999999997635e-01,2.537000000000019448e-02,1.439329999999999776e+00,1.449479999999998769e+00,1.067670000000000785e+00,7.801700000000004742e-01,8.315400000000000569e-01,1.247080000000000188e+00
1.585549999999998905e+00,5.075999999999998291e-01,7.152099999999997904e-01,8.059599999999996767e-01,7.431399999999998007e-01,5.264300000000001756e-01,4.495400000000001617e-01,5.723000000000000309e-01,1.160850000000000382e+00,9.677100000000001812e-01,8.670000000000009921e-01,1.053469999999999240e+00,1.253089999999999815e+00,1.153329999999999078e+00,9.392299999999997873e-01,3.311600000000003430e-01,1.990899999999999892e-01,1.562099999999996547e-01,3.772700000000007159e-01,3.881200000000002981e-01,4.230599999999997696e-01,2.350000000000019434e-02,1.443349999999999689e+00,1.449459999999998860e+00,1.067380000000000884e+00,7.803900000000004722e-01,8.300000000000000711e-01,1.247910000000000297e+00
1.585649999999998894e+00,5.103099999999998193e-01,7.118399999999998062e-01,8.028099999999996905e-01,7.410099999999998355e-01,5.248800000000002353e-01,4.495800000000001462e-01,5.717200000000000060e-01,1.160970000000000280e+00,9.721800000000001551e-01,8.666300000000010106e-01,1.052589999999999248e+00,1.252529999999999921e+00,1.152489999999999126e+00,9.404499999999997861e-01,3.319700000000003204e-01,1.941299999999999970e-01,1.533399999999996433e-01,3.773700000000007049e-01,3.885100000000002995e-01,4.221799999999997777e-01,2.146000000000019073e-02,1.446379999999999777e+00,1.448109999999998898e+00,1.066740000000000910e+00,7.793500000000004313e-01,8.288900000000001267e-01,1.248140000000000249e+00
1.586079999999998824e+00,5.122999999999998666e-01,7.087799999999998546e-01,7.990099999999996649e-01,7.388499999999997847e-01,5.228100000000002190e-01,4.497700000000001697e-01,5.713200000000000500e-01,1.160310000000000175e+00,9.759300000000001862e-01,8.653900000000009918e-01,1.050089999999999302e+00,1.250359999999999916e+00,1.151709999999999123e+00,9.424299999999997679e-01,3.318600000000003214e-01,1.890799999999999981e-01,1.507399999999996520e-01,3.758500000000006835e-01,3.888700000000002710e-01,4.223899999999997656e-01,2.067000000000018822e-02,1.448059999999999681e+00,1.447429999999998884e+00,1.065180000000000904e+00,7.790300000000004443e-01,8.273800000000001154e-01,1.248540000000000205e+00
1.585419999999998719e+00,5.138799999999998924e-01,7.050099999999998035e-01,7.968499999999996142e-01,7.369199999999997974e-01,5.222300000000001940e-01,4.490200000000001967e-01,5.715400000000000480e-01,1.159410000000000274e+00,9.805400000000001892e-01,8.647400000000009523e-01,1.048339999999999383e+00,1.248809999999999976e+00,1.150679999999999037e+00,9.436899999999998068e-01,3.319300000000003359e-01,1.844099999999999906e-01,1.489999999999996605e-01,3.744000000000006767e-01,3.880400000000002736e-01,4.224199999999997956e-01,1.966000000000018774e-02,1.451199999999999601e+00,1.447799999999998866e+00,1.064120000000000843e+00,7.783500000000004304e-01,8.258300000000000640e-01,1.247490000000000210e+00
1.585859999999998715e+00,5.158499999999999197e-01,7.019599999999998063e-01,7.929499999999995996e-01,7.350799999999998446e-01,5.215000000000001856e-01,4.496100000000001762e-01,5.710800000000000320e-01,1.159780000000000255e+00,9.851800000000001667e-01,8.638600000000009604e-01,1.045379999999999310e+00,1.247379999999999933e+00,1.149739999999999096e+00,9.449499999999998456e-01,3.321300000000003139e-01,1.794899999999999829e-01,1.459299999999996711e-01,3.724900000000006539e-01,3.885000000000002895e-01,4.224699999999997901e-01,1.898000000000019116e-02,1.454269999999999508e+00,1.446459999999998969e+00,1.063940000000000774e+00,7.776000000000004020e-01,8.244600000000000817e-01,1.246760000000000312e+00
