9.983999999999999542e-01,1.000879999999999992e+00,9.972400000000000153e-01,9.993600000000000261e-01,1.003919999999999924e+00,1.009239999999999915e+00,1.007400000000000073e+00,9.955600000000000005e-01,9.975600000000000023e-01,9.985600000000000032e-01,9.959200000000000275e-01,9.962800000000000544e-01,9.926291738523381758e-01,9.953203137185682170e-01,9.975301557748423864e-01,9.980853753860197131e-01,9.982800000000000562e-01,9.965600000000000014e-01,1.000920000000000032e+00,9.964399999999999924e-01,9.964800000000000324e-01,9.951999999999999735e-01,9.957200000000000495e-01,9.924399999999999888e-01,9.973284897580890762e-01,1.006299382686037580e+00,1.002569939351750428e+00,9.976860529180873183e-01,9.985801891232859440e-01,9.987146784148609457e-01,9.966616701471632256e-01,9.910800000000000720e-01,9.997200000000000530e-01,9.928000000000000158e-01,1.000680000000000014e+00,9.919999999999999929e-01
9.971599999999999353e-01,1.000199999999999978e+00,9.939999999999999947e-01,9.985200000000000742e-01,1.007759999999999989e+00,1.018319999999999892e+00,1.013800000000000034e+00,9.916000000000000369e-01,9.950400000000000356e-01,9.966800000000000104e-01,9.924399999999999888e-01,9.910400000000000320e-01,9.853703823325107303e-01,9.910705616533574958e-01,9.961632963979347721e-01,9.969305123280798320e-01,9.954000000000000625e-01,9.938799999999999857e-01,1.001880000000000104e+00,9.939599999999999547e-01,9.924399999999999888e-01,9.902400000000000091e-01,9.911200000000000010e-01,9.863600000000000145e-01,9.967418507376373249e-01,1.013395363900767343e+00,1.004455496920059643e+00,9.948155954569881665e-01,9.959971159292088094e-01,9.965132484251812972e-01,9.948088131584572613e-01,9.835200000000000609e-01,9.985200000000000742e-01,9.826799999999999979e-01,9.999200000000000310e-01,9.826399999999999579e-01
9.965599999999998904e-01,1.000319999999999876e+00,9.902800000000000491e-01,9.990800000000000791e-01,1.011560000000000015e+00,1.027879999999999905e+00,1.022040000000000060e+00,9.869600000000000595e-01,9.921600000000000419e-01,9.945199999999999596e-01,9.868399999999999395e-01,9.858799999999999786e-01,9.774024204919905534e-01,9.869968732313627591e-01,9.938995472756745331e-01,9.946686533243248585e-01,9.936800000000000077e-01,9.900400000000000311e-01,1.002720000000000056e+00,9.915599999999999969e-01,9.874800000000000244e-01,9.845200000000000617e-01,9.870400000000000285e-01,9.805200000000000582e-01,9.949694200516338016e-01,1.020283828099367573e+00,1.007282998482207148e+00,9.933913377582137549e-01,9.932453116317394581e-01,9.951971773116337072e-01,9.907611491777585933e-01,9.750800000000000578e-01,9.972000000000000863e-01,9.747200000000000308e-01,9.990800000000000791e-01,9.749199999999998978e-01
9.948399999999999466e-01,9.993599999999999151e-01,9.870400000000000285e-01,9.977600000000000913e-01,1.015919999999999934e+00,1.038479999999999848e+00,1.031240000000000157e+00,9.823600000000000110e-01,9.885200000000000653e-01,9.926399999999999668e-01,9.829199999999999049e-01,9.815599999999999881e-01,9.691700816184626310e-01,9.834436980734584388e-01,9.922339950914489393e-01,9.932120427009313302e-01,9.913199999999999790e-01,9.867200000000000415e-01,1.003640000000000088e+00,9.888400000000000523e-01,9.811600000000000321e-01,9.775600000000000955e-01,9.833200000000000829e-01,9.740000000000000879e-01,9.930432703395551952e-01,1.028488856065384427e+00,1.009156021655919222e+00,9.903641967104370725e-01,9.896986070451866402e-01,9.928655387932699972e-01,9.870872919715864002e-01,9.661600000000000188e-01,9.966800000000001214e-01,9.666400000000000547e-01,9.986000000000000432e-01,9.659599999999999298e-01
9.936799999999998967e-01,9.976799999999999002e-01,9.826400000000000690e-01,9.974000000000000643e-01,1.019079999999999986e+00,1.050399999999999778e+00,1.040000000000000258e+00,9.761999999999999567e-01,9.849600000000000577e-01,9.896399999999999642e-01,9.766799999999998816e-01,9.736799999999999899e-01,9.616563472950889757e-01,9.769812844852872047e-01,9.894831051284030954e-01,9.921429955084312136e-01,9.879200000000000204e-01,9.843600000000000128e-01,1.004560000000000120e+00,9.856000000000000316e-01,9.767600000000000726e-01,9.688800000000000745e-01,9.783600000000001184e-01,9.666800000000000948e-01,9.934136967246389727e-01,1.035879337681231416e+00,1.010179293422744040e+00,9.868171617051040290e-01,9.878501461265467576e-01,9.913983984041869757e-01,9.826462054350757480e-01,9.574000000000000288e-01,9.960800000000000765e-01,9.568000000000000949e-01,9.985600000000000032e-01,9.554399999999999560e-01
9.923199999999998688e-01,9.964399999999998814e-01,9.784000000000000474e-01,9.968000000000000194e-01,1.021400000000000086e+00,1.062599999999999767e+00,1.048360000000000181e+00,9.715999999999999082e-01,9.813200000000000811e-01,9.873600000000000154e-01,9.711199999999998722e-01,9.662399999999999878e-01,9.513875545543749590e-01,9.724684089460104985e-01,9.870351130722633259e-01,9.908825200790958299e-01,9.858400000000000496e-01,9.795599999999999863e-01,1.004960000000000075e+00,9.815599999999999881e-01,9.717600000000000682e-01,9.623600000000001042e-01,9.736000000000001320e-01,9.590800000000000436e-01,9.906498721632597260e-01,1.043204835117029106e+00,1.013177491230973226e+00,9.831455005040202755e-01,9.856936737052920394e-01,9.905899686912654767e-01,9.798210338184565327e-01,9.481200000000000738e-01,9.960800000000000765e-01,9.461600000000001121e-01,9.989599999999999591e-01,9.448799999999999422e-01
9.909599999999998410e-01,9.945999999999999286e-01,9.738800000000000789e-01,9.955600000000000005e-01,1.025200000000000111e+00,1.075079999999999814e+00,1.056480000000000086e+00,9.657199999999999118e-01,9.769600000000000506e-01,9.842400000000000038e-01,9.630399999999998961e-01,9.587999999999999856e-01,9.403368339724192948e-01,9.675270129922409756e-01,9.846820061859596906e-01,9.885552916678251867e-01,9.835200000000000609e-01,9.749999999999999778e-01,1.006400000000000183e+00,9.772399999999999975e-01,9.657200000000000228e-01,9.543600000000000971e-01,9.690800000000001635e-01,9.521600000000000064e-01,9.914653944872051650e-01,1.050421770861924120e+00,1.014508276368778716e+00,9.789502437077342023e-01,9.827532391222835173e-01,9.891712846568408990e-01,9.755968951940373612e-01,9.378000000000000780e-01,9.966400000000000814e-01,9.360400000000000942e-01,9.981999999999999762e-01,9.341199999999999504e-01
9.893999999999998352e-01,9.931599999999999318e-01,9.694000000000000394e-01,9.964399999999999924e-01,1.030200000000000005e+00,1.087319999999999842e+00,1.066880000000000051e+00,9.599999999999999645e-01,9.736400000000000610e-01,9.799999999999999822e-01,9.562799999999999079e-01,9.504799999999999915e-01,9.296066744788133995e-01,9.620465091092664789e-01,9.810981807247587394e-01,9.869421027644500466e-01,9.820000000000000950e-01,9.705199999999999383e-01,1.007760000000000211e+00,9.716399999999999482e-01,9.606400000000000494e-01,9.475200000000001399e-01,9.637600000000001721e-01,9.447600000000000442e-01,9.906456497314702903e-01,1.058163782658828822e+00,1.015475853800361872e+00,9.740518912482528657e-01,9.791745786690576603e-01,9.866663575985864520e-01,9.708075366223684055e-01,9.255200000000001204e-01,9.973600000000001353e-01,9.258400000000001073e-01,9.988000000000000211e-01,9.230799999999999006e-01
9.896799999999997821e-01,9.909599999999999520e-01,9.634400000000000741e-01,9.949599999999999556e-01,1.035279999999999978e+00,1.100639999999999841e+00,1.077280000000000015e+00,9.542399999999999771e-01,9.689200000000001145e-01,9.763600000000000056e-01,9.490799999999999237e-01,9.425999999999999934e-01,9.172761303325625004e-01,9.562330540199996953e-01,9.775122523346516656e-01,9.850346393242480625e-01,9.785200000000000564e-01,9.666399999999999437e-01,1.007200000000000317e+00,9.673199999999999577e-01,9.543600000000000971e-01,9.405200000000001337e-01,9.598400000000001375e-01,9.369600000000000151e-01,9.911997512370580576e-01,1.066078669656716826e+00,1.017565357707107099e+00,9.692268822704663833e-01,9.760350059902741515e-01,9.856262330030127750e-01,9.653382034699590220e-01,9.137600000000001277e-01,9.985600000000001142e-01,9.141600000000000836e-01,1.000720000000000054e+00,9.118399999999998728e-01
9.891199999999997772e-01,9.889199999999999102e-01,9.577600000000000557e-01,9.949199999999999156e-01,1.041719999999999979e+00,1.114919999999999911e+00,1.087879999999999958e+00,9.487599999999999367e-01,9.650400000000001199e-01,9.711999999999999522e-01,9.395199999999999108e-01,9.334799999999999764e-01,9.040553944140552467e-01,9.501876647621935179e-01,9.733736421413921036e-01,9.820180233675729342e-01,9.754800000000000137e-01,9.614399999999999613e-01,1.008160000000000389e+00,9.609999999999999654e-01,9.485600000000000698e-01,9.317200000000001037e-01,9.554400000000001780e-01,9.270800000000000152e-01,9.926399424697481821e-01,1.074404673517624476e+00,1.018165870738527934e+00,9.642006435073953163e-01,9.728008063024409235e-01,9.841067762712476519e-01,9.600796671826797857e-01,9.001600000000000712e-01,1.000640000000000196e+00,9.008400000000000851e-01,1.001040000000000152e+00,8.999999999999999112e-01
9.884799999999998033e-01,9.853199999999998626e-01,9.529200000000001003e-01,9.941999999999998616e-01,1.047839999999999883e+00,1.130239999999999911e+00,1.098119999999999985e+00,9.423199999999999354e-01,9.581200000000000827e-01,9.662399999999999878e-01,9.300799999999999068e-01,9.243199999999999195e-01,8.896473944362631725e-01,9.435928225135365999e-01,9.708065051664664935e-01,9.796553418923186207e-01,9.728400000000000380e-01,9.573599999999999888e-01,1.008280000000000287e+00,9.563199999999999479e-01,9.422000000000000375e-01,9.243200000000001415e-01,9.508400000000001295e-01,9.185200000000000031e-01,9.935031259113172863e-01,1.082966462513741401e+00,1.018687861084338175e+00,9.577543371191112875e-01,9.671491640989187122e-01,9.824071487062906449e-01,9.557997942868076136e-01,8.887600000000001055e-01,1.001760000000000206e+00,8.862800000000000678e-01,1.004520000000000080e+00,8.877599999999998825e-01
9.888799999999997592e-01,9.836399999999998478e-01,9.490000000000000657e-01,9.930799999999998517e-01,1.054319999999999924e+00,1.145479999999999832e+00,1.109960000000000058e+00,9.356799999999999562e-01,9.537200000000001232e-01,9.608400000000000274e-01,9.206799999999999429e-01,9.143199999999999106e-01,8.758643885888498515e-01,9.373666335943936501e-01,9.674718622066673657e-01,9.758368244434982852e-01,9.691600000000000215e-01,9.519600000000000284e-01,1.008800000000000363e+00,9.509599999999999165e-01,9.355200000000000182e-01,9.165200000000001124e-01,9.450000000000001732e-01,9.102000000000000091e-01,9.953891095811163714e-01,1.091454615928799221e+00,1.019896328843050037e+00,9.518572440859618400e-01,9.625041571730479362e-01,9.811945310038880930e-01,9.518622356308724664e-01,8.772000000000000908e-01,1.004840000000000177e+00,8.727200000000000513e-01,1.006760000000000099e+00,8.753999999999998449e-01
9.877599999999997493e-01,9.827599999999998559e-01,9.439600000000000213e-01,9.939599999999998436e-01,1.061719999999999997e+00,1.159279999999999866e+00,1.120600000000000041e+00,9.294000000000000039e-01,9.470400000000001040e-01,9.554400000000000670e-01,9.116399999999998949e-01,9.030399999999999539e-01,8.614526843494533237e-01,9.301755392446606763e-01,9.622474894570161030e-01,9.723797270499183742e-01,9.647200000000000220e-01,9.470399999999999929e-01,1.009640000000000315e+00,9.453199999999999381e-01,9.294400000000000439e-01,9.077600000000001224e-01,9.407600000000001517e-01,8.988399999999999723e-01,9.984722789122205677e-01,1.100188583576172219e+00,1.020828392381340821e+00,9.441332452104638229e-01,9.567154392406924668e-01,9.787412436201928800e-01,9.454772002918216955e-01,8.626400000000000734e-01,1.007200000000000095e+00,8.592400000000000038e-01,1.010240000000000027e+00,8.617199999999998195e-01
9.870399999999996954e-01,9.805599999999998762e-01,9.377600000000000380e-01,9.963999999999998414e-01,1.067639999999999922e+00,1.175999999999999934e+00,1.132120000000000015e+00,9.229600000000000026e-01,9.407200000000001117e-01,9.470000000000000639e-01,8.989199999999999413e-01,8.924399999999999000e-01,8.477444387129247083e-01,9.209539307788743301e-01,9.584163868193227298e-01,9.687466307561545253e-01,9.592000000000000526e-01,9.400800000000000267e-01,1.009200000000000319e+00,9.379999999999999449e-01,9.230400000000000826e-01,8.983200000000001184e-01,9.394000000000001238e-01,8.884400000000000075e-01,1.001804843044250770e+00,1.109934467186919793e+00,1.020747841124989730e+00,9.375486478396206635e-01,9.526547088827398424e-01,9.768629550245196969e-01,9.394191715043153090e-01,8.473200000000000731e-01,1.011360000000000037e+00,8.444000000000000394e-01,1.016080000000000094e+00,8.467199999999998061e-01
9.873999999999997224e-01,9.776799999999998825e-01,9.313200000000000367e-01,9.981599999999998252e-01,1.076799999999999979e+00,1.193599999999999994e+00,1.142239999999999922e+00,9.168399999999999883e-01,9.342800000000001104e-01,9.364800000000000901e-01,8.859999999999998987e-01,8.813199999999998813e-01,8.313018545731934994e-01,9.129625395102138885e-01,9.545847472998413297e-01,9.658663119208461545e-01,9.552000000000000490e-01,9.342799999999999994e-01,1.009720000000000395e+00,9.295599999999999419e-01,9.168000000000000593e-01,8.895200000000000884e-01,9.362800000000001122e-01,8.779599999999999627e-01,1.007397089622969810e+00,1.117683869933571605e+00,1.020277912614401927e+00,9.303426611732220630e-01,9.470541361195621288e-01,9.756681390862691483e-01,9.336468517513334398e-01,8.318000000000000949e-01,1.016520000000000090e+00,8.305600000000000760e-01,1.020920000000000050e+00,8.318399999999998018e-01
9.871199999999997754e-01,9.749199999999998978e-01,9.272799999999999931e-01,9.994799999999998130e-01,1.085199999999999942e+00,1.211759999999999948e+00,1.154639999999999889e+00,9.091200000000000392e-01,9.268400000000001082e-01,9.286000000000000920e-01,8.732399999999999052e-01,8.683999999999998387e-01,8.123936469354345880e-01,9.034696135673655482e-01,9.499348991885618876e-01,9.606886761966257904e-01,9.516800000000000814e-01,9.282000000000000250e-01,1.010720000000000285e+00,9.218799999999999217e-01,9.104800000000000670e-01,8.783600000000001407e-01,9.331600000000001005e-01,8.670799999999999619e-01,1.013009258541028856e+00,1.124030258866167920e+00,1.019920822227790458e+00,9.217830936844427780e-01,9.408365254892092633e-01,9.712941666060014301e-01,9.292587935957706824e-01,8.139600000000001279e-01,1.022720000000000073e+00,8.156400000000000317e-01,1.025959999999999983e+00,8.152799999999997826e-01
9.867599999999997484e-01,9.701999999999999513e-01,9.187600000000000211e-01,1.001519999999999744e+00,1.095119999999999871e+00,1.229959999999999942e+00,1.166359999999999841e+00,9.019200000000000550e-01,9.175600000000001533e-01,9.182400000000000562e-01,8.582799999999999319e-01,8.537599999999998523e-01,7.937830051843351997e-01,8.925460801511633235e-01,9.442005436977011223e-01,9.554931896864626850e-01,9.459200000000000941e-01,9.229200000000000736e-01,1.012520000000000309e+00,9.121599999999999708e-01,9.040000000000000258e-01,8.673600000000001309e-01,9.297200000000001019e-01,8.549999999999999822e-01,1.019004506533995658e+00,1.132543760324350224e+00,1.020199242466395706e+00,9.120659437148572746e-01,9.339055679388450493e-01,9.677412152770018539e-01,9.225451488183209481e-01,7.974000000000001087e-01,1.030040000000000067e+00,7.988399999999999945e-01,1.032880000000000020e+00,7.969199999999997397e-01
9.870799999999997354e-01,9.667599999999999527e-01,9.112799999999999789e-01,1.004959999999999853e+00,1.103799999999999892e+00,1.250199999999999978e+00,1.179559999999999942e+00,8.931600000000000650e-01,9.102000000000001201e-01,9.075200000000001044e-01,8.413599999999998857e-01,8.385999999999999011e-01,7.737965249372911192e-01,8.818170980230939371e-01,9.377344697571107224e-01,9.501017905540183328e-01,9.415600000000000636e-01,9.168400000000000993e-01,1.010800000000000365e+00,9.039199999999999458e-01,8.986800000000000344e-01,8.590400000000001368e-01,9.255200000000001204e-01,8.430799999999999406e-01,1.027539757191868519e+00,1.140057959265668108e+00,1.018271616284798897e+00,9.019185023961961978e-01,9.259414896085104152e-01,9.639866461552490939e-01,9.157224475818737108e-01,7.794000000000000927e-01,1.037440000000000140e+00,7.818399999999999794e-01,1.041479999999999961e+00,7.781599999999997408e-01
9.871199999999997754e-01,9.614800000000000013e-01,9.025199999999999889e-01,1.009119999999999795e+00,1.115679999999999783e+00,1.270720000000000072e+00,1.192159999999999886e+00,8.830000000000000071e-01,9.004800000000001692e-01,8.952400000000001468e-01,8.245999999999998886e-01,8.221199999999998509e-01,7.513205796433051198e-01,8.718914275916312961e-01,9.300287563488128795e-01,9.436829572927807330e-01,9.368800000000000461e-01,9.109600000000001030e-01,1.008720000000000283e+00,8.944799999999999418e-01,8.923200000000000021e-01,8.484000000000001540e-01,9.248800000000001464e-01,8.309599999999999209e-01,1.038017513014880766e+00,1.144633147968069808e+00,1.014921843744602592e+00,8.910519314854179473e-01,9.179112942925429230e-01,9.600062073095382287e-01,9.113941662519224884e-01,7.584000000000000741e-01,1.047280000000000211e+00,7.632799999999999585e-01,1.049279999999999990e+00,7.614399999999997837e-01
9.857199999999998186e-01,9.582399999999999807e-01,8.938399999999999679e-01,1.013679999999999692e+00,1.126799999999999802e+00,1.291440000000000143e+00,1.204959999999999809e+00,8.742800000000000571e-01,8.886000000000001675e-01,8.833200000000001051e-01,8.038399999999998879e-01,8.049999999999998268e-01,7.264791238544698881e-01,8.583208684765519791e-01,9.219123511354945233e-01,9.351111882831898425e-01,9.280800000000000161e-01,9.040400000000000658e-01,1.006880000000000219e+00,8.832799999999999541e-01,8.881999999999999895e-01,8.381200000000001982e-01,9.254800000000001914e-01,8.163199999999999346e-01,1.049139308513757696e+00,1.148693857767394633e+00,1.013309077083523135e+00,8.792995282476535612e-01,9.074493179770537488e-01,9.581098166673833738e-01,9.058482023032673469e-01,7.408000000000001251e-01,1.057400000000000118e+00,7.443199999999999816e-01,1.061199999999999921e+00,7.405199999999997340e-01
9.849599999999998357e-01,9.546799999999999731e-01,8.875199999999999756e-01,1.016599999999999726e+00,1.138679999999999914e+00,1.313080000000000247e+00,1.218359999999999888e+00,8.640800000000000702e-01,8.782000000000002027e-01,8.675600000000001089e-01,7.833599999999998342e-01,7.854799999999998450e-01,7.021601594642815636e-01,8.469536592278322784e-01,9.120628523534619614e-01,9.264746648427492071e-01,9.218399999999999928e-01,8.978000000000000425e-01,1.004640000000000200e+00,8.723599999999999133e-01,8.826800000000000201e-01,8.273600000000002064e-01,9.264000000000002233e-01,8.000399999999999734e-01,1.061597293833260958e+00,1.151512402651803546e+00,1.010710218318394471e+00,8.667029900251446151e-01,8.979611103381374138e-01,9.540730810985238453e-01,9.006943963014337751e-01,7.210000000000000853e-01,1.069480000000000208e+00,7.233199999999999630e-01,1.073839999999999906e+00,7.205199999999997162e-01
9.821999999999998510e-01,9.516399999999999304e-01,8.798799999999999955e-01,1.022279999999999633e+00,1.151119999999999921e+00,1.335120000000000307e+00,1.230319999999999858e+00,8.504000000000000448e-01,8.643200000000001992e-01,8.532800000000001495e-01,7.608399999999998498e-01,7.670399999999998331e-01,6.776344193280475769e-01,8.353178302808441646e-01,9.031732310571873867e-01,9.177375252416856144e-01,9.155200000000000005e-01,8.896800000000000264e-01,1.000800000000000134e+00,8.603199999999998626e-01,8.778799999999999937e-01,8.188800000000001633e-01,9.266800000000001702e-01,7.863200000000000189e-01,1.078047076831258444e+00,1.154046180902692287e+00,1.005361082682337814e+00,8.528476227309742530e-01,8.858190604365818732e-01,9.500945092742797415e-01,8.968059250127152771e-01,6.995600000000000707e-01,1.085800000000000098e+00,7.018799999999999484e-01,1.090319999999999956e+00,6.998399999999996846e-01
9.789199999999999013e-01,9.485999999999998877e-01,8.745199999999999640e-01,1.031279999999999530e+00,1.165039999999999853e+00,1.358560000000000212e+00,1.241999999999999771e+00,8.384400000000000741e-01,8.526800000000002155e-01,8.372400000000002063e-01,7.388799999999998702e-01,7.461599999999998234e-01,6.522093427429517254e-01,8.228596316380075715e-01,8.927720355875500280e-01,9.095491267318642770e-01,9.080399999999999583e-01,8.826800000000000201e-01,9.983600000000001362e-01,8.491599999999999149e-01,8.766000000000000458e-01,8.089200000000001944e-01,9.280400000000001981e-01,7.683600000000000430e-01,1.095032922298118550e+00,1.156820948293785900e+00,9.995743073983635041e-01,8.375340259468488924e-01,8.752862261978582303e-01,9.449832918624823108e-01,8.897355075820552184e-01,6.766000000000000902e-01,1.103439999999999976e+00,6.804399999999999338e-01,1.108239999999999892e+00,6.769599999999996731e-01
9.751599999999999158e-01,9.438799999999998303e-01,8.712799999999999434e-01,1.037679999999999492e+00,1.177239999999999842e+00,1.384840000000000293e+00,1.253399999999999848e+00,8.216800000000000770e-01,8.373600000000002153e-01,8.160000000000001696e-01,7.162399999999998768e-01,7.231199999999997630e-01,6.256716409791340805e-01,8.098979410071270868e-01,8.822593572562973385e-01,9.010657248943995112e-01,8.997600000000000042e-01,8.754000000000000670e-01,9.949200000000001376e-01,8.363999999999999213e-01,8.733600000000000252e-01,8.004000000000002224e-01,9.276400000000002422e-01,7.507600000000000939e-01,1.111851458858574171e+00,1.154128889100966893e+00,9.924355868220202659e-01,8.173847446904252134e-01,8.638436499673017854e-01,9.389987614774776281e-01,8.877116795422063111e-01,6.526400000000001089e-01,1.123159999999999936e+00,6.562399999999999345e-01,1.125439999999999996e+00,6.507599999999996720e-01
9.691599999999999104e-01,9.416799999999998505e-01,8.648399999999999421e-01,1.045239999999999503e+00,1.192559999999999842e+00,1.407800000000000384e+00,1.266919999999999824e+00,8.066800000000000637e-01,8.212800000000002321e-01,7.940400000000001901e-01,6.867999999999998550e-01,6.985199999999998077e-01,5.998613965766740330e-01,7.954632190904485922e-01,8.734640441749639272e-01,8.912325904088059803e-01,8.903999999999999693e-01,8.678000000000000158e-01,9.894800000000001372e-01,8.233599999999998698e-01,8.727599999999999802e-01,7.915200000000002234e-01,9.286000000000002030e-01,7.351600000000000357e-01,1.134516770806508923e+00,1.152203954638938876e+00,9.850477791735400279e-01,7.992773053259623062e-01,8.518647943315524884e-01,9.321451232693800382e-01,8.804466897971097161e-01,6.290800000000000836e-01,1.146639999999999882e+00,6.297599999999998754e-01,1.145599999999999952e+00,6.281999999999996476e-01
9.622399999999998732e-01,9.401999999999998137e-01,8.614799999999999125e-01,1.055039999999999534e+00,1.209119999999999751e+00,1.430120000000000280e+00,1.280119999999999925e+00,7.887200000000000877e-01,8.023600000000001842e-01,7.696000000000001728e-01,6.598399999999998711e-01,6.730399999999997496e-01,5.710369021763229691e-01,7.804553535358526029e-01,8.604509117480979574e-01,8.821132103529548685e-01,8.790000000000000036e-01,8.612400000000000055e-01,9.867600000000000815e-01,8.103199999999998182e-01,8.736399999999999721e-01,7.831200000000002603e-01,9.311600000000002098e-01,7.186799999999999855e-01,1.158340068773695775e+00,1.148082585843031023e+00,9.763882181655988424e-01,7.798095405656528811e-01,8.365158418518895411e-01,9.225144904404586343e-01,8.752799802762810666e-01,6.032400000000001095e-01,1.171639999999999793e+00,6.010799999999998366e-01,1.169680000000000053e+00,6.030399999999996874e-01
9.527999999999998693e-01,9.388399999999997858e-01,8.590799999999999548e-01,1.068879999999999608e+00,1.227599999999999802e+00,1.454480000000000217e+00,1.294559999999999933e+00,7.689600000000000879e-01,7.865200000000002190e-01,7.420800000000001839e-01,6.324399999999998911e-01,6.445599999999997998e-01,5.398325601731871481e-01,7.683498030010458280e-01,8.500148715774358266e-01,8.741402088396845738e-01,8.699599999999999556e-01,8.528799999999999715e-01,9.803200000000000802e-01,7.952399999999998359e-01,8.755999999999999339e-01,7.718400000000003036e-01,9.355600000000001693e-01,6.997599999999999376e-01,1.187321692428179531e+00,1.148133703443743769e+00,9.659480245802734011e-01,7.574565176007240774e-01,8.213077448222925181e-01,9.170954242152560276e-01,8.695671199827014197e-01,5.754000000000001336e-01,1.199119999999999742e+00,5.769999999999998463e-01,1.197999999999999954e+00,5.792799999999996841e-01
9.416799999999998505e-01,9.399199999999997557e-01,8.607199999999999296e-01,1.081159999999999677e+00,1.243959999999999733e+00,1.478160000000000140e+00,1.309320000000000039e+00,7.474800000000001443e-01,7.675200000000002021e-01,7.173600000000002197e-01,6.020399999999999086e-01,6.137999999999997902e-01,5.120964079334872077e-01,7.525308497546560060e-01,8.372154720938009831e-01,8.656846374225832808e-01,8.638000000000000123e-01,8.488399999999999279e-01,9.745200000000000529e-01,7.817199999999998594e-01,8.795599999999998975e-01,7.629600000000003046e-01,9.376800000000001800e-01,6.815999999999999837e-01,1.219501771128263634e+00,1.145898215397923581e+00,9.528340690840398919e-01,7.329197592052807408e-01,8.048343487261400142e-01,9.076110825206935573e-01,8.590386473125655176e-01,5.506000000000000894e-01,1.227919999999999678e+00,5.548799999999998178e-01,1.227719999999999922e+00,5.555999999999996497e-01
9.261999999999998012e-01,9.408799999999997166e-01,8.657199999999999340e-01,1.094399999999999595e+00,1.257759999999999767e+00,1.499920000000000142e+00,1.320400000000000018e+00,7.263600000000001167e-01,7.484400000000002162e-01,6.891200000000001769e-01,5.721999999999999309e-01,5.824399999999998467e-01,4.793600939724955712e-01,7.384211582946100805e-01,8.290026767252041129e-01,8.569791839395939359e-01,8.566000000000000281e-01,8.445599999999999774e-01,9.660800000000000498e-01,7.660799999999998722e-01,8.791199999999999015e-01,7.562800000000002854e-01,9.350800000000001333e-01,6.619199999999999529e-01,1.248093426451437837e+00,1.141972481870388911e+00,9.409213936728603178e-01,7.113047508701348942e-01,7.894701613373767968e-01,8.935023746080432705e-01,8.497076274755166470e-01,5.267600000000001170e-01,1.256199999999999761e+00,5.287199999999998568e-01,1.258519999999999861e+00,5.307199999999996365e-01
9.089599999999997681e-01,9.391999999999997017e-01,8.724799999999999223e-01,1.107959999999999612e+00,1.274239999999999817e+00,1.522440000000000238e+00,1.334440000000000071e+00,7.066800000000000859e-01,7.264400000000001967e-01,6.604800000000001781e-01,5.390799999999998926e-01,5.491999999999997994e-01,4.475621284993121507e-01,7.248141445161093710e-01,8.226477492721550044e-01,8.487678305000032619e-01,8.507264108205174757e-01,8.389999999999999680e-01,9.593200000000000616e-01,7.465599999999998904e-01,8.809199999999999253e-01,7.491600000000002701e-01,9.339600000000001234e-01,6.443599999999999328e-01,1.279217032350778327e+00,1.139133312516615870e+00,9.272049501949871653e-01,6.896397043584986397e-01,7.731705794960379574e-01,8.823029228981117411e-01,8.386395481661839124e-01,5.031600000000001627e-01,1.282439999999999802e+00,5.047999999999998044e-01,1.289079999999999782e+00,5.090399999999996039e-01
8.942799999999997418e-01,9.401999999999997026e-01,8.766399999999999748e-01,1.121599999999999708e+00,1.289639999999999898e+00,1.540320000000000134e+00,1.349600000000000133e+00,6.858800000000000452e-01,7.075200000000001488e-01,6.338800000000002210e-01,5.077999999999999181e-01,5.165999999999998371e-01,4.145392297168755125e-01,7.158741078552957049e-01,8.194758869580073268e-01,8.438539238204049164e-01,8.463023490364665058e-01,8.347200000000000175e-01,9.524800000000001043e-01,7.293599999999998973e-01,8.817199999999999482e-01,7.445200000000002927e-01,9.325200000000001266e-01,6.288399999999999546e-01,1.307017677180138282e+00,1.133439000932973340e+00,9.160895767450648597e-01,6.653550238214372969e-01,7.557618446812836011e-01,8.684023190740529641e-01,8.302236070676933810e-01,4.824000000000001620e-01,1.312159999999999771e+00,4.833199999999998053e-01,1.316959999999999908e+00,4.872799999999996023e-01
8.745999999999997110e-01,9.378799999999997139e-01,8.848399999999999599e-01,1.132119999999999793e+00,1.304479999999999862e+00,1.556720000000000104e+00,1.364200000000000079e+00,6.673999999999999932e-01,6.890400000000000968e-01,6.074000000000001620e-01,4.803199999999999137e-01,4.840399999999998593e-01,3.861410879721482448e-01,7.098833241716601128e-01,8.181691139630792309e-01,8.456372420820418290e-01,8.446757867187930646e-01,8.307200000000000140e-01,9.467600000000001570e-01,7.129599999999999271e-01,8.811199999999999033e-01,7.416400000000002990e-01,9.294000000000001149e-01,6.139999999999999902e-01,1.335145697435379031e+00,1.132092343531384548e+00,9.022107971767541201e-01,6.475742009909727370e-01,7.399689648709373291e-01,8.556509079596624767e-01,8.223516380153853556e-01,4.639600000000001501e-01,1.338239999999999652e+00,4.637599999999997835e-01,1.344199999999999839e+00,4.696399999999996133e-01
8.529199999999996784e-01,9.393199999999997107e-01,8.941599999999999548e-01,1.150399999999999867e+00,1.318159999999999776e+00,1.571400000000000130e+00,1.378360000000000030e+00,6.488000000000000433e-01,6.760800000000001253e-01,5.845200000000001506e-01,4.503199999999998870e-01,4.505599999999998495e-01,3.583814904258409983e-01,7.047268352332776153e-01,8.170543373963936595e-01,8.482469814762180205e-01,8.430837397010916279e-01,8.261199999999999655e-01,9.379600000000001270e-01,6.955599999999999561e-01,8.783599999999999186e-01,7.428000000000003489e-01,9.226800000000001667e-01,6.011600000000000277e-01,1.361365319371626414e+00,1.129298002726480288e+00,8.886518115228990711e-01,6.258297588297974112e-01,7.232513984419222108e-01,8.437401386567757733e-01,8.096242517636118574e-01,4.500000000000001776e-01,1.361039999999999583e+00,4.465999999999997749e-01,1.368359999999999799e+00,4.557199999999996254e-01
8.320399999999996687e-01,9.399199999999997557e-01,9.032399999999999318e-01,1.163919999999999844e+00,1.329399999999999693e+00,1.584800000000000209e+00,1.388840000000000074e+00,6.320800000000000862e-01,6.622800000000000908e-01,5.625600000000001710e-01,4.245999999999998664e-01,4.151599999999998625e-01,3.326214904258409932e-01,7.035268352332776365e-01,8.200543373963936622e-01,8.503669814762180312e-01,8.490037397010916642e-01,8.244399999999999507e-01,9.267600000000001392e-01,6.729999999999999316e-01,8.783999999999999586e-01,7.468400000000003924e-01,9.168400000000002104e-01,5.899600000000000399e-01,1.383276063288464419e+00,1.126230578448036201e+00,8.783318771451562590e-01,6.065354809010572446e-01,7.094628515491703258e-01,8.308628074846658995e-01,8.009577822602778063e-01,4.354000000000001758e-01,1.383239999999999581e+00,4.349199999999997512e-01,1.386399999999999855e+00,4.453999999999996295e-01
8.133599999999996388e-01,9.466399999999997039e-01,9.099599999999998801e-01,1.175399999999999778e+00,1.341439999999999744e+00,1.593720000000000248e+00,1.398160000000000069e+00,6.205600000000001115e-01,6.516400000000001080e-01,5.432800000000002072e-01,4.011999999999998345e-01,3.828799999999998316e-01,3.104214904258409957e-01,7.026468352332776446e-01,8.274543373963936244e-01,8.575269814762180864e-01,8.539237397010916997e-01,8.221999999999999309e-01,9.200000000000001510e-01,6.567999999999999394e-01,8.733999999999999542e-01,7.525600000000004508e-01,9.076000000000001844e-01,5.822399999999999798e-01,1.402853909646621489e+00,1.125038844382659109e+00,8.681730554260385091e-01,5.890144216362311891e-01,6.952422897621284292e-01,8.177429672973033359e-01,7.887223005406683862e-01,4.232000000000001871e-01,1.402879999999999683e+00,4.300399999999997558e-01,1.409599999999999964e+00,4.387599999999996503e-01
7.966799999999996107e-01,9.468399999999996819e-01,9.178799999999999182e-01,1.187279999999999891e+00,1.353519999999999834e+00,1.604680000000000328e+00,1.410560000000000036e+00,6.090800000000000658e-01,6.438800000000001189e-01,5.272400000000001530e-01,3.832799999999998430e-01,3.536399999999998434e-01,2.913814904258409944e-01,7.066068352332776081e-01,8.348143373963936575e-01,8.676869814762181443e-01,8.625637397010916807e-01,8.250399999999999956e-01,9.110400000000001830e-01,6.412399999999999212e-01,8.724399999999999933e-01,7.591600000000005011e-01,8.971200000000001396e-01,5.740799999999999237e-01,1.420035612239781919e+00,1.126612737373273276e+00,8.565344069839138097e-01,5.745570699962740946e-01,6.830435533007896964e-01,8.055292772407967039e-01,7.794781605972043170e-01,4.191200000000001591e-01,1.416759999999999797e+00,4.244399999999997619e-01,1.424479999999999968e+00,4.324799999999996425e-01
7.799999999999995826e-01,9.478799999999997228e-01,9.255599999999999383e-01,1.193719999999999892e+00,1.364599999999999813e+00,1.613160000000000371e+00,1.425280000000000102e+00,5.977600000000000691e-01,6.378800000000001136e-01,5.110800000000002008e-01,3.609999999999998210e-01,3.260399999999998299e-01,2.738614904258410143e-01,7.063668352332775902e-01,8.446543373963936174e-01,8.750869814762181065e-01,8.695237397010916469e-01,8.257200000000000095e-01,9.048800000000001287e-01,6.264799999999999258e-01,8.711200000000000054e-01,7.646400000000005415e-01,8.861600000000001698e-01,5.681599999999998873e-01,1.435633248973114062e+00,1.125050047357400773e+00,8.480955411153072721e-01,5.604097148819254803e-01,6.742506221695289126e-01,7.941460838288775248e-01,7.710926591693767485e-01,4.133600000000001717e-01,1.428039999999999754e+00,4.177999999999997827e-01,1.437000000000000055e+00,4.325599999999996670e-01
7.663599999999995971e-01,9.409999999999997256e-01,9.314799999999999747e-01,1.205199999999999827e+00,1.371959999999999846e+00,1.616000000000000325e+00,1.430840000000000112e+00,5.879600000000000382e-01,6.311200000000001253e-01,4.963600000000001899e-01,3.402399999999998204e-01,3.015999999999998127e-01,2.586198029378233842e-01,7.066868352332775771e-01,8.530543373963935805e-01,8.851269814762181554e-01,8.799237397010916117e-01,8.272567368698632295e-01,9.009200000000001651e-01,6.137599999999999723e-01,8.699200000000000266e-01,7.714800000000004987e-01,8.748400000000001731e-01,5.609599999999999032e-01,1.448483375128690520e+00,1.120451829379692565e+00,8.392966891160323906e-01,5.492539166740647572e-01,6.646523360215853549e-01,7.870447757200667027e-01,7.644778531270693955e-01,4.082800000000001428e-01,1.443479999999999652e+00,4.172799999999997622e-01,1.448919999999999986e+00,4.308399999999996677e-01
7.545199999999996354e-01,9.420799999999996954e-01,9.413599999999999746e-01,1.220119999999999871e+00,1.385359999999999925e+00,1.617840000000000389e+00,1.439400000000000013e+00,5.860000000000000764e-01,6.255600000000001160e-01,4.819600000000001661e-01,3.220399999999998264e-01,2.783999999999998143e-01,2.425058077342388818e-01,7.124068352332775245e-01,8.616143373963935925e-01,8.992069814762181368e-01,8.868437397010916490e-01,8.246539123536636984e-01,8.960000000000001297e-01,6.024399999999999755e-01,8.693600000000000216e-01,7.798800000000004617e-01,8.607200000000001516e-01,5.513999999999998902e-01,1.457099529634702018e+00,1.119942907510479424e+00,8.338977328453044402e-01,5.379307711339202935e-01,6.517743657899149889e-01,7.792937315234739204e-01,7.554300342141295754e-01,4.060400000000001230e-01,1.452759999999999607e+00,4.184399999999997566e-01,1.457240000000000091e+00,4.342799999999996663e-01
7.417599999999996419e-01,9.364399999999997171e-01,9.481600000000000028e-01,1.230879999999999974e+00,1.392560000000000020e+00,1.619000000000000439e+00,1.452800000000000091e+00,5.871600000000001263e-01,6.188000000000001277e-01,4.677200000000001912e-01,3.048799999999998178e-01,2.561999999999998168e-01,2.241057684779992898e-01,7.154868352332774961e-01,8.684543373963935498e-01,9.121669814762181083e-01,8.984437397010917037e-01,8.246674133439426679e-01,8.959600000000000897e-01,5.858400000000000274e-01,8.692400000000000126e-01,7.880000000000004778e-01,8.538000000000001144e-01,5.443199999999999150e-01,1.464127038262839076e+00,1.123462426043013718e+00,8.283386278864720564e-01,5.217952305135422630e-01,6.383333165923958941e-01,7.724844437354119187e-01,7.487972839734211572e-01,4.020000000000001350e-01,1.461319999999999508e+00,4.199999999999997624e-01,1.469960000000000155e+00,4.323999999999996735e-01
7.291999999999996263e-01,9.328799999999997095e-01,9.521199999999999664e-01,1.242040000000000033e+00,1.399559999999999915e+00,1.625600000000000378e+00,1.461600000000000010e+00,5.848800000000001775e-01,6.176800000000001178e-01,4.543200000000001681e-01,2.879999999999998117e-01,2.390799999999998204e-01,2.093362586084435706e-01,7.216468352332774394e-01,8.814543373963935613e-01,9.279269814762181046e-01,9.091237397010917265e-01,8.277135233375270129e-01,8.935600000000001319e-01,5.770000000000000684e-01,8.731999999999999762e-01,7.976400000000004598e-01,8.418800000000000727e-01,5.365199999999998859e-01,1.471688546448834733e+00,1.122378302728733068e+00,8.252590320788285583e-01,5.089410606984602348e-01,6.275645685223967263e-01,7.659640697852210245e-01,7.439449075138443446e-01,4.049600000000001532e-01,1.467559999999999532e+00,4.214799999999997437e-01,1.476080000000000059e+00,4.318399999999996686e-01
7.184799999999996745e-01,9.287199999999997679e-01,9.539199999999999902e-01,1.255160000000000053e+00,1.408839999999999870e+00,1.625560000000000338e+00,1.470560000000000089e+00,5.830000000000001847e-01,6.165200000000000680e-01,4.430800000000001959e-01,2.745599999999998042e-01,2.224799999999998168e-01,1.977767878975209559e-01,7.244068352332774241e-01,8.898543373963935244e-01,9.442469814762181057e-01,9.194837397010917623e-01,8.275512200598251766e-01,8.944000000000000838e-01,5.637200000000001099e-01,8.743999999999999551e-01,8.075600000000004997e-01,8.292400000000000881e-01,5.316399999999998904e-01,1.477922754775149894e+00,1.124375153019953943e+00,8.216993534275432998e-01,4.935342366304704687e-01,6.186901335179427752e-01,7.599646290712477326e-01,7.406892062471488458e-01,4.062000000000001720e-01,1.470999999999999641e+00,4.248399999999997734e-01,1.483800000000000008e+00,4.289999999999996594e-01
7.090399999999996705e-01,9.282799999999997720e-01,9.561999999999999389e-01,1.261600000000000055e+00,1.413919999999999844e+00,1.626360000000000250e+00,1.475640000000000063e+00,5.898800000000001820e-01,6.112800000000000455e-01,4.300000000000002154e-01,2.613599999999998147e-01,2.079199999999998272e-01,1.882087662696302066e-01,7.329268352332773961e-01,8.998543373963935332e-01,9.593669814762181280e-01,9.353237397010917276e-01,8.301013173852814786e-01,8.916400000000000992e-01,5.504400000000001514e-01,8.781999999999999806e-01,8.165600000000005076e-01,8.172400000000000775e-01,5.249999999999999112e-01,1.480645539274799471e+00,1.129085270370030925e+00,8.163396389152127730e-01,4.824080654203986018e-01,6.061765790396241860e-01,7.519720290800773199e-01,7.343179772974586239e-01,4.049200000000001687e-01,1.475319999999999743e+00,4.230799999999997896e-01,1.492280000000000051e+00,4.319199999999996376e-01
7.007999999999996454e-01,9.281999999999998030e-01,9.615199999999999303e-01,1.269880000000000120e+00,1.420759999999999801e+00,1.628440000000000332e+00,1.483559999999999990e+00,5.905600000000001959e-01,6.126800000000000024e-01,4.150400000000002421e-01,2.466399999999998038e-01,1.920399999999998220e-01,1.829139866336781939e-01,7.371268352332773777e-01,9.118943373963935839e-01,9.750869814762180843e-01,9.499637397010917139e-01,8.348777011015225957e-01,8.904800000000000493e-01,5.390000000000001457e-01,8.793999999999999595e-01,8.294000000000004702e-01,8.099200000000000843e-01,5.215999999999999526e-01,1.486251027178240758e+00,1.130891041559408894e+00,8.100199779316876736e-01,4.720840122572647624e-01,5.946149683023638222e-01,7.458931582130201576e-01,7.262345219170139865e-01,4.095600000000001462e-01,1.478119999999999656e+00,4.253599999999997938e-01,1.494920000000000027e+00,4.349599999999996247e-01
6.902399999999996316e-01,9.262399999999998412e-01,9.603999999999999204e-01,1.276000000000000023e+00,1.420799999999999841e+00,1.627120000000000344e+00,1.489959999999999951e+00,5.904400000000001869e-01,6.133999999999999453e-01,4.028000000000002134e-01,2.332399999999998086e-01,1.789599999999998137e-01,1.712242285801686137e-01,7.441268352332773839e-01,9.216943373963936148e-01,9.913669814762180454e-01,9.616037397010916976e-01,8.381917814859644045e-01,8.910021529153516751e-01,5.238400000000001944e-01,8.815600000000000103e-01,8.414800000000004498e-01,7.977200000000000957e-01,5.139199999999999324e-01,1.489659352678126547e+00,1.136301501102408684e+00,8.043803010703921563e-01,4.642767730601747855e-01,5.816334439217432095e-01,7.421564193319949432e-01,7.243430500812439998e-01,4.103200000000001291e-01,1.482079999999999620e+00,4.322399999999997910e-01,1.495719999999999938e+00,4.359999999999996101e-01
6.813999999999996726e-01,9.200399999999998579e-01,9.624799999999998912e-01,1.282720000000000082e+00,1.424919999999999742e+00,1.624880000000000324e+00,1.495039999999999925e+00,5.897600000000001730e-01,6.113199999999999745e-01,3.950000000000001843e-01,2.190799999999998027e-01,1.655999999999998307e-01,1.630423182788400260e-01,7.456868352332773897e-01,9.291343373963936170e-01,1.008846981476217985e+00,9.751637397010917141e-01,8.449750496458670046e-01,8.927742481748047743e-01,5.147200000000001774e-01,8.839599999999999680e-01,8.489600000000004920e-01,7.922800000000000953e-01,5.099199999999999289e-01,1.498850025881071080e+00,1.137493016923593503e+00,8.031005529374343199e-01,4.546889414789591632e-01,5.719676366590084049e-01,7.327447905357401536e-01,7.218723084578092530e-01,4.125200000000001088e-01,1.488639999999999519e+00,4.313599999999997991e-01,1.501679999999999904e+00,4.386799999999996258e-01
6.704399999999997029e-01,9.167199999999998683e-01,9.654399999999998538e-01,1.292040000000000077e+00,1.431439999999999824e+00,1.623640000000000416e+00,1.500719999999999832e+00,5.914000000000001478e-01,6.125599999999999934e-01,3.848800000000001664e-01,2.063199999999997813e-01,1.547599999999998144e-01,1.543768198547161852e-01,7.510868352332773501e-01,9.399343373963936488e-01,1.025126981476218058e+00,9.876437397010917607e-01,8.521585593426542760e-01,8.949976690305943006e-01,5.027200000000001667e-01,8.857599999999999918e-01,8.582400000000004470e-01,7.820000000000001394e-01,5.049199999999999244e-01,1.501408573991545259e+00,1.140386413253192455e+00,8.024607044643901066e-01,4.424456461950744823e-01,5.617316411002393206e-01,7.299752880720131731e-01,7.184995171327227537e-01,4.116800000000001014e-01,1.490279999999999605e+00,4.320399999999998131e-01,1.506479999999999819e+00,4.385999999999996013e-01
6.635999999999997456e-01,9.124399999999999178e-01,9.654399999999998538e-01,1.299160000000000093e+00,1.442159999999999886e+00,1.622400000000000508e+00,1.505039999999999711e+00,5.934000000000001496e-01,6.116800000000000015e-01,3.744800000000001461e-01,1.959199999999997888e-01,1.450799999999998202e-01,1.458902976421151410e-01,7.567268352332773285e-01,9.486943373963936388e-01,1.042206981476218042e+00,9.996037397010917314e-01,8.566997065862815841e-01,8.937502826996601701e-01,4.913600000000001855e-01,8.917199999999999571e-01,8.669200000000004680e-01,7.766800000000001480e-01,4.990399999999999281e-01,1.507415437363060384e+00,1.140365272830650145e+00,7.983808502176870103e-01,4.320515914630531640e-01,5.512635604858061589e-01,7.231192807965630687e-01,7.147990963898867012e-01,4.111600000000000810e-01,1.495999999999999552e+00,4.365199999999997971e-01,1.510359999999999925e+00,4.464399999999996149e-01
6.585599999999997012e-01,9.119599999999998818e-01,9.641599999999999060e-01,1.300280000000000102e+00,1.447839999999999794e+00,1.620840000000000503e+00,1.509959999999999747e+00,5.965600000000002012e-01,6.138399999999999412e-01,3.668000000000001259e-01,1.848399999999997823e-01,1.358799999999998342e-01,1.368073419668462409e-01,7.609668352332773500e-01,9.603343373963936225e-01,1.057126981476218086e+00,1.013763739701091682e+00,8.593998715828664592e-01,8.930709123041581377e-01,4.807200000000002027e-01,8.935599999999999099e-01,8.825200000000004152e-01,7.717200000000001836e-01,4.930799999999999073e-01,1.510920713824017492e+00,1.146890169981965357e+00,7.952609823529613875e-01,4.199415186652831755e-01,5.415518510390625595e-01,7.181786123506080921e-01,7.147924298779633201e-01,4.129200000000000648e-01,1.497199999999999642e+00,4.393599999999998063e-01,1.508919999999999817e+00,4.511599999999996169e-01
6.472799999999997445e-01,9.067599999999998994e-01,9.639999999999999680e-01,1.306000000000000050e+00,1.450599999999999890e+00,1.619480000000000475e+00,1.516759999999999664e+00,6.005200000000001648e-01,6.150799999999999601e-01,3.562000000000001276e-01,1.740399999999997782e-01,1.294399999999998330e-01,1.289243900982509072e-01,7.638468352332773437e-01,9.686543373963936165e-01,1.073126981476218100e+00,1.026803739701091622e+00,8.602953255240607389e-01,8.933452857005385050e-01,4.703600000000002224e-01,8.951999999999998847e-01,8.885600000000004606e-01,7.649600000000001954e-01,4.888399999999998857e-01,1.515498817483923455e+00,1.147818947057780203e+00,7.957011457865809101e-01,4.097757341286967780e-01,5.305000795125557334e-01,7.142350987838895771e-01,7.107778247133820226e-01,4.174400000000000888e-01,1.500239999999999574e+00,4.411999999999998145e-01,1.512959999999999861e+00,4.568399999999996353e-01
6.395199999999997553e-01,9.028399999999998649e-01,9.688799999999999635e-01,1.313520000000000021e+00,1.457839999999999803e+00,1.618320000000000425e+00,1.519399999999999640e+00,6.083600000000001229e-01,6.171999999999999709e-01,3.465200000000001057e-01,1.628399999999997627e-01,1.181199999999998362e-01,1.225913675873560871e-01,7.720868352332773688e-01,9.794143373963936083e-01,1.087406981476218171e+00,1.035283739701091665e+00,8.629061947318665826e-01,8.951355020345337365e-01,4.574000000000002508e-01,8.970799999999998775e-01,8.976800000000004776e-01,7.546800000000002395e-01,4.841199999999998838e-01,1.520066185991557628e+00,1.157929893543652611e+00,7.912212938855457400e-01,3.964841595036244226e-01,5.179682694015890210e-01,7.106870119187463919e-01,7.071004209743007030e-01,4.180400000000000782e-01,1.505199999999999649e+00,4.430799999999998073e-01,1.517599999999999838e+00,4.601199999999996404e-01
6.334799999999997100e-01,8.986799999999998123e-01,9.658799999999999608e-01,1.318359999999999976e+00,1.461239999999999872e+00,1.617040000000000477e+00,1.521079999999999544e+00,6.144000000000001682e-01,6.140400000000000302e-01,3.359200000000001074e-01,1.514399999999997692e-01,1.087599999999998290e-01,1.191279239342778046e-01,7.758468352332773543e-01,9.868943373963936505e-01,1.106726981476218175e+00,1.047603739701091552e+00,8.650314509833048060e-01,8.908715700337136445e-01,4.457600000000002671e-01,8.984799999999998343e-01,9.092000000000004523e-01,7.425600000000002199e-01,4.759599999999998832e-01,1.522157170432131279e+00,1.161409537683080861e+00,7.924614365547962835e-01,3.842945826485894556e-01,5.073229487046557740e-01,7.046195936417315453e-01,6.998393188288566380e-01,4.174000000000000488e-01,1.507559999999999567e+00,4.455199999999998051e-01,1.519999999999999796e+00,4.593599999999996575e-01
6.259199999999996988e-01,8.903999999999998582e-01,9.647599999999999509e-01,1.327679999999999971e+00,1.468159999999999910e+00,1.615840000000000387e+00,1.525159999999999627e+00,6.186400000000001898e-01,6.128400000000000514e-01,3.291600000000001192e-01,1.432399999999997842e-01,1.020399999999998253e-01,1.117946126047354855e-01,7.802468352332773138e-01,9.916543373963936370e-01,1.120646981476218107e+00,1.058523739701091593e+00,8.653617363006808061e-01,8.937443670031591791e-01,4.346000000000002639e-01,9.009199999999998321e-01,9.178400000000004333e-01,7.340000000000002078e-01,4.703199999999999048e-01,1.526172130198510724e+00,1.162037922740177143e+00,7.967815547340005855e-01,3.696627931926502741e-01,4.971406904758314260e-01,7.021946627591336698e-01,6.987819771557503001e-01,4.182400000000000562e-01,1.511239999999999473e+00,4.456799999999997985e-01,1.524759999999999893e+00,4.605999999999996763e-01
6.173599999999996868e-01,8.855199999999998628e-01,9.619599999999999262e-01,1.337679999999999980e+00,1.468719999999999803e+00,1.615280000000000271e+00,1.527279999999999527e+00,6.224800000000001443e-01,6.142400000000000082e-01,3.219200000000000950e-01,1.329999999999997851e-01,9.375999999999982959e-02,1.097062014719972084e-01,7.866868352332773151e-01,1.000414337396393627e+00,1.136086981476218005e+00,1.073403739701091597e+00,8.678442425968719842e-01,8.949537470218460466e-01,4.275600000000002732e-01,9.016799999999998150e-01,9.282000000000004691e-01,7.274000000000001576e-01,4.643999999999999240e-01,1.531121555479967311e+00,1.161818071278734044e+00,7.943816591513032099e-01,3.574277254005318039e-01,4.871145780092139277e-01,7.012457905452131879e-01,6.979684885070589484e-01,4.190400000000000791e-01,1.514079999999999426e+00,4.491599999999997817e-01,1.526679999999999815e+00,4.633599999999996610e-01
6.117999999999996774e-01,8.766799999999999038e-01,9.602399999999998714e-01,1.344799999999999995e+00,1.471919999999999895e+00,1.614800000000000235e+00,1.528039999999999621e+00,6.277600000000000957e-01,6.161600000000000410e-01,3.142400000000000748e-01,1.222399999999997794e-01,8.799999999999982836e-02,1.047415187951966087e-01,7.903268352332772917e-01,1.007374337396393704e+00,1.148966981476218008e+00,1.085643739701091626e+00,8.718497187655769309e-01,8.950151395471320770e-01,4.134400000000002517e-01,9.000399999999998402e-01,9.394400000000004969e-01,7.212400000000001032e-01,4.571199999999999153e-01,1.533521738167070048e+00,1.164821772114636778e+00,7.905018330550421801e-01,3.421597900798470926e-01,4.786758646081751278e-01,6.964561383120945193e-01,6.961317162077084175e-01,4.211200000000000498e-01,1.515479999999999494e+00,4.508799999999997810e-01,1.531279999999999752e+00,4.666799999999996507e-01
6.069199999999996820e-01,8.717999999999999083e-01,9.575199999999999267e-01,1.349839999999999929e+00,1.473279999999999923e+00,1.612800000000000233e+00,1.528119999999999701e+00,6.328800000000001091e-01,6.149600000000000621e-01,3.046000000000000929e-01,1.128799999999997722e-01,8.259999999999982634e-02,1.004101497253611641e-01,7.944868352332773442e-01,1.012454337396393678e+00,1.169046981476218106e+00,1.095483739701091697e+00,8.769340379774218652e-01,8.966320137024798020e-01,4.050000000000002487e-01,9.049999999999998046e-01,9.513600000000005386e-01,7.153200000000000669e-01,4.489599999999999147e-01,1.536110776246029985e+00,1.167014666821033719e+00,7.842621073405692256e-01,3.284980478018086902e-01,4.691316952932852447e-01,6.903448598106323164e-01,6.927838708555724700e-01,4.222800000000000442e-01,1.514719999999999400e+00,4.568399999999998018e-01,1.535799999999999832e+00,4.679599999999996540e-01
5.995599999999996488e-01,8.677999999999999048e-01,9.551999999999999380e-01,1.357559999999999878e+00,1.476599999999999913e+00,1.613840000000000163e+00,1.531959999999999766e+00,6.408400000000000762e-01,6.160400000000000320e-01,2.938800000000000856e-01,1.080799999999997735e-01,7.819999999999982521e-02,9.688587125244220444e-02,7.994068352332773797e-01,1.018854337396393639e+00,1.186566981476218086e+00,1.104083739701091638e+00,8.757773750970716531e-01,8.980850474346037116e-01,3.933600000000002650e-01,9.075999999999998513e-01,9.634000000000005892e-01,7.098400000000000265e-01,4.416799999999999060e-01,1.542633384752390757e+00,1.173496217571179612e+00,7.837775781838293154e-01,3.147796458776023210e-01,4.575909631075709694e-01,6.875094912174120054e-01,6.928293206759759126e-01,4.241200000000000525e-01,1.511639999999999429e+00,4.598799999999997890e-01,1.539959999999999773e+00,4.715599999999996461e-01
5.904799999999996718e-01,8.630799999999998473e-01,9.516799999999999704e-01,1.364519999999999955e+00,1.476799999999999891e+00,1.611720000000000264e+00,1.534999999999999698e+00,6.455200000000000937e-01,6.182400000000000118e-01,2.858400000000000940e-01,9.983999999999979003e-02,7.503999999999982906e-02,8.944626361884983057e-02,8.034868352332773522e-01,1.024774337396393564e+00,1.198646981476218176e+00,1.112803739701091699e+00,8.772233608575000785e-01,8.976305116018536978e-01,3.835200000000002496e-01,9.110399999999998499e-01,9.726000000000005752e-01,7.051199999999999690e-01,4.335199999999999054e-01,1.546413727860547649e+00,1.176629243854794504e+00,7.809336310907810663e-01,3.041097943650193924e-01,4.482577729422652091e-01,6.861934699759159040e-01,6.900076637179584083e-01,4.297600000000000309e-01,1.510679999999999357e+00,4.620799999999997687e-01,1.540719999999999867e+00,4.694799999999996198e-01
5.806799999999996409e-01,8.586399999999998478e-01,9.497999999999999776e-01,1.368999999999999995e+00,1.480199999999999960e+00,1.611720000000000264e+00,1.534999999999999698e+00,6.486400000000001054e-01,6.184399999999999897e-01,2.738800000000001234e-01,9.551999999999978563e-02,7.003999999999983850e-02,8.692405598491821650e-02,8.094868352332773576e-01,1.029414337396393542e+00,1.207406981476218277e+00,1.122003739701091796e+00,8.835051553551112047e-01,8.969590067814732226e-01,3.722400000000002374e-01,9.173199999999998022e-01,9.838000000000005629e-01,7.010799999999999255e-01,4.251599999999999269e-01,1.549276972168244892e+00,1.182643058562707239e+00,7.777693900699167440e-01,2.925996124487530992e-01,4.378879410997175703e-01,6.855156425871401504e-01,6.869787354888877706e-01,4.316000000000000392e-01,1.511359999999999371e+00,4.673599999999997756e-01,1.542039999999999855e+00,4.742799999999995908e-01
5.743599999999996486e-01,8.543199999999998573e-01,9.445599999999999552e-01,1.379000000000000004e+00,1.485079999999999956e+00,1.606640000000000290e+00,1.536159999999999748e+00,6.554800000000000626e-01,6.181200000000000028e-01,2.663200000000001122e-01,8.895999999999978924e-02,6.439999999999983238e-02,8.223215710114407939e-02,8.133668352332773521e-01,1.036334337396393579e+00,1.222286981476218282e+00,1.132763739701091898e+00,8.860684000471188426e-01,8.999349718278337740e-01,3.616000000000002546e-01,9.222799999999997667e-01,9.947600000000005327e-01,7.000799999999999246e-01,4.206399999999999584e-01,1.552945355055494359e+00,1.188567636377829251e+00,7.764843162404274635e-01,2.850886900626995457e-01,4.294632805023631539e-01,6.815558697902978080e-01,6.843451212328423017e-01,4.350000000000000533e-01,1.509319999999999329e+00,4.687599999999997880e-01,1.543639999999999901e+00,4.782799999999995944e-01
5.697599999999996001e-01,8.473599999999998911e-01,9.406399999999999206e-01,1.385920000000000041e+00,1.487039999999999917e+00,1.600760000000000183e+00,1.540359999999999729e+00,6.608800000000000230e-01,6.163600000000000190e-01,2.551600000000001089e-01,8.447999999999977749e-02,6.295999999999983554e-02,8.041227487338110935e-02,8.182468352332773476e-01,1.041094337396393676e+00,1.237966981476218198e+00,1.144123739701091935e+00,8.906695009318185141e-01,9.053806860519204580e-01,3.520400000000002416e-01,9.257999999999997343e-01,1.004640000000000422e+00,6.957199999999998941e-01,4.144399999999999751e-01,1.558297185061635837e+00,1.193107731941393634e+00,7.739180222778175855e-01,2.691731151745526684e-01,4.231541495896549154e-01,6.776394405678946020e-01,6.831576611965864965e-01,4.344000000000000639e-01,1.512599999999999278e+00,4.737999999999997769e-01,1.546759999999999913e+00,4.790799999999995618e-01
5.643999999999995687e-01,8.400399999999998979e-01,9.370799999999999130e-01,1.390919999999999934e+00,1.491359999999999797e+00,1.600200000000000289e+00,1.547559999999999825e+00,6.671200000000000463e-01,6.208400000000000585e-01,2.488000000000001044e-01,7.899999999999976485e-02,5.715999999999984288e-02,7.506092561562267840e-02,8.202868352332773894e-01,1.042734337396393762e+00,1.251806981476218272e+00,1.155923739701091968e+00,8.943121699031492122e-01,9.020374408271039091e-01,3.388400000000002521e-01,9.304799999999997517e-01,1.017040000000000388e+00,6.890399999999998748e-01,4.087599999999999567e-01,1.558714473151873614e+00,1.197338958370328665e+00,7.738776557694310165e-01,2.583918723339053147e-01,4.165027517023793813e-01,6.767206737970214991e-01,6.755224707309172016e-01,4.347200000000000508e-01,1.513359999999999372e+00,4.764799999999997926e-01,1.547119999999999829e+00,4.836399999999995702e-01
5.593199999999995953e-01,8.347199999999999065e-01,9.331199999999999495e-01,1.390919999999999934e+00,1.493919999999999693e+00,1.596280000000000365e+00,1.546639999999999793e+00,6.726000000000000867e-01,6.188000000000000167e-01,2.431600000000000983e-01,7.595999999999976382e-02,5.551999999999984725e-02,6.730455673884994106e-02,8.229268352332773651e-01,1.048494337396393750e+00,1.267006981476218375e+00,1.164243739701092073e+00,8.971148029522141298e-01,9.002169652869124183e-01,3.287200000000002342e-01,9.318399999999997796e-01,1.027680000000000371e+00,6.834799999999998654e-01,4.001199999999999757e-01,1.562596228930095421e+00,1.200957493051468372e+00,7.755124077571715624e-01,2.483950718002894964e-01,4.061942133422042356e-01,6.741612851658872474e-01,6.742148852981173501e-01,4.334800000000000320e-01,1.518639999999999324e+00,4.750399999999997958e-01,1.547759999999999803e+00,4.855999999999995875e-01
5.547999999999996268e-01,8.269599999999999174e-01,9.337199999999999944e-01,1.394959999999999978e+00,1.494079999999999631e+00,1.593960000000000266e+00,1.551919999999999744e+00,6.794800000000000839e-01,6.216399999999999704e-01,2.328000000000000902e-01,7.063999999999977242e-02,5.551999999999984725e-02,6.298442394112632736e-02,8.276868352332773515e-01,1.054174337396393657e+00,1.274486981476218306e+00,1.174763739701092158e+00,8.974362550223023982e-01,9.002273061217650474e-01,3.142800000000002258e-01,9.362799999999997791e-01,1.037160000000000304e+00,6.747199999999998754e-01,3.928399999999999670e-01,1.565676345675322212e+00,1.202690576107447118e+00,7.751088808749706516e-01,2.362320175453655469e-01,3.975056440191307994e-01,6.664028232898439041e-01,6.765357288576391293e-01,4.366000000000000436e-01,1.521719999999999295e+00,4.757599999999997942e-01,1.549279999999999768e+00,4.929199999999995807e-01
5.482399999999996165e-01,8.233599999999998698e-01,9.327600000000000335e-01,1.400879999999999903e+00,1.492559999999999665e+00,1.593040000000000234e+00,1.553879999999999706e+00,6.811200000000000587e-01,6.200799999999999645e-01,2.245600000000000929e-01,6.427999999999978176e-02,5.583999999999985503e-02,6.113991989145854677e-02,8.296068352332773843e-01,1.059334337396393710e+00,1.287286981476218228e+00,1.186843739701092248e+00,9.031567067117384218e-01,9.016313827299936579e-01,3.099600000000002353e-01,9.402799999999997826e-01,1.050280000000000324e+00,6.720799999999998997e-01,3.853999999999999648e-01,1.563810298339379568e+00,1.206483097276986216e+00,7.771100835975148780e-01,2.263172476980051806e-01,3.898435764526945180e-01,6.630430561840690018e-01,6.739082665366854519e-01,4.396400000000000308e-01,1.523839999999999195e+00,4.788399999999997658e-01,1.549599999999999866e+00,4.967599999999995908e-01
5.446399999999995689e-01,8.192399999999998572e-01,9.299200000000000799e-01,1.407159999999999966e+00,1.492519999999999625e+00,1.588840000000000252e+00,1.553359999999999630e+00,6.853600000000000803e-01,6.198799999999999866e-01,2.180800000000001071e-01,5.879999999999978300e-02,5.191999999999985516e-02,5.337321257150860754e-02,8.297668352332774333e-01,1.063294337396393674e+00,1.302486981476218331e+00,1.192763739701092174e+00,9.104384039558988118e-01,9.036906781513379672e-01,3.035600000000002185e-01,9.429599999999997983e-01,1.057920000000000416e+00,6.687599999999999101e-01,3.800799999999999734e-01,1.560352615013171018e+00,1.211435594416762740e+00,7.781147283455767116e-01,2.167561262502315789e-01,3.833175340194243108e-01,6.630829402934904637e-01,6.745462602754436210e-01,4.352800000000000002e-01,1.526679999999999149e+00,4.797199999999997577e-01,1.553119999999999834e+00,4.993199999999995975e-01
5.423199999999995802e-01,8.159599999999997966e-01,9.253600000000000714e-01,1.413359999999999950e+00,1.497479999999999700e+00,1.595080000000000275e+00,1.551119999999999610e+00,6.916800000000000725e-01,6.205999999999999295e-01,2.124400000000001010e-01,5.407999999999978102e-02,4.571999999999985104e-02,5.363125372222429799e-02,8.324468352332774490e-01,1.064894337396393720e+00,1.311206981476218392e+00,1.201923739701092231e+00,9.132383490742286281e-01,9.130500891590318524e-01,2.930000000000002047e-01,9.421199999999998465e-01,1.068880000000000496e+00,6.633199999999999097e-01,3.748799999999999910e-01,1.564394420197932289e+00,1.213856006857032988e+00,7.823086079632469714e-01,2.064390794720308009e-01,3.758578946223672390e-01,6.608431574132673791e-01,6.727751284350843575e-01,4.336400000000000254e-01,1.527479999999999061e+00,4.840399999999997482e-01,1.553439999999999932e+00,5.042799999999996174e-01
5.405999999999995254e-01,8.132399999999997409e-01,9.250400000000000844e-01,1.417599999999999971e+00,1.500479999999999592e+00,1.592400000000000260e+00,1.553239999999999510e+00,7.002000000000000446e-01,6.187199999999999367e-01,2.016400000000000969e-01,5.179999999999977678e-02,4.535999999999984489e-02,5.143269145858901659e-02,8.324868352332774890e-01,1.068014337396393731e+00,1.320166981476218471e+00,1.208603739701092250e+00,9.148388123214363787e-01,9.120138550677969747e-01,2.822400000000002129e-01,9.415199999999998015e-01,1.079800000000000537e+00,6.569199999999999484e-01,3.682400000000000118e-01,1.563788646029658169e+00,1.217899012534948699e+00,7.803094771096164006e-01,1.964447489462579632e-01,3.656864261424640494e-01,6.598832251443536023e-01,6.685475448259473596e-01,4.358000000000000207e-01,1.526559999999999029e+00,4.878399999999997738e-01,1.554479999999999862e+00,5.087599999999996569e-01
5.378399999999995407e-01,8.133999999999997899e-01,9.211200000000000498e-01,1.422800000000000065e+00,1.501319999999999544e+00,1.592880000000000296e+00,1.553919999999999524e+00,7.016400000000000414e-01,6.158399999999999430e-01,1.954400000000000859e-01,4.827999999999977448e-02,3.871999999999985176e-02,5.018936050666208959e-02,8.316868352332774661e-01,1.068654337396393705e+00,1.333406981476218389e+00,1.221243739701092235e+00,9.149990255609158352e-01,9.140958278658307679e-01,2.737600000000002254e-01,9.467999999999997529e-01,1.091320000000000512e+00,6.569999999999999174e-01,3.600800000000000112e-01,1.566580680211540511e+00,1.220850079393410947e+00,7.805869905308068235e-01,1.849689488754743816e-01,3.561330135281058351e-01,6.582434703322496139e-01,6.653339721255941974e-01,4.331200000000000050e-01,1.534039999999998960e+00,4.873999999999997779e-01,1.554639999999999800e+00,5.047999999999996934e-01
5.372399999999994957e-01,8.100399999999997602e-01,9.193600000000000660e-01,1.430039999999999978e+00,1.505679999999999463e+00,1.592120000000000202e+00,1.555239999999999512e+00,7.080400000000000027e-01,6.158399999999999430e-01,1.884800000000000919e-01,4.587999999999976819e-02,3.935999999999984650e-02,4.619044574209675569e-02,8.332468352332774719e-01,1.071054337396393663e+00,1.342726981476218384e+00,1.227763739701092316e+00,9.170396630829481532e-01,9.131015007629759150e-01,2.689600000000001989e-01,9.485599999999997367e-01,1.099760000000000515e+00,6.517199999999998550e-01,3.545200000000000018e-01,1.564815447327960740e+00,1.227471325024071636e+00,7.829498756743585863e-01,1.752115210953840430e-01,3.480037375683533996e-01,6.580427889694445698e-01,6.628084522741047868e-01,4.369999999999999996e-01,1.534839999999998872e+00,4.892399999999997862e-01,1.552639999999999798e+00,5.097199999999997289e-01
5.316399999999994463e-01,8.049199999999997468e-01,9.114000000000000989e-01,1.438039999999999985e+00,1.507959999999999523e+00,1.592640000000000278e+00,1.556279999999999442e+00,7.073599999999999888e-01,6.158799999999999830e-01,1.828400000000000858e-01,3.915999999999976444e-02,3.331999999999984280e-02,4.495047963129959745e-02,8.363668352332774836e-01,1.076454337396393734e+00,1.350126981476218457e+00,1.234283739701092397e+00,9.167598224293220799e-01,9.131031039255922410e-01,2.610800000000002008e-01,9.537199999999996791e-01,1.107840000000000602e+00,6.483999999999998654e-01,3.421600000000000197e-01,1.570333640765234184e+00,1.230083465562807010e+00,7.834602899409580656e-01,1.701730730806479408e-01,3.401724640059681226e-01,6.554426076880681684e-01,6.613919956893626884e-01,4.406399999999999761e-01,1.537399999999998768e+00,4.947999999999997955e-01,1.552159999999999762e+00,5.099199999999997068e-01
5.272799999999994158e-01,8.014399999999997082e-01,9.126000000000000778e-01,1.443840000000000012e+00,1.511879999999999447e+00,1.591880000000000184e+00,1.555759999999999366e+00,7.144399999999999640e-01,6.129599999999999493e-01,1.751200000000000812e-01,3.867999999999976318e-02,3.183999999999984065e-02,4.175103235687095682e-02,8.429268352332774938e-01,1.078614337396393674e+00,1.359326981476218554e+00,1.243483739701092494e+00,9.210801728377490116e-01,9.121866855906332061e-01,2.539200000000002011e-01,9.551999999999997160e-01,1.115400000000000613e+00,6.457599999999998897e-01,3.378800000000000137e-01,1.573140757142835078e+00,1.232134992691968911e+00,7.883352159361790568e-01,1.598993175641594822e-01,3.274378836495624445e-01,6.504825393445374804e-01,6.542660978933094729e-01,4.390399999999999858e-01,1.535639999999998784e+00,4.948799999999997645e-01,1.553279999999999772e+00,5.117199999999997306e-01
5.225999999999993983e-01,7.964799999999997437e-01,9.114800000000000679e-01,1.448039999999999994e+00,1.513279999999999514e+00,1.590360000000000218e+00,1.557319999999999371e+00,7.189599999999999325e-01,6.144799999999999152e-01,1.688400000000000734e-01,3.871999999999976155e-02,2.779999999999984220e-02,4.230748018699371366e-02,8.431668352332775118e-01,1.083494337396393670e+00,1.366966981476218645e+00,1.252123739701092475e+00,9.216001152204505997e-01,9.154260846645044802e-01,2.497200000000002196e-01,9.589199999999996615e-01,1.123640000000000638e+00,6.415199999999998681e-01,3.357200000000000184e-01,1.572724848375399054e+00,1.235504415344411022e+00,7.847761944840359050e-01,1.536604947881352046e-01,3.194805541928070203e-01,6.471624365478422236e-01,6.529285878441571933e-01,4.425999999999999934e-01,1.535679999999998824e+00,4.953199999999997605e-01,1.552959999999999674e+00,5.155599999999996852e-01
5.225599999999993583e-01,7.935199999999997811e-01,9.091200000000000392e-01,1.452159999999999895e+00,1.515599999999999614e+00,1.587600000000000122e+00,1.557319999999999371e+00,7.237599999999999589e-01,6.148799999999998711e-01,1.657200000000000617e-01,3.363999999999976731e-02,2.371999999999984884e-02,3.918554014426364057e-02,8.467268352332775194e-01,1.086654337396393721e+00,1.377966981476218544e+00,1.261923739701092506e+00,9.281203876060569735e-01,9.169888238731406238e-01,2.384000000000002228e-01,9.622799999999996912e-01,1.130000000000000560e+00,6.393999999999998574e-01,3.304000000000000270e-01,1.574220942115930555e+00,1.238529997004839567e+00,7.849750765325266277e-01,1.450633039447390693e-01,3.129306370472486609e-01,6.424023439227255494e-01,6.488357074767124866e-01,4.404799999999999827e-01,1.537839999999998764e+00,4.945199999999997376e-01,1.551279999999999770e+00,5.138399999999996304e-01
5.170399999999993890e-01,7.914399999999998103e-01,9.080400000000000693e-01,1.460559999999999858e+00,1.520519999999999650e+00,1.587200000000000166e+00,1.553959999999999342e+00,7.282799999999999274e-01,6.139599999999998392e-01,1.572000000000000619e-01,2.807999999999976834e-02,1.903999999999985218e-02,3.638466899014799333e-02,8.504868352332775050e-01,1.090374337396393667e+00,1.388006981476218593e+00,1.267243739701092498e+00,9.301206029643103168e-01,9.181106149620227308e-01,2.300400000000002165e-01,9.603199999999997294e-01,1.140160000000000506e+00,6.360399999999998277e-01,3.261200000000000210e-01,1.577143056051973247e+00,1.240605457088467034e+00,7.855742638881659801e-01,1.363429038386319014e-01,3.059644222139615288e-01,6.393623163886582583e-01,6.497491047159885680e-01,4.430399999999999894e-01,1.537679999999998826e+00,4.931199999999997252e-01,1.552319999999999700e+00,5.170399999999996110e-01
5.096399999999994268e-01,7.861599999999997479e-01,9.084800000000000653e-01,1.461839999999999806e+00,1.518679999999999586e+00,1.588120000000000198e+00,1.558279999999999443e+00,7.329999999999998739e-01,6.113199999999998635e-01,1.500800000000000745e-01,2.427999999999976358e-02,1.683999999999984815e-02,3.294422190750584400e-02,8.534468352332774677e-01,1.090774337396393623e+00,1.396326981476218698e+00,1.276643739701092573e+00,9.329608849502358803e-01,9.185124496583144671e-01,2.239600000000002145e-01,9.621999999999997222e-01,1.149400000000000421e+00,6.321599999999998332e-01,3.264400000000000079e-01,1.584412627161831288e+00,1.242039490380869138e+00,7.835715765995805437e-01,1.315423914108491410e-01,2.958534652151015298e-01,6.368423339778531700e-01,6.511045859151082249e-01,4.407999999999999696e-01,1.537439999999998808e+00,4.957599999999997009e-01,1.553159999999999652e+00,5.168399999999996330e-01
5.023999999999994026e-01,7.819999999999996954e-01,9.050000000000000266e-01,1.463159999999999794e+00,1.519279999999999520e+00,1.582600000000000229e+00,1.560199999999999365e+00,7.389999999999998792e-01,6.081599999999999229e-01,1.432800000000000740e-01,2.143999999999975439e-02,1.711999999999985062e-02,3.374358791888549397e-02,8.544868352332775086e-01,1.095774337396393516e+00,1.407046981476218761e+00,1.286883739701092599e+00,9.352408358623152118e-01,9.195120546313628740e-01,2.167600000000002303e-01,9.630399999999996741e-01,1.158560000000000478e+00,6.266399999999998638e-01,3.204000000000000181e-01,1.585597144167348871e+00,1.245431335225625880e+00,7.810497916489592685e-01,1.247418011863993953e-01,2.931011643936008992e-01,6.288821958024718439e-01,6.531727101249157341e-01,4.415199999999999680e-01,1.538119999999998821e+00,4.963199999999997059e-01,1.551999999999999602e+00,5.189999999999995728e-01
4.995199999999994089e-01,7.828399999999996473e-01,9.064400000000000235e-01,1.471759999999999735e+00,1.520679999999999588e+00,1.581200000000000161e+00,1.564319999999999267e+00,7.417199999999999349e-01,6.040799999999999503e-01,1.352000000000000701e-01,1.683999999999975100e-02,1.435999999999985552e-02,3.458251526412930987e-02,8.553268352332774604e-01,1.096854337396393486e+00,1.413486981476218762e+00,1.294683739701092628e+00,9.404007938932895660e-01,9.210316049450378850e-01,2.103200000000002290e-01,9.630399999999996741e-01,1.167760000000000575e+00,6.210399999999998144e-01,3.137199999999999989e-01,1.587201228157103294e+00,1.243756813764389069e+00,7.826085584248513305e-01,1.186223013688540856e-01,2.817138797659277105e-01,6.226023875764755688e-01,6.519815221659671645e-01,4.427999999999999714e-01,1.537599999999998746e+00,4.973999999999996757e-01,1.550759999999999694e+00,5.235199999999995413e-01
4.963199999999994283e-01,7.797599999999996756e-01,8.994400000000000173e-01,1.477319999999999744e+00,1.523479999999999501e+00,1.581560000000000077e+00,1.560679999999999179e+00,7.429599999999999538e-01,6.017599999999999616e-01,1.334000000000000741e-01,1.391999999999975202e-02,1.223999999999985516e-02,3.218198686971011913e-02,8.561668352332774123e-01,1.100454337396393534e+00,1.419406981476218688e+00,1.300963739701092692e+00,9.370008600016438427e-01,9.222328479822872183e-01,2.058400000000002450e-01,9.644399999999996309e-01,1.177640000000000686e+00,6.185599999999997767e-01,3.090800000000000214e-01,1.589048042778524072e+00,1.249001059909899958e+00,7.843258100648912157e-01,1.091826665175668065e-01,2.762678337002497098e-01,6.203221873450212032e-01,6.508449644746964191e-01,4.417599999999999860e-01,1.535839999999998762e+00,5.001599999999997159e-01,1.552159999999999762e+00,5.265999999999995129e-01
4.956799999999993989e-01,7.758399999999996410e-01,8.974800000000000555e-01,1.481119999999999770e+00,1.523559999999999581e+00,1.580920000000000103e+00,1.566919999999999202e+00,7.467599999999999794e-01,6.036399999999999544e-01,1.268400000000000638e-01,1.063999999999975729e-02,9.639999999999853547e-03,3.042250654522613007e-02,8.586068352332774101e-01,1.104294337396393599e+00,1.422166981476218783e+00,1.307123739701092635e+00,9.412009271695099821e-01,9.206736153266540379e-01,1.991200000000002412e-01,9.673999999999995936e-01,1.185760000000000591e+00,6.139599999999997282e-01,3.024800000000000266e-01,1.590355686087454590e+00,1.253567407325078653e+00,7.870040063291441346e-01,1.065031533267043612e-01,2.691122405454292044e-01,6.210018010420516044e-01,6.489494522950969291e-01,4.419599999999999640e-01,1.537999999999998701e+00,5.034399999999996655e-01,1.554199999999999804e+00,5.272799999999995268e-01
4.939999999999993840e-01,7.718399999999996375e-01,8.936400000000001009e-01,1.486599999999999699e+00,1.527799999999999603e+00,1.581720000000000015e+00,1.564879999999999161e+00,7.493199999999999861e-01,6.067999999999998950e-01,1.234400000000000774e-01,9.159999999999755144e-03,1.011999999999985654e-02,2.458273551406318924e-02,8.613668352332773948e-01,1.105054337396393693e+00,1.429086981476218821e+00,1.309563739701092633e+00,9.477210046526787224e-01,9.195953238831454657e-01,1.924000000000002375e-01,9.670799999999996066e-01,1.194080000000000696e+00,6.083199999999997498e-01,2.993200000000000305e-01,1.590128784516897431e+00,1.259009002913877628e+00,7.910845637292335253e-01,9.846327750001261647e-02,2.605718695955125952e-01,6.161216407296269404e-01,6.484536778336350560e-01,4.351199999999999513e-01,1.539039999999998631e+00,5.046399999999996444e-01,1.557759999999999811e+00,5.293999999999995376e-01
4.930799999999993521e-01,7.706799999999995876e-01,8.920400000000000551e-01,1.491399999999999615e+00,1.526279999999999637e+00,1.581960000000000033e+00,1.566559999999999064e+00,7.536399999999999766e-01,6.052399999999998892e-01,1.196800000000000780e-01,8.919999999999747575e-03,1.411999999999984795e-02,2.110283881973944523e-02,8.630868352332773386e-01,1.108934337396393799e+00,1.432726981476218908e+00,1.318323739701092734e+00,9.508810637225378892e-01,9.189962355305226760e-01,1.854400000000002435e-01,9.716799999999995441e-01,1.199400000000000688e+00,6.052399999999997782e-01,2.989200000000000190e-01,1.590924853742107015e+00,1.261361780699501223e+00,7.945623942718432753e-01,8.966275920272055722e-02,2.527425583626502492e-01,6.156415333485705244e-01,6.509674709616667387e-01,4.346399999999999708e-01,1.540559999999998597e+00,5.082399999999996920e-01,1.556119999999999726e+00,5.308399999999995345e-01
4.887999999999993461e-01,7.656399999999995432e-01,8.897200000000000664e-01,1.493319999999999537e+00,1.528839999999999755e+00,1.579320000000000057e+00,1.567279999999999118e+00,7.575999999999999401e-01,6.035999999999999144e-01,1.189200000000000812e-01,9.799999999999749883e-03,1.355999999999985342e-02,2.122127106621659806e-02,8.677668352332773560e-01,1.109814337396393791e+00,1.438486981476218896e+00,1.325603739701092687e+00,9.545610623319584764e-01,9.233961944948578804e-01,1.758800000000002306e-01,9.733999999999995989e-01,1.205240000000000755e+00,6.038799999999997503e-01,2.963600000000000123e-01,1.588885585122937316e+00,1.263395660262424114e+00,7.927656545255384879e-01,8.446225029689864716e-02,2.460730161596587362e-01,6.128815111073916411e-01,6.529628937752250950e-01,4.372799999999999465e-01,1.543439999999998591e+00,5.107599999999996587e-01,1.557079999999999798e+00,5.343599999999995021e-01
4.878799999999993697e-01,7.654799999999994942e-01,8.880400000000000515e-01,1.495479999999999476e+00,1.524759999999999671e+00,1.577080000000000037e+00,1.567039999999999100e+00,7.582399999999999141e-01,6.021599999999999175e-01,1.156800000000000883e-01,1.207999999999974372e-02,1.543999999999984621e-02,1.814204209574325072e-02,8.708068352332773987e-01,1.113934337396393692e+00,1.442886981476218855e+00,1.335563739701092656e+00,9.604810902661962135e-01,9.208371868904721147e-01,1.652800000000002323e-01,9.752799999999995917e-01,1.208040000000000669e+00,5.995999999999997998e-01,2.894800000000000151e-01,1.588871750818448003e+00,1.265955943643565451e+00,7.935657323903391180e-01,8.290227694857960072e-02,2.388741436979699151e-01,6.066014511822940269e-01,6.529155836002294988e-01,4.386799999999999589e-01,1.545319999999998695e+00,5.094799999999995999e-01,1.555519999999999792e+00,5.359199999999995079e-01
4.818799999999993644e-01,7.587999999999994749e-01,8.833600000000000341e-01,1.500119999999999454e+00,1.526159999999999739e+00,1.578240000000000087e+00,1.567879999999999052e+00,7.563599999999999213e-01,6.079199999999999049e-01,1.140000000000000874e-01,7.279999999999737202e-03,1.303999999999984338e-02,1.982283018610114106e-02,8.763268352332773681e-01,1.115934337396393694e+00,1.450326981476218968e+00,1.341523739701092621e+00,9.647210725338274395e-01,9.186765390302434886e-01,1.560000000000002218e-01,9.772399999999995535e-01,1.213640000000000718e+00,6.021199999999997665e-01,2.827600000000000113e-01,1.592535847639674706e+00,1.264046664618035276e+00,7.924415915578121306e-01,7.930322397233738330e-02,2.303105783929253469e-01,6.041615090140660671e-01,6.490818582817438065e-01,4.372399999999999620e-01,1.548679999999998724e+00,5.064799999999995972e-01,1.554239999999999844e+00,5.379599999999995497e-01
4.762799999999993705e-01,7.539199999999994795e-01,8.758799999999999919e-01,1.505439999999999445e+00,1.530079999999999663e+00,1.576320000000000165e+00,1.567839999999999012e+00,7.557999999999999163e-01,6.044399999999998663e-01,1.094400000000000789e-01,7.439999999999741959e-03,1.095999999999985007e-02,1.962277004155508001e-02,8.799268352332774157e-01,1.116734337396393606e+00,1.455046981476219026e+00,1.346363739701092577e+00,9.696810739726633432e-01,9.187566001822288220e-01,1.564800000000002300e-01,9.793999999999996042e-01,1.220360000000000777e+00,5.973199999999997400e-01,2.789599999999999858e-01,1.592012191456644965e+00,1.264563053674111259e+00,7.912017952779157870e-01,7.550293164472905716e-02,2.271900769673739495e-01,5.989615141564862411e-01,6.506015470950115009e-01,4.380799999999999694e-01,1.548239999999998728e+00,5.108799999999995567e-01,1.553319999999999812e+00,5.395199999999995555e-01
4.770799999999993934e-01,7.486799999999994570e-01,8.707599999999999785e-01,1.508599999999999497e+00,1.534799999999999720e+00,1.582360000000000211e+00,1.572039999999998994e+00,7.569999999999998952e-01,6.018399999999998196e-01,1.034800000000000719e-01,3.919999999999738798e-03,9.239999999999849029e-03,2.130174400931475129e-02,8.802868352332774426e-01,1.121174337396393605e+00,1.461046981476219031e+00,1.352483739701092480e+00,9.765210631973187949e-01,9.220761034277270562e-01,1.526000000000002355e-01,9.774399999999996425e-01,1.226800000000000779e+00,5.937999999999997724e-01,2.742399999999999838e-01,1.593712599860302337e+00,1.270322576014791149e+00,7.965598213103096681e-01,6.846289654850967743e-02,2.182236736230495078e-01,5.973614024122944066e-01,6.508289591642870686e-01,4.375999999999999890e-01,1.550279999999998770e+00,5.118799999999995576e-01,1.553719999999999768e+00,5.393999999999995465e-01
4.716399999999993931e-01,7.455599999999994454e-01,8.698399999999999466e-01,1.513239999999999474e+00,1.538639999999999786e+00,1.580360000000000209e+00,1.572239999999998972e+00,7.577599999999998781e-01,6.011999999999998456e-01,9.760000000000007558e-02,3.199999999999740379e-03,1.135999999999984938e-02,2.266150528046270707e-02,8.830468352244693619e-01,1.123214337367803406e+00,1.463886980992536557e+00,1.359363738808273103e+00,9.736810631973188412e-01,9.231558098151653180e-01,1.489600000000002311e-01,9.777599999999996294e-01,1.236680000000000668e+00,5.897999999999997689e-01,2.665599999999999636e-01,1.593875296903437100e+00,1.274125740906823623e+00,7.987999525900705278e-01,6.594312071936228592e-02,2.121717131654558275e-01,5.959614821085819081e-01,6.491815307683043157e-01,4.411599999999999966e-01,1.553159999999998764e+00,5.104799999999996007e-01,1.555079999999999796e+00,5.396799999999994935e-01
4.666799999999993731e-01,7.400399999999994760e-01,8.707999999999999075e-01,1.518079999999999430e+00,1.535999999999999810e+00,1.576320000000000165e+00,1.573279999999998902e+00,7.591999999999998749e-01,6.003999999999998227e-01,9.620000000000009099e-02,1.399999999999738259e-03,1.055999999999984902e-02,2.166208647370215096e-02,8.843268352295423629e-01,1.125174337384473366e+00,1.463526981298507668e+00,1.363843739397553989e+00,9.744010631973188952e-01,9.212761201985628645e-01,1.452400000000002300e-01,9.828799999999996428e-01,1.241480000000000583e+00,5.899199999999997779e-01,2.645999999999999464e-01,1.597765432898231142e+00,1.277725367529674472e+00,7.948751187729446999e-01,6.258309017132822338e-02,2.031728446694688606e-01,5.901216091506188421e-01,6.493756575133196041e-01,4.426399999999999779e-01,1.552999999999998826e+00,5.156799999999995832e-01,1.552479999999999860e+00,5.440799999999994530e-01
4.694399999999993578e-01,7.399199999999994670e-01,8.685199999999999587e-01,1.521439999999999459e+00,1.536039999999999850e+00,1.574760000000000160e+00,1.574719999999999009e+00,7.634799999999998255e-01,6.007599999999998497e-01,9.264000000000009727e-02,1.319999999999735881e-03,1.099999999999985538e-02,2.118179014832612811e-02,8.825668352319031573e-01,1.127494337392378920e+00,1.472406981456837682e+00,1.368003739658175233e+00,9.782410631973188497e-01,9.221962721513432548e-01,1.420000000000002371e-01,9.829999999999996518e-01,1.246160000000000601e+00,5.852799999999998004e-01,2.619199999999999307e-01,1.595523474390354801e+00,1.285208363325331504e+00,7.994780848106056714e-01,5.830334070621492198e-02,1.990885815305918072e-01,5.878017055214015407e-01,6.477617108695402637e-01,4.409599999999999631e-01,1.552239999999998732e+00,5.089999999999995639e-01,1.553159999999999874e+00,5.425199999999994471e-01
4.652799999999993608e-01,7.341599999999994797e-01,8.650799999999999601e-01,1.521199999999999442e+00,1.535839999999999872e+00,1.576160000000000228e+00,1.572679999999998968e+00,7.645999999999998353e-01,5.997199999999998088e-01,9.160000000000009801e-02,3.919999999999737930e-03,1.387999999999985946e-02,1.830237398916676958e-02,8.815668352470292790e-01,1.129534337442663183e+00,1.475286982530490620e+00,1.373683741291270133e+00,9.783210631973188187e-01,9.199570284675588905e-01,1.388400000000002410e-01,9.877999999999996783e-01,1.254520000000000524e+00,5.838799999999998436e-01,2.562799999999999523e-01,1.596947420645640214e+00,1.283127704102230870e+00,8.038370570464633547e-01,5.430328876375064423e-02,1.934312709993165902e-01,5.855219103717033136e-01,6.481254694428373320e-01,4.423599999999999755e-01,1.552759999999998808e+00,5.151999999999995472e-01,1.553519999999999790e+00,5.489999999999994884e-01
4.662799999999993616e-01,7.332399999999994478e-01,8.622400000000000064e-01,1.524119999999999475e+00,1.536559999999999926e+00,1.580320000000000169e+00,1.569079999999998920e+00,7.675199999999998690e-01,6.000399999999997958e-01,8.980000000000010196e-02,5.759999999999734950e-03,1.075999999999985822e-02,1.254270165978841819e-02,8.834468352666862145e-01,1.129734337508588649e+00,1.476806983939777274e+00,1.377683743429979346e+00,9.830810631973188052e-01,9.189589301063009197e-01,1.332000000000002349e-01,9.933199999999996477e-01,1.258520000000000527e+00,5.857199999999999074e-01,2.502799999999999470e-01,1.594969170198587305e+00,1.286286107287424763e+00,8.076787387021607811e-01,5.254315617273701972e-02,1.918420892456439153e-01,5.832819371274627906e-01,6.489595979006376192e-01,4.417599999999999860e-01,1.552279999999998772e+00,5.119599999999995266e-01,1.554159999999999764e+00,5.539199999999995239e-01
4.627999999999993785e-01,7.284399999999994213e-01,8.590400000000000258e-01,1.527439999999999465e+00,1.538599999999999968e+00,1.575440000000000174e+00,1.570279999999999010e+00,7.720399999999998375e-01,5.990799999999998349e-01,8.720000000000009688e-02,6.359999999999724381e-03,1.275999999999984785e-02,1.622243938916790099e-02,8.859668352666861812e-01,1.132334337508588584e+00,1.487486983939777296e+00,1.379323743429979432e+00,9.851610550575506942e-01,9.202381889299036111e-01,1.289600000000002411e-01,9.913999999999996149e-01,1.265240000000000586e+00,5.879599999999999271e-01,2.492399999999999616e-01,1.595352227071739515e+00,1.289809146867905598e+00,8.132384304336044423e-01,5.166339041457856940e-02,1.870573762214064739e-01,5.820019014021036163e-01,6.470339406119842707e-01,4.436399999999999788e-01,1.550879999999998704e+00,5.095999999999994978e-01,1.550879999999999814e+00,5.545199999999994578e-01
4.563599999999993773e-01,7.266799999999994375e-01,8.570800000000000640e-01,1.526239999999999375e+00,1.538920000000000066e+00,1.572520000000000140e+00,1.569639999999999036e+00,7.727999999999998204e-01,5.952399999999998803e-01,8.084000000000010622e-02,2.599999999999728396e-03,1.067999999999985454e-02,1.382231045337809286e-02,8.854868352666861453e-01,1.137614337508588536e+00,1.488486983939777186e+00,1.381963743429979408e+00,9.881610564588787504e-01,9.208386972634551304e-01,1.231600000000002415e-01,9.963599999999995793e-01,1.269680000000000586e+00,5.868799999999999573e-01,2.438799999999999579e-01,1.597015766589119590e+00,1.293452035657252086e+00,8.158381521680669879e-01,5.062360088680315645e-02,1.811099746750435835e-01,5.800818926749702342e-01,6.453079784062761837e-01,4.475199999999999734e-01,1.549759999999998694e+00,5.123999999999995225e-01,1.552239999999999842e+00,5.553999999999994497e-01
4.551999999999993829e-01,7.294399999999994222e-01,8.525200000000000555e-01,1.532839999999999314e+00,1.539959999999999996e+00,1.571440000000000170e+00,1.571119999999998962e+00,7.753999999999998671e-01,5.944399999999998574e-01,7.376000000000010326e-02,2.959999999999733244e-03,9.439999999999858227e-03,1.594349122879007777e-02,8.883668352666861390e-01,1.141694337508588619e+00,1.489246983939777280e+00,1.392483743429979492e+00,9.922410537303287814e-01,9.158781901035016881e-01,1.179200000000002468e-01,9.969199999999995843e-01,1.279080000000000661e+00,5.816799999999999748e-01,2.374799999999999689e-01,1.595890720891822934e+00,1.291932094044064616e+00,8.140787858210756234e-01,4.770360514518263290e-02,1.799411742173299134e-01,5.788419026761885133e-01,6.452705022937156309e-01,4.464799999999999880e-01,1.548119999999998608e+00,5.145999999999995023e-01,1.548679999999999835e+00,5.544399999999994888e-01
4.495599999999994045e-01,7.225599999999994250e-01,8.483600000000000030e-01,1.532759999999999234e+00,1.540519999999999889e+00,1.569360000000000088e+00,1.566999999999999060e+00,7.778399999999998649e-01,5.907199999999998008e-01,7.000000000000010381e-02,2.519999999999726018e-03,1.303999999999985032e-02,1.530275378726489791e-02,8.899268352666861448e-01,1.137614337508588536e+00,1.491366983942660873e+00,1.393883743433748990e+00,9.975610537303287728e-01,9.195583184944042809e-01,1.120000000000002383e-01,9.999999999999995559e-01,1.283240000000000602e+00,5.826799999999999757e-01,2.354399999999999826e-01,1.594379353852859449e+00,1.293246531022600676e+00,8.148786256177038556e-01,5.054315836775914728e-02,1.744313238736700800e-01,5.767619152251710624e-01,6.499086245859131417e-01,4.478800000000000003e-01,1.547119999999998718e+00,5.127599999999995495e-01,1.547999999999999821e+00,5.582799999999994434e-01
4.497999999999994225e-01,7.222399999999994380e-01,8.441199999999999815e-01,1.530919999999999170e+00,1.544679999999999831e+00,1.570359999999999978e+00,1.569319999999999160e+00,7.828399999999998693e-01,5.911199999999997567e-01,6.644000000000011008e-02,1.879999999999718702e-03,1.199999999999984239e-02,1.394234233012257157e-02,8.918068352683088396e-01,1.141974337514124915e+00,1.498446984100763490e+00,1.395963743644703436e+00,1.002601058473946871e+00,9.208787231111442706e-01,1.072000000000002395e-01,1.000879999999999548e+00,1.289640000000000564e+00,5.802399999999999780e-01,2.308799999999999741e-01,1.595922585388045878e+00,1.296250676672648927e+00,8.157980862974241187e-01,5.302354572176688763e-02,1.699799496800556420e-01,5.716018755231261350e-01,6.467444442351563128e-01,4.474799999999999889e-01,1.546839999999998660e+00,5.117599999999995486e-01,1.550039999999999862e+00,5.579599999999994564e-01
4.459599999999994124e-01,7.201999999999993962e-01,8.406799999999999828e-01,1.533159999999999190e+00,1.551079999999999792e+00,1.574919999999999876e+00,1.572159999999999114e+00,7.869999999999999218e-01,5.898399999999996979e-01,6.336000000000011068e-02,1.359999999999720374e-03,1.087999999999984292e-02,1.350195912371642860e-02,8.948868352683088112e-01,1.147014337514316251e+00,1.502046984105985583e+00,1.402403743653005019e+00,1.001281058990899142e+00,9.228388095189764551e-01,1.030400000000002425e-01,1.002919999999999590e+00,1.293600000000000527e+00,5.799199999999999910e-01,2.279999999999999805e-01,1.592555294293186208e+00,1.300242729038124878e+00,8.153984961085224414e-01,4.614287956321070500e-02,1.707793532656675106e-01,5.666818607587937873e-01,6.536605085909859003e-01,4.460000000000000075e-01,1.544519999999998561e+00,5.145599999999995733e-01,1.551999999999999824e+00,5.630399999999994298e-01
4.428799999999993853e-01,7.168799999999994066e-01,8.385599999999999721e-01,1.534879999999999134e+00,1.547199999999999687e+00,1.578639999999999821e+00,1.568719999999999004e+00,7.871999999999998998e-01,5.882799999999996921e-01,5.876000000000010381e-02,4.359999999999723472e-03,9.199999999999838515e-03,1.570196451552016703e-02,8.981668352665675981e-01,1.150334337508381877e+00,1.504926983933529305e+00,1.407403743311410826e+00,1.003841058990899038e+00,9.227984602669948577e-01,1.042400000000002491e-01,1.003039999999999488e+00,1.302520000000000566e+00,5.764799999999999924e-01,2.256799999999999917e-01,1.593161968480138801e+00,1.303044616222764462e+00,8.175583824572189018e-01,4.018303701761268693e-02,1.692644660355539787e-01,5.684818729062737219e-01,6.517781980253808394e-01,4.441200000000000148e-01,1.542959999999998555e+00,5.131599999999996164e-01,1.553479999999999750e+00,5.676799999999994073e-01
4.411999999999993705e-01,7.141199999999994219e-01,8.362399999999999833e-01,1.536119999999999042e+00,1.546799999999999731e+00,1.577119999999999855e+00,1.567559999999998954e+00,7.877999999999999448e-01,5.925199999999997136e-01,5.372000000000010100e-02,2.559999999999721786e-03,9.239999999999833416e-03,1.114231574946496911e-02,9.002868352665676088e-01,1.153894337508381884e+00,1.508766983933529371e+00,1.409083743311410730e+00,1.004881065594942280e+00,9.203991306090907321e-01,1.015200000000002489e-01,1.005759999999999543e+00,1.307880000000000598e+00,5.764000000000000234e-01,2.203199999999999881e-01,1.595404370725193033e+00,1.304169952544793842e+00,8.212383815757133831e-01,3.950342040194480125e-02,1.685000754683780300e-01,5.691618632569624969e-01,6.459372139731387463e-01,4.418400000000000105e-01,1.542279999999998541e+00,5.077999999999995850e-01,1.551759999999999806e+00,5.641199999999993997e-01
